Team,Season,Key,SponsorName,Industry,Retained,Tenure,LeftCensored,TeamSponsorCount,MeanRaceFinishPos,MeanQualifyingPos,QualRaceCorrelation,PositionChange_Std,PointsPerRace,LogTenure,PredStability,SeasonCentered
Alpine/Renault,2018,renault,Renault,Automotive,0,1,1,30,11.07,10.57,0.7138,2.16,5.81,0.0,-2.16,-3
Alpine/Renault,2018,castrol,Castrol,Energy,1,1,1,30,11.07,10.57,0.7138,2.16,5.81,0.0,-2.16,-3
Alpine/Renault,2018,infiniti,Infiniti,Automotive,1,1,1,30,11.07,10.57,0.7138,2.16,5.81,0.0,-2.16,-3
Alpine/Renault,2018,rcibankandservices,RCI Bank and Services,Financial Services,0,1,1,30,11.07,10.57,0.7138,2.16,5.81,0.0,-2.16,-3
Alpine/Renault,2018,estrellagalicia,Estrella Galicia,Food & Beverage,0,1,1,30,11.07,10.57,0.7138,2.16,5.81,0.0,-2.16,-3
Alpine/Renault,2018,mapfre,Mapfre,Financial Services,1,1,1,30,11.07,10.57,0.7138,2.16,5.81,0.0,-2.16,-3
Alpine/Renault,2018,microsoft,Microsoft,Technology,0,1,1,30,11.07,10.57,0.7138,2.16,5.81,0.0,-2.16,-3
Alpine/Renault,2018,eurodatacar,Eurodatacar,Technology,1,1,1,30,11.07,10.57,0.7138,2.16,5.81,0.0,-2.16,-3
Alpine/Renault,2018,bellross,Bell & Ross,Luxury Watches,1,1,1,30,11.07,10.57,0.7138,2.16,5.81,0.0,-2.16,-3
Alpine/Renault,2018,bpultimate,BP Ultimate,Energy,1,1,1,30,11.07,10.57,0.7138,2.16,5.81,0.0,-2.16,-3
Alpine/Renault,2018,tmall,Tmall,Technology,1,1,1,30,11.07,10.57,0.7138,2.16,5.81,0.0,-2.16,-3
Alpine/Renault,2018,laliga,LaLiga,Media & Entertainment,0,1,1,30,11.07,10.57,0.7138,2.16,5.81,0.0,-2.16,-3
Alpine/Renault,2018,geniicapital,Genii,Financial Services,1,1,1,30,11.07,10.57,0.7138,2.16,5.81,0.0,-2.16,-3
Alpine/Renault,2018,3dsystems,3D Systems,Technology,1,1,1,30,11.07,10.57,0.7138,2.16,5.81,0.0,-2.16,-3
Alpine/Renault,2018,alpinestars,Alpinestars,Apparel & Sportswear,1,1,1,30,11.07,10.57,0.7138,2.16,5.81,0.0,-2.16,-3
Alpine/Renault,2018,athleticpropulsionlabs,Athletic Propulsion Labs,Apparel & Sportswear,0,1,1,30,11.07,10.57,0.7138,2.16,5.81,0.0,-2.16,-3
Alpine/Renault,2018,boeing,Boeing,Industrial & Aerospace,1,1,1,30,11.07,10.57,0.7138,2.16,5.81,0.0,-2.16,-3
Alpine/Renault,2018,breton,Breton,Industrial & Aerospace,1,1,1,30,11.07,10.57,0.7138,2.16,5.81,0.0,-2.16,-3
Alpine/Renault,2018,elysium,Elysium,Technology,1,1,1,30,11.07,10.57,0.7138,2.16,5.81,0.0,-2.16,-3
Alpine/Renault,2018,gfmachiningsolutions,GF Machining Solutions,Industrial & Aerospace,0,1,1,30,11.07,10.57,0.7138,2.16,5.81,0.0,-2.16,-3
Alpine/Renault,2018,goodwillprivatejets,Goodwill Private Jets,"Travel, Hospitality & Logistics",0,1,1,30,11.07,10.57,0.7138,2.16,5.81,0.0,-2.16,-3
Alpine/Renault,2018,hechter,Hechter,Apparel & Sportswear,0,1,1,30,11.07,10.57,0.7138,2.16,5.81,0.0,-2.16,-3
Alpine/Renault,2018,ixell,Ixell,Automotive,0,1,1,30,11.07,10.57,0.7138,2.16,5.81,0.0,-2.16,-3
Alpine/Renault,2018,lecoqsportif,Le Coq Sportif,Apparel & Sportswear,1,1,1,30,11.07,10.57,0.7138,2.16,5.81,0.0,-2.16,-3
Alpine/Renault,2018,matrix,Matrix,Technology,0,1,1,30,11.07,10.57,0.7138,2.16,5.81,0.0,-2.16,-3
Alpine/Renault,2018,oz,OZ,Automotive,0,1,1,30,11.07,10.57,0.7138,2.16,5.81,0.0,-2.16,-3
Alpine/Renault,2018,perkinelmer,PerkinElmer,Other,0,1,1,30,11.07,10.57,0.7138,2.16,5.81,0.0,-2.16,-3
Alpine/Renault,2018,pirelli,Pirelli,Automotive,1,1,1,30,11.07,10.57,0.7138,2.16,5.81,0.0,-2.16,-3
Alpine/Renault,2018,siemens,Siemens,Industrial & Aerospace,1,1,1,30,11.07,10.57,0.7138,2.16,5.81,0.0,-2.16,-3
Alpine/Renault,2018,yxlon,YXLON,Industrial & Aerospace,0,1,1,30,11.07,10.57,0.7138,2.16,5.81,0.0,-2.16,-3
Alpine/Renault,2019,castrol,Castrol,Energy,1,2,1,20,11.98,10.76,0.61,3.11,4.33,0.6931471805599453,-3.11,-2
Alpine/Renault,2019,infiniti,Infiniti,Automotive,1,2,1,20,11.98,10.76,0.61,3.11,4.33,0.6931471805599453,-3.11,-2
Alpine/Renault,2019,rci,RCI,Financial Services,1,1,0,20,11.98,10.76,0.61,3.11,4.33,0.0,-3.11,-2
Alpine/Renault,2019,mapfre,Mapfre,Financial Services,1,2,1,20,11.98,10.76,0.61,3.11,4.33,0.6931471805599453,-3.11,-2
Alpine/Renault,2019,bpultimate,BP Ultimate,Energy,1,2,1,20,11.98,10.76,0.61,3.11,4.33,0.6931471805599453,-3.11,-2
Alpine/Renault,2019,eurodatacar,Euro DataCar,Technology,1,2,1,20,11.98,10.76,0.61,3.11,4.33,0.6931471805599453,-3.11,-2
Alpine/Renault,2019,bellross,Bell & Ross,Luxury Watches,1,2,1,20,11.98,10.76,0.61,3.11,4.33,0.6931471805599453,-3.11,-2
Alpine/Renault,2019,tmall,Tmall,Technology,1,2,1,20,11.98,10.76,0.61,3.11,4.33,0.6931471805599453,-3.11,-2
Alpine/Renault,2019,geniicapital,Genii,Financial Services,1,2,1,20,11.98,10.76,0.61,3.11,4.33,0.6931471805599453,-3.11,-2
Alpine/Renault,2019,3dsystems,3D Systems,Technology,1,2,1,20,11.98,10.76,0.61,3.11,4.33,0.6931471805599453,-3.11,-2
Alpine/Renault,2019,boeing,Boeing,Industrial & Aerospace,1,2,1,20,11.98,10.76,0.61,3.11,4.33,0.6931471805599453,-3.11,-2
Alpine/Renault,2019,breton,Breton,Industrial & Aerospace,1,2,1,20,11.98,10.76,0.61,3.11,4.33,0.6931471805599453,-3.11,-2
Alpine/Renault,2019,elysium,Elysium,Technology,1,2,1,20,11.98,10.76,0.61,3.11,4.33,0.6931471805599453,-3.11,-2
Alpine/Renault,2019,gf,GF+,Industrial & Aerospace,0,1,0,20,11.98,10.76,0.61,3.11,4.33,0.0,-3.11,-2
Alpine/Renault,2019,siemens,Siemens,Industrial & Aerospace,1,2,1,20,11.98,10.76,0.61,3.11,4.33,0.6931471805599453,-3.11,-2
Alpine/Renault,2019,alpinestars,Alpinestars,Apparel & Sportswear,1,2,1,20,11.98,10.76,0.61,3.11,4.33,0.6931471805599453,-3.11,-2
Alpine/Renault,2019,pirelli,Pirelli,Automotive,1,2,1,20,11.98,10.76,0.61,3.11,4.33,0.6931471805599453,-3.11,-2
Alpine/Renault,2019,lecoqsportif,Le Coq Sportif,Apparel & Sportswear,1,2,1,20,11.98,10.76,0.61,3.11,4.33,0.6931471805599453,-3.11,-2
Alpine/Renault,2019,ozracing,Oz Racing,Automotive,1,1,0,20,11.98,10.76,0.61,3.11,4.33,0.0,-3.11,-2
Alpine/Renault,2019,renaultpro,Renault Pro+,Automotive,0,1,0,20,11.98,10.76,0.61,3.11,4.33,0.0,-3.11,-2
Alpine/Renault,2020,dpworld,DP World,"Travel, Hospitality & Logistics",0,1,0,33,8.94,8.82,0.3506,3.19,10.65,0.0,-3.19,-1
Alpine/Renault,2020,castrol,Castrol,Energy,1,3,1,33,8.94,8.82,0.3506,3.19,10.65,1.0986122886681098,-3.19,-1
Alpine/Renault,2020,infiniti,Infiniti,Automotive,0,3,1,33,8.94,8.82,0.3506,3.19,10.65,1.0986122886681098,-3.19,-1
Alpine/Renault,2020,rci,RCi,Financial Services,1,2,0,33,8.94,8.82,0.3506,3.19,10.65,0.6931471805599453,-3.19,-1
Alpine/Renault,2020,mapfre,MAPFRE,Financial Services,1,3,1,33,8.94,8.82,0.3506,3.19,10.65,1.0986122886681098,-3.19,-1
Alpine/Renault,2020,bpultimate,BP Ultimate,Energy,1,3,1,33,8.94,8.82,0.3506,3.19,10.65,1.0986122886681098,-3.19,-1
Alpine/Renault,2020,dupont,Dupont,Industrial & Aerospace,1,1,0,33,8.94,8.82,0.3506,3.19,10.65,0.0,-3.19,-1
Alpine/Renault,2020,microsoft,Microsoft,Technology,1,1,0,33,8.94,8.82,0.3506,3.19,10.65,0.0,-3.19,-1
Alpine/Renault,2020,bellross,Bell & Ross,Luxury Watches,1,3,1,33,8.94,8.82,0.3506,3.19,10.65,1.0986122886681098,-3.19,-1
Alpine/Renault,2020,tmall,TMALL,Technology,0,3,1,33,8.94,8.82,0.3506,3.19,10.65,1.0986122886681098,-3.19,-1
Alpine/Renault,2020,eurodatacar,Eurodatacar,Technology,1,3,1,33,8.94,8.82,0.3506,3.19,10.65,1.0986122886681098,-3.19,-1
Alpine/Renault,2020,geniicapital,Genii Capital,Financial Services,1,3,1,33,8.94,8.82,0.3506,3.19,10.65,1.0986122886681098,-3.19,-1
Alpine/Renault,2020,lecoqsportif,Le coq sportif,Apparel & Sportswear,1,3,1,33,8.94,8.82,0.3506,3.19,10.65,1.0986122886681098,-3.19,-1
Alpine/Renault,2020,3dsystems,3D systems,Technology,1,3,1,33,8.94,8.82,0.3506,3.19,10.65,1.0986122886681098,-3.19,-1
Alpine/Renault,2020,alpinestars,Alpinestars,Apparel & Sportswear,1,3,1,33,8.94,8.82,0.3506,3.19,10.65,1.0986122886681098,-3.19,-1
Alpine/Renault,2020,boeing,Boeing,Industrial & Aerospace,1,3,1,33,8.94,8.82,0.3506,3.19,10.65,1.0986122886681098,-3.19,-1
Alpine/Renault,2020,breton,Breton,Industrial & Aerospace,0,3,1,33,8.94,8.82,0.3506,3.19,10.65,1.0986122886681098,-3.19,-1
Alpine/Renault,2020,cannondale,Cannondale,Consumer Goods & Retail,0,1,0,33,8.94,8.82,0.3506,3.19,10.65,0.0,-3.19,-1
Alpine/Renault,2020,elysium,Elysium,Technology,1,3,1,33,8.94,8.82,0.3506,3.19,10.65,1.0986122886681098,-3.19,-1
Alpine/Renault,2020,gfmachiningsolutions,GF Machining solutions,Industrial & Aerospace,1,1,0,33,8.94,8.82,0.3506,3.19,10.65,0.0,-3.19,-1
Alpine/Renault,2020,hechter,Hechter,Apparel & Sportswear,0,1,0,33,8.94,8.82,0.3506,3.19,10.65,0.0,-3.19,-1
Alpine/Renault,2020,hexis,Hexis,Industrial & Aerospace,1,1,0,33,8.94,8.82,0.3506,3.19,10.65,0.0,-3.19,-1
Alpine/Renault,2020,hp,HP,Technology,0,1,0,33,8.94,8.82,0.3506,3.19,10.65,0.0,-3.19,-1
Alpine/Renault,2020,ixell,ixell,Automotive,0,1,0,33,8.94,8.82,0.3506,3.19,10.65,0.0,-3.19,-1
Alpine/Renault,2020,jabil,Jabil,Technology,1,1,0,33,8.94,8.82,0.3506,3.19,10.65,0.0,-3.19,-1
Alpine/Renault,2020,matrix,Matrix,Technology,1,1,0,33,8.94,8.82,0.3506,3.19,10.65,0.0,-3.19,-1
Alpine/Renault,2020,ozracing,OZ Racing,Automotive,0,2,0,33,8.94,8.82,0.3506,3.19,10.65,0.6931471805599453,-3.19,-1
Alpine/Renault,2020,perkinelmer,PerkinElmer,Other,1,1,0,33,8.94,8.82,0.3506,3.19,10.65,0.0,-3.19,-1
Alpine/Renault,2020,siemens,Siemens,Industrial & Aerospace,1,3,1,33,8.94,8.82,0.3506,3.19,10.65,1.0986122886681098,-3.19,-1
Alpine/Renault,2020,verizonmedia,Verizon Media,Media & Entertainment,0,1,0,33,8.94,8.82,0.3506,3.19,10.65,0.0,-3.19,-1
Alpine/Renault,2020,volumegraphics,Volume Graphics,Technology,1,1,0,33,8.94,8.82,0.3506,3.19,10.65,0.0,-3.19,-1
Alpine/Renault,2020,yxlon,Yxlon,Industrial & Aerospace,0,1,0,33,8.94,8.82,0.3506,3.19,10.65,0.0,-3.19,-1
Alpine/Renault,2020,pirelli,Pirelli,Automotive,1,3,1,33,8.94,8.82,0.3506,3.19,10.65,1.0986122886681098,-3.19,-1
Alpine/Renault,2021,castrol,Castrol,Energy,1,4,1,29,10.25,11.0,0.4542,3.35,7.05,1.3862943611198906,-3.35,0
Alpine/Renault,2021,rci,RCi,Financial Services,0,3,0,29,10.25,11.0,0.4542,3.35,7.05,1.0986122886681098,-3.35,0
Alpine/Renault,2021,mapfre,MAPFRE,Financial Services,1,4,1,29,10.25,11.0,0.4542,3.35,7.05,1.3862943611198906,-3.35,0
Alpine/Renault,2021,bpultimate,bp Ultimate,Energy,0,4,1,29,10.25,11.0,0.4542,3.35,7.05,1.3862943611198906,-3.35,0
Alpine/Renault,2021,dupont,Dupont,Industrial & Aerospace,1,2,0,29,10.25,11.0,0.4542,3.35,7.05,0.6931471805599453,-3.35,0
Alpine/Renault,2021,microsoft,Microsoft,Technology,1,2,0,29,10.25,11.0,0.4542,3.35,7.05,0.6931471805599453,-3.35,0
Alpine/Renault,2021,bellross,Bell & Ross,Luxury Watches,1,4,1,29,10.25,11.0,0.4542,3.35,7.05,1.3862943611198906,-3.35,0
Alpine/Renault,2021,eurodatacar,Eurodatacar,Technology,1,4,1,29,10.25,11.0,0.4542,3.35,7.05,1.3862943611198906,-3.35,0
Alpine/Renault,2021,pirelli,Pirelli,Automotive,0,4,1,29,10.25,11.0,0.4542,3.35,7.05,1.3862943611198906,-3.35,0
Alpine/Renault,2021,geniicapital,GENII,Financial Services,1,4,1,29,10.25,11.0,0.4542,3.35,7.05,1.3862943611198906,-3.35,0
Alpine/Renault,2021,renaultetech,Renault E-Tech,Automotive,1,1,0,29,10.25,11.0,0.4542,3.35,7.05,0.0,-3.35,0
Alpine/Renault,2021,yahoo,Yahoo!,Media & Entertainment,1,1,0,29,10.25,11.0,0.4542,3.35,7.05,0.0,-3.35,0
Alpine/Renault,2021,3dsystems,3D Systems,Technology,1,4,1,29,10.25,11.0,0.4542,3.35,7.05,1.3862943611198906,-3.35,0
Alpine/Renault,2021,hewlettpackard,Hewlett-Packard,Technology,0,1,0,29,10.25,11.0,0.4542,3.35,7.05,0.0,-3.35,0
Alpine/Renault,2021,perkinelmer,PerkinElmer,Other,1,2,0,29,10.25,11.0,0.4542,3.35,7.05,0.6931471805599453,-3.35,0
Alpine/Renault,2021,lecoqsportif,Le coq Sportif,Apparel & Sportswear,0,4,1,29,10.25,11.0,0.4542,3.35,7.05,1.3862943611198906,-3.35,0
Alpine/Renault,2021,gfmachiningsolutions,GF Matching Solutions,Industrial & Aerospace,0,2,0,29,10.25,11.0,0.4542,3.35,7.05,0.6931471805599453,-3.35,0
Alpine/Renault,2021,siemens,Siemens,Industrial & Aerospace,1,4,1,29,10.25,11.0,0.4542,3.35,7.05,1.3862943611198906,-3.35,0
Alpine/Renault,2021,alpinestars,Alpinestars,Apparel & Sportswear,1,4,1,29,10.25,11.0,0.4542,3.35,7.05,1.3862943611198906,-3.35,0
Alpine/Renault,2021,boeing,Boeing,Industrial & Aerospace,1,4,1,29,10.25,11.0,0.4542,3.35,7.05,1.3862943611198906,-3.35,0
Alpine/Renault,2021,elysium,Elysium,Technology,1,4,1,29,10.25,11.0,0.4542,3.35,7.05,1.3862943611198906,-3.35,0
Alpine/Renault,2021,gcaps,GCAPS,Technology,1,1,0,29,10.25,11.0,0.4542,3.35,7.05,0.0,-3.35,0
Alpine/Renault,2021,hexis,Hexis,Industrial & Aerospace,1,2,0,29,10.25,11.0,0.4542,3.35,7.05,0.6931471805599453,-3.35,0
Alpine/Renault,2021,jabil,Jabil,Technology,0,2,0,29,10.25,11.0,0.4542,3.35,7.05,0.6931471805599453,-3.35,0
Alpine/Renault,2021,linde,Linde,Industrial & Aerospace,1,1,0,29,10.25,11.0,0.4542,3.35,7.05,0.0,-3.35,0
Alpine/Renault,2021,matrix,MATRIX,Technology,1,2,0,29,10.25,11.0,0.4542,3.35,7.05,0.6931471805599453,-3.35,0
Alpine/Renault,2021,roland,Roland,Technology,1,1,0,29,10.25,11.0,0.4542,3.35,7.05,0.0,-3.35,0
Alpine/Renault,2021,trackracer,Trak Racer,Consumer Goods & Retail,1,1,0,29,10.25,11.0,0.4542,3.35,7.05,0.0,-3.35,0
Alpine/Renault,2021,volumegraphics,Volume Graphics,Technology,1,2,0,29,10.25,11.0,0.4542,3.35,7.05,0.6931471805599453,-3.35,0
Alpine/Renault,2022,bwt,BWT,Industrial & Aerospace,1,1,0,36,9.86,9.48,0.3279,3.75,7.73,0.0,-3.75,1
Alpine/Renault,2022,castrol,Castrol,Energy,1,5,1,36,9.86,9.48,0.3279,3.75,7.73,1.6094379124341003,-3.75,1
Alpine/Renault,2022,britishpetroleum,British Petroleum,Energy,0,1,0,36,9.86,9.48,0.3279,3.75,7.73,0.0,-3.75,1
Alpine/Renault,2022,rcibankandservices,RCI Bank and Services,Financial Services,0,1,0,36,9.86,9.48,0.3279,3.75,7.73,0.0,-3.75,1
Alpine/Renault,2022,mapfre,Mapfre,Financial Services,0,5,1,36,9.86,9.48,0.3279,3.75,7.73,1.6094379124341003,-3.75,1
Alpine/Renault,2022,renaultetech,Renault E-Tech,Automotive,1,2,0,36,9.86,9.48,0.3279,3.75,7.73,0.6931471805599453,-3.75,1
Alpine/Renault,2022,microsoft,Microsoft,Technology,1,3,0,36,9.86,9.48,0.3279,3.75,7.73,1.0986122886681098,-3.75,1
Alpine/Renault,2022,mandiant,Mandiant,Cybersecurity,0,1,0,36,9.86,9.48,0.3279,3.75,7.73,0.0,-3.75,1
Alpine/Renault,2022,binance,Binance,Crypto & Web3,1,1,0,36,9.86,9.48,0.3279,3.75,7.73,0.0,-3.75,1
Alpine/Renault,2022,dupont,Dupont,Industrial & Aerospace,0,3,0,36,9.86,9.48,0.3279,3.75,7.73,1.0986122886681098,-3.75,1
Alpine/Renault,2022,plugpower,Plug Power,Energy,1,1,0,36,9.86,9.48,0.3279,3.75,7.73,0.0,-3.75,1
Alpine/Renault,2022,delphi,Delphi Technologies,Automotive,1,1,0,36,9.86,9.48,0.3279,3.75,7.73,0.0,-3.75,1
Alpine/Renault,2022,dataai,Data.ai,Technology,0,1,0,36,9.86,9.48,0.3279,3.75,7.73,0.0,-3.75,1
Alpine/Renault,2022,bellross,Bell and Ross,Luxury Watches,1,5,1,36,9.86,9.48,0.3279,3.75,7.73,1.6094379124341003,-3.75,1
Alpine/Renault,2022,kappa,Kappa,Apparel & Sportswear,1,1,0,36,9.86,9.48,0.3279,3.75,7.73,0.0,-3.75,1
Alpine/Renault,2022,sprinklr,Sprinklr,Technology,1,1,0,36,9.86,9.48,0.3279,3.75,7.73,0.0,-3.75,1
Alpine/Renault,2022,boeing,Boeing,Industrial & Aerospace,1,5,1,36,9.86,9.48,0.3279,3.75,7.73,1.6094379124341003,-3.75,1
Alpine/Renault,2022,geniicapital,Genii,Financial Services,0,5,1,36,9.86,9.48,0.3279,3.75,7.73,1.6094379124341003,-3.75,1
Alpine/Renault,2022,eurodatacar,Eurodatacar,Technology,1,5,1,36,9.86,9.48,0.3279,3.75,7.73,1.6094379124341003,-3.75,1
Alpine/Renault,2022,perkinelmer,Perkin Elmer,Other,1,3,0,36,9.86,9.48,0.3279,3.75,7.73,1.0986122886681098,-3.75,1
Alpine/Renault,2022,shamir,Shamir,Consumer Goods & Retail,1,1,0,36,9.86,9.48,0.3279,3.75,7.73,0.0,-3.75,1
Alpine/Renault,2022,siemens,Siemens,Industrial & Aerospace,0,5,1,36,9.86,9.48,0.3279,3.75,7.73,1.6094379124341003,-3.75,1
Alpine/Renault,2022,yahoo,Yahoo,Media & Entertainment,1,2,0,36,9.86,9.48,0.3279,3.75,7.73,0.6931471805599453,-3.75,1
Alpine/Renault,2022,3dsystems,3D Systems,Technology,1,5,1,36,9.86,9.48,0.3279,3.75,7.73,1.6094379124341003,-3.75,1
Alpine/Renault,2022,alpinestars,AlpineStars,Apparel & Sportswear,1,5,1,36,9.86,9.48,0.3279,3.75,7.73,1.6094379124341003,-3.75,1
Alpine/Renault,2022,alpineeyewear,Alpine Eyewear,Luxury & Fashion,1,1,0,36,9.86,9.48,0.3279,3.75,7.73,0.0,-3.75,1
Alpine/Renault,2022,elysium,Elysium,Technology,1,5,1,36,9.86,9.48,0.3279,3.75,7.73,1.6094379124341003,-3.75,1
Alpine/Renault,2022,gcaps,GCaps,Technology,1,2,0,36,9.86,9.48,0.3279,3.75,7.73,0.6931471805599453,-3.75,1
Alpine/Renault,2022,hexis,Hexis,Industrial & Aerospace,1,3,0,36,9.86,9.48,0.3279,3.75,7.73,1.0986122886681098,-3.75,1
Alpine/Renault,2022,kx,KX,Technology,1,1,0,36,9.86,9.48,0.3279,3.75,7.73,0.0,-3.75,1
Alpine/Renault,2022,kway,K-Way,Apparel & Sportswear,1,1,0,36,9.86,9.48,0.3279,3.75,7.73,0.0,-3.75,1
Alpine/Renault,2022,linde,Linde,Industrial & Aerospace,0,2,0,36,9.86,9.48,0.3279,3.75,7.73,0.6931471805599453,-3.75,1
Alpine/Renault,2022,matrix,Matrix,Technology,1,3,0,36,9.86,9.48,0.3279,3.75,7.73,1.0986122886681098,-3.75,1
Alpine/Renault,2022,roland,Roland,Technology,1,2,0,36,9.86,9.48,0.3279,3.75,7.73,0.6931471805599453,-3.75,1
Alpine/Renault,2022,trackracer,Trak Racer,Consumer Goods & Retail,1,2,0,36,9.86,9.48,0.3279,3.75,7.73,0.6931471805599453,-3.75,1
Alpine/Renault,2022,volumegraphics,Volume Graphics,Technology,0,3,0,36,9.86,9.48,0.3279,3.75,7.73,1.0986122886681098,-3.75,1
Alpine/Renault,2023,bwt,BWT,Industrial & Aerospace,1,2,0,31,11.27,11.11,0.4584,3.7,5.0,0.6931471805599453,-3.7,2
Alpine/Renault,2023,castrol,Castrol,Energy,1,6,1,31,11.27,11.11,0.4584,3.7,5.0,1.791759469228055,-3.7,2
Alpine/Renault,2023,bpultimate,BP Ultimate,Energy,1,1,0,31,11.27,11.11,0.4584,3.7,5.0,0.0,-3.7,2
Alpine/Renault,2023,renaultetech,Renault E-Tech,Automotive,1,3,0,31,11.27,11.11,0.4584,3.7,5.0,1.0986122886681098,-3.7,2
Alpine/Renault,2023,binance,Binance,Crypto & Web3,1,2,0,31,11.27,11.11,0.4584,3.7,5.0,0.6931471805599453,-3.7,2
Alpine/Renault,2023,ecowatt,Ecowatt,Energy,0,1,0,31,11.27,11.11,0.4584,3.7,5.0,0.0,-3.7,2
Alpine/Renault,2023,mobilizefinancialservices,Mobilize Financial Services,Financial Services,1,1,0,31,11.27,11.11,0.4584,3.7,5.0,0.0,-3.7,2
Alpine/Renault,2023,microsoft,Microsoft,Technology,1,4,0,31,11.27,11.11,0.4584,3.7,5.0,1.3862943611198906,-3.7,2
Alpine/Renault,2023,plugpower,Plug,Energy,0,2,0,31,11.27,11.11,0.4584,3.7,5.0,0.6931471805599453,-3.7,2
Alpine/Renault,2023,bellross,Bell & Ross,Luxury Watches,0,6,1,31,11.27,11.11,0.4584,3.7,5.0,1.791759469228055,-3.7,2
Alpine/Renault,2023,kappa,Kappa,Apparel & Sportswear,1,2,0,31,11.27,11.11,0.4584,3.7,5.0,0.6931471805599453,-3.7,2
Alpine/Renault,2023,sprinklr,Sprinklr,Technology,1,2,0,31,11.27,11.11,0.4584,3.7,5.0,0.6931471805599453,-3.7,2
Alpine/Renault,2023,boeing,Boeing,Industrial & Aerospace,1,6,1,31,11.27,11.11,0.4584,3.7,5.0,1.791759469228055,-3.7,2
Alpine/Renault,2023,delphi,Delphi,Automotive,1,2,0,31,11.27,11.11,0.4584,3.7,5.0,0.6931471805599453,-3.7,2
Alpine/Renault,2023,eurodatacar,Eurodatacar,Technology,1,6,1,31,11.27,11.11,0.4584,3.7,5.0,1.791759469228055,-3.7,2
Alpine/Renault,2023,kway,KWay,Apparel & Sportswear,1,2,0,31,11.27,11.11,0.4584,3.7,5.0,0.6931471805599453,-3.7,2
Alpine/Renault,2023,shamir,Shamir,Consumer Goods & Retail,1,2,0,31,11.27,11.11,0.4584,3.7,5.0,0.6931471805599453,-3.7,2
Alpine/Renault,2023,yahoo,Yahoo!,Media & Entertainment,1,3,0,31,11.27,11.11,0.4584,3.7,5.0,1.0986122886681098,-3.7,2
Alpine/Renault,2023,3dsystems,3D Systems,Technology,1,6,1,31,11.27,11.11,0.4584,3.7,5.0,1.791759469228055,-3.7,2
Alpine/Renault,2023,alpinestars,Alpinestars,Apparel & Sportswear,1,6,1,31,11.27,11.11,0.4584,3.7,5.0,1.791759469228055,-3.7,2
Alpine/Renault,2023,alpineeyewear,Alpine Eyewear,Luxury & Fashion,1,2,0,31,11.27,11.11,0.4584,3.7,5.0,0.6931471805599453,-3.7,2
Alpine/Renault,2023,elysium,Elysium,Technology,0,6,1,31,11.27,11.11,0.4584,3.7,5.0,1.791759469228055,-3.7,2
Alpine/Renault,2023,gcaps,GCaps,Technology,1,3,0,31,11.27,11.11,0.4584,3.7,5.0,1.0986122886681098,-3.7,2
Alpine/Renault,2023,hexis,Hexis,Industrial & Aerospace,1,4,0,31,11.27,11.11,0.4584,3.7,5.0,1.3862943611198906,-3.7,2
Alpine/Renault,2023,kx,KX,Technology,0,2,0,31,11.27,11.11,0.4584,3.7,5.0,0.6931471805599453,-3.7,2
Alpine/Renault,2023,matrix,Matrix,Technology,1,4,0,31,11.27,11.11,0.4584,3.7,5.0,1.3862943611198906,-3.7,2
Alpine/Renault,2023,perkinelmer,Perkin Elmer,Other,1,4,0,31,11.27,11.11,0.4584,3.7,5.0,1.3862943611198906,-3.7,2
Alpine/Renault,2023,pirelli,Pirelli,Automotive,1,1,0,31,11.27,11.11,0.4584,3.7,5.0,0.0,-3.7,2
Alpine/Renault,2023,roland,Roland,Technology,1,3,0,31,11.27,11.11,0.4584,3.7,5.0,1.0986122886681098,-3.7,2
Alpine/Renault,2023,trackracer,Track Racer,Consumer Goods & Retail,1,3,0,31,11.27,11.11,0.4584,3.7,5.0,1.0986122886681098,-3.7,2
Alpine/Renault,2023,canels,Canel’s,Food & Beverage,1,1,0,31,11.27,11.11,0.4584,3.7,5.0,0.0,-3.7,2
Alpine/Renault,2024,bwt,BWT,Industrial & Aerospace,1,3,0,32,13.31,13.92,0.4747,3.65,2.62,1.0986122886681098,-3.65,3
Alpine/Renault,2024,castrol,Castrol,Energy,0,7,1,32,13.31,13.92,0.4747,3.65,2.62,1.9459101490553132,-3.65,3
Alpine/Renault,2024,bpultimate,BP Ultimate,Energy,0,2,0,32,13.31,13.92,0.4747,3.65,2.62,0.6931471805599453,-3.65,3
Alpine/Renault,2024,renaultetech,Renault E-Tech,Automotive,1,4,0,32,13.31,13.92,0.4747,3.65,2.62,1.3862943611198906,-3.65,3
Alpine/Renault,2024,binance,Binance,Crypto & Web3,1,3,0,32,13.31,13.92,0.4747,3.65,2.62,1.0986122886681098,-3.65,3
Alpine/Renault,2024,mobilizefinancialservices,Mobilize Financial Services,Financial Services,1,2,0,32,13.31,13.92,0.4747,3.65,2.62,0.6931471805599453,-3.65,3
Alpine/Renault,2024,microsoft,Microsoft,Technology,1,5,0,32,13.31,13.92,0.4747,3.65,2.62,1.6094379124341003,-3.65,3
Alpine/Renault,2024,kappa,Kappa,Apparel & Sportswear,0,3,0,32,13.31,13.92,0.4747,3.65,2.62,1.0986122886681098,-3.65,3
Alpine/Renault,2024,sprinklr,Sprinklr,Technology,1,3,0,32,13.31,13.92,0.4747,3.65,2.62,1.0986122886681098,-3.65,3
Alpine/Renault,2024,boeing,Boeing,Industrial & Aerospace,1,7,1,32,13.31,13.92,0.4747,3.65,2.62,1.9459101490553132,-3.65,3
Alpine/Renault,2024,delphi,Delphi,Automotive,1,3,0,32,13.31,13.92,0.4747,3.65,2.62,1.0986122886681098,-3.65,3
Alpine/Renault,2024,eurodatacar,Eurodatacar,Technology,1,7,1,32,13.31,13.92,0.4747,3.65,2.62,1.9459101490553132,-3.65,3
Alpine/Renault,2024,kway,KWay,Apparel & Sportswear,0,3,0,32,13.31,13.92,0.4747,3.65,2.62,1.0986122886681098,-3.65,3
Alpine/Renault,2024,shamir,Shamir,Consumer Goods & Retail,1,3,0,32,13.31,13.92,0.4747,3.65,2.62,1.0986122886681098,-3.65,3
Alpine/Renault,2024,yahoo,Yahoo!,Media & Entertainment,0,4,0,32,13.31,13.92,0.4747,3.65,2.62,1.3862943611198906,-3.65,3
Alpine/Renault,2024,3dsystems,3D Systems,Technology,1,7,1,32,13.31,13.92,0.4747,3.65,2.62,1.9459101490553132,-3.65,3
Alpine/Renault,2024,alpinestars,Alpinestars,Apparel & Sportswear,1,7,1,32,13.31,13.92,0.4747,3.65,2.62,1.9459101490553132,-3.65,3
Alpine/Renault,2024,alpineeyewear,Alpine Eyewear,Luxury & Fashion,0,3,0,32,13.31,13.92,0.4747,3.65,2.62,1.0986122886681098,-3.65,3
Alpine/Renault,2024,gcaps,GCaps,Technology,0,4,0,32,13.31,13.92,0.4747,3.65,2.62,1.3862943611198906,-3.65,3
Alpine/Renault,2024,hexis,Hexis,Industrial & Aerospace,0,5,0,32,13.31,13.92,0.4747,3.65,2.62,1.6094379124341003,-3.65,3
Alpine/Renault,2024,matrix,Matrix,Technology,1,5,0,32,13.31,13.92,0.4747,3.65,2.62,1.6094379124341003,-3.65,3
Alpine/Renault,2024,perkinelmer,Perkin Elmer,Other,0,5,0,32,13.31,13.92,0.4747,3.65,2.62,1.6094379124341003,-3.65,3
Alpine/Renault,2024,pirelli,Pirelli,Automotive,1,2,0,32,13.31,13.92,0.4747,3.65,2.62,0.6931471805599453,-3.65,3
Alpine/Renault,2024,roland,Roland,Technology,1,4,0,32,13.31,13.92,0.4747,3.65,2.62,1.3862943611198906,-3.65,3
Alpine/Renault,2024,trackracer,Track Racer,Consumer Goods & Retail,1,4,0,32,13.31,13.92,0.4747,3.65,2.62,1.3862943611198906,-3.65,3
Alpine/Renault,2024,canels,Canel’s,Food & Beverage,1,2,0,32,13.31,13.92,0.4747,3.65,2.62,0.6931471805599453,-3.65,3
Alpine/Renault,2024,businesssolver,businesssolver,Technology,1,1,0,32,13.31,13.92,0.4747,3.65,2.62,0.0,-3.65,3
Alpine/Renault,2024,xbox,XBOX,Media & Entertainment,1,1,0,32,13.31,13.92,0.4747,3.65,2.62,0.0,-3.65,3
Alpine/Renault,2024,mntn,mntn,Technology,1,1,0,32,13.31,13.92,0.4747,3.65,2.62,0.0,-3.65,3
Alpine/Renault,2024,amazonmusic,Amazon Music,Media & Entertainment,0,1,0,32,13.31,13.92,0.4747,3.65,2.62,0.0,-3.65,3
Alpine/Renault,2024,qatarairways,Qatar Airways,"Travel, Hospitality & Logistics",1,1,0,32,13.31,13.92,0.4747,3.65,2.62,0.0,-3.65,3
Alpine/Renault,2024,hmosercie,H Moser & Cie,Luxury Watches,1,1,0,32,13.31,13.92,0.4747,3.65,2.62,0.0,-3.65,3
Aston Martin/Racing Point/Force India,2018,sahara,Sahara,Financial Services,0,1,1,35,11.19,10.69,0.1928,4.31,5.29,0.0,-4.31,-3
Aston Martin/Racing Point/Force India,2018,bwt,BWT,Industrial & Aerospace,1,1,1,35,11.19,10.69,0.1928,4.31,5.29,0.0,-4.31,-3
Aston Martin/Racing Point/Force India,2018,claro,Claro,Telecom,1,1,1,35,11.19,10.69,0.1928,4.31,5.29,0.0,-4.31,-3
Aston Martin/Racing Point/Force India,2018,duogroup,Duo Group,Industrial & Aerospace,0,1,1,35,11.19,10.69,0.1928,4.31,5.29,0.0,-4.31,-3
Aston Martin/Racing Point/Force India,2018,hypeenergy,Hype Energy,Food & Beverage,0,1,1,35,11.19,10.69,0.1928,4.31,5.29,0.0,-4.31,-3
Aston Martin/Racing Point/Force India,2018,infinitum,Infinitum,Telecom,1,1,1,35,11.19,10.69,0.1928,4.31,5.29,0.0,-4.31,-3
Aston Martin/Racing Point/Force India,2018,kingfisher,Kingfisher,Food & Beverage,0,1,1,35,11.19,10.69,0.1928,4.31,5.29,0.0,-4.31,-3
Aston Martin/Racing Point/Force India,2018,magnesium,Magnesium Mineralised Water,Food & Beverage,0,1,1,35,11.19,10.69,0.1928,4.31,5.29,0.0,-4.31,-3
Aston Martin/Racing Point/Force India,2018,neccorporation,NEC Corporation,Technology,0,1,1,35,11.19,10.69,0.1928,4.31,5.29,0.0,-4.31,-3
Aston Martin/Racing Point/Force India,2018,pemex,Pemex,Energy,0,1,1,35,11.19,10.69,0.1928,4.31,5.29,0.0,-4.31,-3
Aston Martin/Racing Point/Force India,2018,telcel,Telcel,Telecom,1,1,1,35,11.19,10.69,0.1928,4.31,5.29,0.0,-4.31,-3
Aston Martin/Racing Point/Force India,2018,telmex,Telmex,Telecom,0,1,1,35,11.19,10.69,0.1928,4.31,5.29,0.0,-4.31,-3
Aston Martin/Racing Point/Force India,2018,vonhaucke,Vonhaucke,Industrial & Aerospace,0,1,1,35,11.19,10.69,0.1928,4.31,5.29,0.0,-4.31,-3
Aston Martin/Racing Point/Force India,2018,adaptavist,Adaptavist,Technology,0,1,1,35,11.19,10.69,0.1928,4.31,5.29,0.0,-4.31,-3
Aston Martin/Racing Point/Force India,2018,alpinestars,Alpinestars,Apparel & Sportswear,0,1,1,35,11.19,10.69,0.1928,4.31,5.29,0.0,-4.31,-3
Aston Martin/Racing Point/Force India,2018,koni,Koni,Automotive,0,1,1,35,11.19,10.69,0.1928,4.31,5.29,0.0,-4.31,-3
Aston Martin/Racing Point/Force India,2018,orangebus,Orange Bus,Technology,1,1,1,35,11.19,10.69,0.1928,4.31,5.29,0.0,-4.31,-3
Aston Martin/Racing Point/Force India,2018,pirelli,Pirelli,Automotive,1,1,1,35,11.19,10.69,0.1928,4.31,5.29,0.0,-4.31,-3
Aston Martin/Racing Point/Force India,2018,ravenol,Ravenol,Energy,1,1,1,35,11.19,10.69,0.1928,4.31,5.29,0.0,-4.31,-3
Aston Martin/Racing Point/Force India,2018,univa,Univa,Technology,1,1,1,35,11.19,10.69,0.1928,4.31,5.29,0.0,-4.31,-3
Aston Martin/Racing Point/Force India,2018,3dsystems,3D Systems,Technology,1,1,1,35,11.19,10.69,0.1928,4.31,5.29,0.0,-4.31,-3
Aston Martin/Racing Point/Force India,2018,apsley,Apsley,Consumer Goods & Retail,0,1,1,35,11.19,10.69,0.1928,4.31,5.29,0.0,-4.31,-3
Aston Martin/Racing Point/Force India,2018,condeco,Condeco,Technology,1,1,1,35,11.19,10.69,0.1928,4.31,5.29,0.0,-4.31,-3
Aston Martin/Racing Point/Force India,2018,brandeddesigns,Branded Designs,Media & Entertainment,0,1,1,35,11.19,10.69,0.1928,4.31,5.29,0.0,-4.31,-3
Aston Martin/Racing Point/Force India,2018,farah,Farah,Apparel & Sportswear,0,1,1,35,11.19,10.69,0.1928,4.31,5.29,0.0,-4.31,-3
Aston Martin/Racing Point/Force India,2018,gtechniq,Gtechniq,Automotive,1,1,1,35,11.19,10.69,0.1928,4.31,5.29,0.0,-4.31,-3
Aston Martin/Racing Point/Force India,2018,itec,ITEC,Technology,1,1,1,35,11.19,10.69,0.1928,4.31,5.29,0.0,-4.31,-3
Aston Martin/Racing Point/Force India,2018,sasglobal,SAS Global,Industrial & Aerospace,0,1,1,35,11.19,10.69,0.1928,4.31,5.29,0.0,-4.31,-3
Aston Martin/Racing Point/Force India,2018,schuberth,Schuberth,Automotive,1,1,1,35,11.19,10.69,0.1928,4.31,5.29,0.0,-4.31,-3
Aston Martin/Racing Point/Force India,2018,stl,STL,Technology,1,1,1,35,11.19,10.69,0.1928,4.31,5.29,0.0,-4.31,-3
Aston Martin/Racing Point/Force India,2018,still,Still,Industrial & Aerospace,0,1,1,35,11.19,10.69,0.1928,4.31,5.29,0.0,-4.31,-3
Aston Martin/Racing Point/Force India,2018,theroastery,The Roastery,Food & Beverage,0,1,1,35,11.19,10.69,0.1928,4.31,5.29,0.0,-4.31,-3
Aston Martin/Racing Point/Force India,2018,upsdirect,UPS Direct,"Travel, Hospitality & Logistics",1,1,1,35,11.19,10.69,0.1928,4.31,5.29,0.0,-4.31,-3
Aston Martin/Racing Point/Force India,2018,voipunlimited,Voip Unlimited,Telecom,1,1,1,35,11.19,10.69,0.1928,4.31,5.29,0.0,-4.31,-3
Aston Martin/Racing Point/Force India,2018,wyndymilla,WyndyMilla,Consumer Goods & Retail,0,1,1,35,11.19,10.69,0.1928,4.31,5.29,0.0,-4.31,-3
Aston Martin/Racing Point/Force India,2019,sportspesa,SportsPesa,Other,1,1,0,26,11.79,14.5,0.5214,2.46,3.48,0.0,-2.46,-2
Aston Martin/Racing Point/Force India,2019,bwt,BWT,Industrial & Aerospace,1,2,1,26,11.79,14.5,0.5214,2.46,3.48,0.6931471805599453,-2.46,-2
Aston Martin/Racing Point/Force India,2019,bombardier,Bombardier,Industrial & Aerospace,1,1,0,26,11.79,14.5,0.5214,2.46,3.48,0.0,-2.46,-2
Aston Martin/Racing Point/Force India,2019,breastcancercare,Breast Cancer Care,Other,1,1,0,26,11.79,14.5,0.5214,2.46,3.48,0.0,-2.46,-2
Aston Martin/Racing Point/Force India,2019,canadalife,Canada Life,Financial Services,1,1,0,26,11.79,14.5,0.5214,2.46,3.48,0.0,-2.46,-2
Aston Martin/Racing Point/Force India,2019,claro,Claro,Telecom,1,2,1,26,11.79,14.5,0.5214,2.46,3.48,0.6931471805599453,-2.46,-2
Aston Martin/Racing Point/Force India,2019,infinitum,Infinitum,Telecom,1,2,1,26,11.79,14.5,0.5214,2.46,3.48,0.6931471805599453,-2.46,-2
Aston Martin/Racing Point/Force India,2019,jcb,JCB,Industrial & Aerospace,1,1,0,26,11.79,14.5,0.5214,2.46,3.48,0.0,-2.46,-2
Aston Martin/Racing Point/Force India,2019,nec,NEC,Technology,1,1,0,26,11.79,14.5,0.5214,2.46,3.48,0.0,-2.46,-2
Aston Martin/Racing Point/Force India,2019,telcel,Telcel,Telecom,1,2,1,26,11.79,14.5,0.5214,2.46,3.48,0.6931471805599453,-2.46,-2
Aston Martin/Racing Point/Force India,2019,acronis,Acronis,Cybersecurity,1,1,0,26,11.79,14.5,0.5214,2.46,3.48,0.0,-2.46,-2
Aston Martin/Racing Point/Force India,2019,orangebus,Orangebus,Technology,1,2,1,26,11.79,14.5,0.5214,2.46,3.48,0.6931471805599453,-2.46,-2
Aston Martin/Racing Point/Force India,2019,pirelli,Pirelli,Automotive,1,2,1,26,11.79,14.5,0.5214,2.46,3.48,0.6931471805599453,-2.46,-2
Aston Martin/Racing Point/Force India,2019,ravenol,Ravenol,Energy,1,2,1,26,11.79,14.5,0.5214,2.46,3.48,0.6931471805599453,-2.46,-2
Aston Martin/Racing Point/Force India,2019,univa,Univa,Technology,1,2,1,26,11.79,14.5,0.5214,2.46,3.48,0.6931471805599453,-2.46,-2
Aston Martin/Racing Point/Force India,2019,3dsystems,3D Systems,Technology,1,2,1,26,11.79,14.5,0.5214,2.46,3.48,0.6931471805599453,-2.46,-2
Aston Martin/Racing Point/Force India,2019,condeco,Condeco,Technology,1,2,1,26,11.79,14.5,0.5214,2.46,3.48,0.6931471805599453,-2.46,-2
Aston Martin/Racing Point/Force India,2019,gtechniq,Gtechniq,Automotive,1,2,1,26,11.79,14.5,0.5214,2.46,3.48,0.6931471805599453,-2.46,-2
Aston Martin/Racing Point/Force India,2019,hackettlondon,Hackett,Luxury & Fashion,1,1,0,26,11.79,14.5,0.5214,2.46,3.48,0.0,-2.46,-2
Aston Martin/Racing Point/Force India,2019,itec,ITEC,Technology,0,2,1,26,11.79,14.5,0.5214,2.46,3.48,0.6931471805599453,-2.46,-2
Aston Martin/Racing Point/Force India,2019,rnt,RNT,Other,0,1,0,26,11.79,14.5,0.5214,2.46,3.48,0.0,-2.46,-2
Aston Martin/Racing Point/Force India,2019,sas,SAS,Technology,1,1,0,26,11.79,14.5,0.5214,2.46,3.48,0.0,-2.46,-2
Aston Martin/Racing Point/Force India,2019,schuberth,Schuberth,Automotive,1,2,1,26,11.79,14.5,0.5214,2.46,3.48,0.6931471805599453,-2.46,-2
Aston Martin/Racing Point/Force India,2019,stl,STL,Technology,1,2,1,26,11.79,14.5,0.5214,2.46,3.48,0.6931471805599453,-2.46,-2
Aston Martin/Racing Point/Force India,2019,upsdirect,UPS Direct,"Travel, Hospitality & Logistics",1,2,1,26,11.79,14.5,0.5214,2.46,3.48,0.6931471805599453,-2.46,-2
Aston Martin/Racing Point/Force India,2019,voipunlimited,Voip Unlimited,Telecom,1,2,1,26,11.79,14.5,0.5214,2.46,3.48,0.6931471805599453,-2.46,-2
Aston Martin/Racing Point/Force India,2020,bombardier,Bombardier,Industrial & Aerospace,1,2,0,33,9.21,8.24,0.2876,4.9,12.35,0.6931471805599453,-4.9,-1
Aston Martin/Racing Point/Force India,2020,breastcancercare,Breast Cancer Care,Other,0,2,0,33,9.21,8.24,0.2876,4.9,12.35,0.6931471805599453,-4.9,-1
Aston Martin/Racing Point/Force India,2020,bwt,BWT,Industrial & Aerospace,1,3,1,33,9.21,8.24,0.2876,4.9,12.35,1.0986122886681098,-4.9,-1
Aston Martin/Racing Point/Force India,2020,canadalife,Canadalife,Financial Services,0,2,0,33,9.21,8.24,0.2876,4.9,12.35,0.6931471805599453,-4.9,-1
Aston Martin/Racing Point/Force India,2020,claro,Claro,Telecom,0,3,1,33,9.21,8.24,0.2876,4.9,12.35,1.0986122886681098,-4.9,-1
Aston Martin/Racing Point/Force India,2020,infinitum,Infinitum,Telecom,0,3,1,33,9.21,8.24,0.2876,4.9,12.35,1.0986122886681098,-4.9,-1
Aston Martin/Racing Point/Force India,2020,jcb,JCB,Industrial & Aerospace,1,2,0,33,9.21,8.24,0.2876,4.9,12.35,0.6931471805599453,-4.9,-1
Aston Martin/Racing Point/Force India,2020,magnesium,Magnesium,Food & Beverage,0,1,0,33,9.21,8.24,0.2876,4.9,12.35,0.0,-4.9,-1
Aston Martin/Racing Point/Force India,2020,nec,NEC,Technology,0,2,0,33,9.21,8.24,0.2876,4.9,12.35,0.6931471805599453,-4.9,-1
Aston Martin/Racing Point/Force India,2020,spscorecom,SpScore.com,Technology,0,1,0,33,9.21,8.24,0.2876,4.9,12.35,0.0,-4.9,-1
Aston Martin/Racing Point/Force India,2020,sportspesa,Sport Pesa,Other,0,2,0,33,9.21,8.24,0.2876,4.9,12.35,0.6931471805599453,-4.9,-1
Aston Martin/Racing Point/Force India,2020,telcel,Telcel,Telecom,0,3,1,33,9.21,8.24,0.2876,4.9,12.35,1.0986122886681098,-4.9,-1
Aston Martin/Racing Point/Force India,2020,telmex,Telmex,Telecom,0,1,0,33,9.21,8.24,0.2876,4.9,12.35,0.0,-4.9,-1
Aston Martin/Racing Point/Force India,2020,acronis,Acronis,Cybersecurity,0,2,0,33,9.21,8.24,0.2876,4.9,12.35,0.6931471805599453,-4.9,-1
Aston Martin/Racing Point/Force India,2020,adaptavist,Adaptavist,Technology,0,1,0,33,9.21,8.24,0.2876,4.9,12.35,0.0,-4.9,-1
Aston Martin/Racing Point/Force India,2020,alpinestars,Alpinestars,Apparel & Sportswear,1,1,0,33,9.21,8.24,0.2876,4.9,12.35,0.0,-4.9,-1
Aston Martin/Racing Point/Force India,2020,ifs,IFS,Technology,1,1,0,33,9.21,8.24,0.2876,4.9,12.35,0.0,-4.9,-1
Aston Martin/Racing Point/Force India,2020,orangebus,OrangeBus,Technology,0,3,1,33,9.21,8.24,0.2876,4.9,12.35,1.0986122886681098,-4.9,-1
Aston Martin/Racing Point/Force India,2020,ravenol,Ravenol,Energy,1,3,1,33,9.21,8.24,0.2876,4.9,12.35,1.0986122886681098,-4.9,-1
Aston Martin/Racing Point/Force India,2020,univa,Univa,Technology,0,3,1,33,9.21,8.24,0.2876,4.9,12.35,1.0986122886681098,-4.9,-1
Aston Martin/Racing Point/Force India,2020,3dsystems,3D Systems,Technology,0,3,1,33,9.21,8.24,0.2876,4.9,12.35,1.0986122886681098,-4.9,-1
Aston Martin/Racing Point/Force India,2020,condeco,Condeco,Technology,1,3,1,33,9.21,8.24,0.2876,4.9,12.35,1.0986122886681098,-4.9,-1
Aston Martin/Racing Point/Force India,2020,ebb3,EBB3,Technology,1,1,0,33,9.21,8.24,0.2876,4.9,12.35,0.0,-4.9,-1
Aston Martin/Racing Point/Force India,2020,gtechniq,GTECHNIQ,Automotive,0,3,1,33,9.21,8.24,0.2876,4.9,12.35,1.0986122886681098,-4.9,-1
Aston Martin/Racing Point/Force India,2020,hackettlondon,Hackett,Luxury & Fashion,1,2,0,33,9.21,8.24,0.2876,4.9,12.35,0.6931471805599453,-4.9,-1
Aston Martin/Racing Point/Force India,2020,macauley,Macauley,Consumer Goods & Retail,0,1,0,33,9.21,8.24,0.2876,4.9,12.35,0.0,-4.9,-1
Aston Martin/Racing Point/Force India,2020,rntrausch,RNT Rausch,Industrial & Aerospace,0,1,0,33,9.21,8.24,0.2876,4.9,12.35,0.0,-4.9,-1
Aston Martin/Racing Point/Force India,2020,sas,SAS,Technology,0,2,0,33,9.21,8.24,0.2876,4.9,12.35,0.6931471805599453,-4.9,-1
Aston Martin/Racing Point/Force India,2020,schuberth,Schuberth,Automotive,1,3,1,33,9.21,8.24,0.2876,4.9,12.35,1.0986122886681098,-4.9,-1
Aston Martin/Racing Point/Force India,2020,stl,STL,Technology,1,3,1,33,9.21,8.24,0.2876,4.9,12.35,1.0986122886681098,-4.9,-1
Aston Martin/Racing Point/Force India,2020,upsdirect,UPS Direct,"Travel, Hospitality & Logistics",1,3,1,33,9.21,8.24,0.2876,4.9,12.35,1.0986122886681098,-4.9,-1
Aston Martin/Racing Point/Force India,2020,voipunlimited,Voip Unlimited,Telecom,1,3,1,33,9.21,8.24,0.2876,4.9,12.35,1.0986122886681098,-4.9,-1
Aston Martin/Racing Point/Force India,2020,pirelli,Pirelli,Automotive,1,3,1,33,9.21,8.24,0.2876,4.9,12.35,1.0986122886681098,-4.9,-1
Aston Martin/Racing Point/Force India,2021,cognizant,Cognizant,Technology,1,1,0,24,12.0,12.64,-0.0425,3.62,3.5,0.0,-3.62,0
Aston Martin/Racing Point/Force India,2021,cryptocom,Crypto.com,Crypto & Web3,1,1,0,24,12.0,12.64,-0.0425,3.62,3.5,0.0,-3.62,0
Aston Martin/Racing Point/Force India,2021,netapp,NetApp,Technology,1,1,0,24,12.0,12.64,-0.0425,3.62,3.5,0.0,-3.62,0
Aston Martin/Racing Point/Force India,2021,sentinelone,SentinelOne,Cybersecurity,1,1,0,24,12.0,12.64,-0.0425,3.62,3.5,0.0,-3.62,0
Aston Martin/Racing Point/Force India,2021,bombardier,Bombardier,Industrial & Aerospace,1,3,0,24,12.0,12.64,-0.0425,3.62,3.5,1.0986122886681098,-3.62,0
Aston Martin/Racing Point/Force India,2021,girardperregaux,Girard-Perregaux,Luxury Watches,1,1,0,24,12.0,12.64,-0.0425,3.62,3.5,0.0,-3.62,0
Aston Martin/Racing Point/Force India,2021,peroni,Peroni,Food & Beverage,0,1,0,24,12.0,12.64,-0.0425,3.62,3.5,0.0,-3.62,0
Aston Martin/Racing Point/Force India,2021,bwt,BWT,Industrial & Aerospace,0,4,1,24,12.0,12.64,-0.0425,3.62,3.5,1.3862943611198906,-3.62,0
Aston Martin/Racing Point/Force India,2021,replay,REPLAY,Luxury & Fashion,0,1,0,24,12.0,12.64,-0.0425,3.62,3.5,0.0,-3.62,0
Aston Martin/Racing Point/Force India,2021,ravenol,Ravenol,Energy,0,4,1,24,12.0,12.64,-0.0425,3.62,3.5,1.3862943611198906,-3.62,0
Aston Martin/Racing Point/Force India,2021,epos,EPOS,Technology,1,1,0,24,12.0,12.64,-0.0425,3.62,3.5,0.0,-3.62,0
Aston Martin/Racing Point/Force India,2021,jcb,JCB,Industrial & Aerospace,1,3,0,24,12.0,12.64,-0.0425,3.62,3.5,1.0986122886681098,-3.62,0
Aston Martin/Racing Point/Force India,2021,ebb3,EBB3,Technology,1,2,0,24,12.0,12.64,-0.0425,3.62,3.5,0.6931471805599453,-3.62,0
Aston Martin/Racing Point/Force India,2021,upsdirect,UPS Direct,"Travel, Hospitality & Logistics",0,4,1,24,12.0,12.64,-0.0425,3.62,3.5,1.3862943611198906,-3.62,0
Aston Martin/Racing Point/Force India,2021,stl,STL,Technology,1,4,1,24,12.0,12.64,-0.0425,3.62,3.5,1.3862943611198906,-3.62,0
Aston Martin/Racing Point/Force India,2021,pelmark,Pelmark,Technology,1,1,0,24,12.0,12.64,-0.0425,3.62,3.5,0.0,-3.62,0
Aston Martin/Racing Point/Force India,2021,voipunlimited,Voip Unlimited,Telecom,1,4,1,24,12.0,12.64,-0.0425,3.62,3.5,1.3862943611198906,-3.62,0
Aston Martin/Racing Point/Force India,2021,condeco,Condeco,Technology,0,4,1,24,12.0,12.64,-0.0425,3.62,3.5,1.3862943611198906,-3.62,0
Aston Martin/Racing Point/Force India,2021,ifs,IFS,Technology,1,2,0,24,12.0,12.64,-0.0425,3.62,3.5,0.6931471805599453,-3.62,0
Aston Martin/Racing Point/Force India,2021,schuberth,Schuberth,Automotive,1,4,1,24,12.0,12.64,-0.0425,3.62,3.5,1.3862943611198906,-3.62,0
Aston Martin/Racing Point/Force India,2021,hackettlondon,Hackett London,Luxury & Fashion,1,3,0,24,12.0,12.64,-0.0425,3.62,3.5,1.0986122886681098,-3.62,0
Aston Martin/Racing Point/Force India,2021,alpinestars,AlpineStars,Apparel & Sportswear,1,2,0,24,12.0,12.64,-0.0425,3.62,3.5,0.6931471805599453,-3.62,0
Aston Martin/Racing Point/Force India,2021,oakley,Oakley,Luxury & Fashion,1,1,0,24,12.0,12.64,-0.0425,3.62,3.5,0.0,-3.62,0
Aston Martin/Racing Point/Force India,2021,pirelli,Pirelli,Automotive,1,4,1,24,12.0,12.64,-0.0425,3.62,3.5,1.3862943611198906,-3.62,0
Aston Martin/Racing Point/Force India,2022,cognizant,Cognizant,Technology,1,2,0,25,11.89,15.2,0.4553,2.83,2.5,0.6931471805599453,-2.83,1
Aston Martin/Racing Point/Force India,2022,aramco,Aramco,Energy,1,1,0,25,11.89,15.2,0.4553,2.83,2.5,0.0,-2.83,1
Aston Martin/Racing Point/Force India,2022,peroni00,Peroni 0.0,Food & Beverage,1,1,0,25,11.89,15.2,0.4553,2.83,2.5,0.0,-2.83,1
Aston Martin/Racing Point/Force India,2022,cryptocom,Crypto.com,Crypto & Web3,1,2,0,25,11.89,15.2,0.4553,2.83,2.5,0.6931471805599453,-2.83,1
Aston Martin/Racing Point/Force India,2022,jcb,JCB,Industrial & Aerospace,1,4,0,25,11.89,15.2,0.4553,2.83,2.5,1.3862943611198906,-2.83,1
Aston Martin/Racing Point/Force India,2022,netapp,NetApp,Technology,1,2,0,25,11.89,15.2,0.4553,2.83,2.5,0.6931471805599453,-2.83,1
Aston Martin/Racing Point/Force India,2022,sentinelone,Sentinel One,Cybersecurity,1,2,0,25,11.89,15.2,0.4553,2.83,2.5,0.6931471805599453,-2.83,1
Aston Martin/Racing Point/Force India,2022,junipernetworks,Juniper Networks,Technology,1,1,0,25,11.89,15.2,0.4553,2.83,2.5,0.0,-2.83,1
Aston Martin/Racing Point/Force India,2022,epos,EPOS,Technology,1,2,0,25,11.89,15.2,0.4553,2.83,2.5,0.6931471805599453,-2.83,1
Aston Martin/Racing Point/Force India,2022,girardperregaux,Girard-Perregaux,Luxury Watches,1,2,0,25,11.89,15.2,0.4553,2.83,2.5,0.6931471805599453,-2.83,1
Aston Martin/Racing Point/Force India,2022,socioscom,Socios,Crypto & Web3,1,1,0,25,11.89,15.2,0.4553,2.83,2.5,0.0,-2.83,1
Aston Martin/Racing Point/Force India,2022,pirelli,Pirelli,Automotive,1,5,1,25,11.89,15.2,0.4553,2.83,2.5,1.6094379124341003,-2.83,1
Aston Martin/Racing Point/Force India,2022,bombardier,Bombardier,Industrial & Aerospace,1,4,0,25,11.89,15.2,0.4553,2.83,2.5,1.3862943611198906,-2.83,1
Aston Martin/Racing Point/Force India,2022,tiktok,TikTok,Media & Entertainment,1,1,0,25,11.89,15.2,0.4553,2.83,2.5,0.0,-2.83,1
Aston Martin/Racing Point/Force India,2022,oakley,Oakley,Luxury & Fashion,1,2,0,25,11.89,15.2,0.4553,2.83,2.5,0.6931471805599453,-2.83,1
Aston Martin/Racing Point/Force India,2022,ogio,Ogio,Luxury & Fashion,1,1,0,25,11.89,15.2,0.4553,2.83,2.5,0.0,-2.83,1
Aston Martin/Racing Point/Force India,2022,hackettlondon,Hackett London,Luxury & Fashion,0,4,0,25,11.89,15.2,0.4553,2.83,2.5,1.3862943611198906,-2.83,1
Aston Martin/Racing Point/Force India,2022,ifs,IFS,Technology,0,3,0,25,11.89,15.2,0.4553,2.83,2.5,1.0986122886681098,-2.83,1
Aston Martin/Racing Point/Force India,2022,altair,Altair,Technology,0,1,0,25,11.89,15.2,0.4553,2.83,2.5,0.0,-2.83,1
Aston Martin/Racing Point/Force India,2022,ebb3,Ebb,Technology,1,3,0,25,11.89,15.2,0.4553,2.83,2.5,1.0986122886681098,-2.83,1
Aston Martin/Racing Point/Force India,2022,stl,STL,Technology,0,5,1,25,11.89,15.2,0.4553,2.83,2.5,1.6094379124341003,-2.83,1
Aston Martin/Racing Point/Force India,2022,pelmark,Pelmar,Technology,1,2,0,25,11.89,15.2,0.4553,2.83,2.5,0.6931471805599453,-2.83,1
Aston Martin/Racing Point/Force India,2022,voipunlimited,Voip Unlimited,Telecom,0,5,1,25,11.89,15.2,0.4553,2.83,2.5,1.6094379124341003,-2.83,1
Aston Martin/Racing Point/Force India,2022,alpinestars,AlpineStars,Apparel & Sportswear,1,3,0,25,11.89,15.2,0.4553,2.83,2.5,1.0986122886681098,-2.83,1
Aston Martin/Racing Point/Force India,2022,schuberth,Schuberth,Automotive,0,5,1,25,11.89,15.2,0.4553,2.83,2.5,1.6094379124341003,-2.83,1
Aston Martin/Racing Point/Force India,2023,cognizant,Cognizant,Technology,1,3,0,28,8.8,9.73,0.7222,2.76,12.09,1.0986122886681098,-2.76,2
Aston Martin/Racing Point/Force India,2023,aramco,Aramco,Energy,1,2,0,28,8.8,9.73,0.7222,2.76,12.09,0.6931471805599453,-2.76,2
Aston Martin/Racing Point/Force India,2023,xp,XP,Financial Services,0,1,0,28,8.8,9.73,0.7222,2.76,12.09,0.0,-2.76,2
Aston Martin/Racing Point/Force India,2023,sentinelone,SentinelOne,Cybersecurity,1,3,0,28,8.8,9.73,0.7222,2.76,12.09,1.0986122886681098,-2.76,2
Aston Martin/Racing Point/Force India,2023,citi,Citi,Financial Services,1,1,0,28,8.8,9.73,0.7222,2.76,12.09,0.0,-2.76,2
Aston Martin/Racing Point/Force India,2023,cryptocom,Crypto.com,Crypto & Web3,0,3,0,28,8.8,9.73,0.7222,2.76,12.09,1.0986122886681098,-2.76,2
Aston Martin/Racing Point/Force India,2023,junipernetworks,Juniper Networks,Technology,1,2,0,28,8.8,9.73,0.7222,2.76,12.09,0.6931471805599453,-2.76,2
Aston Martin/Racing Point/Force India,2023,peroni00,Peroni 0.0,Food & Beverage,0,2,0,28,8.8,9.73,0.7222,2.76,12.09,0.6931471805599453,-2.76,2
Aston Martin/Racing Point/Force India,2023,jcb,JCB,Industrial & Aerospace,1,5,0,28,8.8,9.73,0.7222,2.76,12.09,1.6094379124341003,-2.76,2
Aston Martin/Racing Point/Force India,2023,portoseguro,PortoSeguro,Financial Services,0,1,0,28,8.8,9.73,0.7222,2.76,12.09,0.0,-2.76,2
Aston Martin/Racing Point/Force India,2023,netapp,NetApp,Technology,1,3,0,28,8.8,9.73,0.7222,2.76,12.09,1.0986122886681098,-2.76,2
Aston Martin/Racing Point/Force India,2023,avatrade,Avatrade,Financial Services,1,1,0,28,8.8,9.73,0.7222,2.76,12.09,0.0,-2.76,2
Aston Martin/Racing Point/Force India,2023,boss,Boss,Luxury & Fashion,1,1,0,28,8.8,9.73,0.7222,2.76,12.09,0.0,-2.76,2
Aston Martin/Racing Point/Force India,2023,girardperregaux,Girard Perregaux,Luxury Watches,1,3,0,28,8.8,9.73,0.7222,2.76,12.09,1.0986122886681098,-2.76,2
Aston Martin/Racing Point/Force India,2023,epos,EPOS,Technology,1,3,0,28,8.8,9.73,0.7222,2.76,12.09,1.0986122886681098,-2.76,2
Aston Martin/Racing Point/Force India,2023,bombardier,Bombardier,Industrial & Aerospace,1,5,0,28,8.8,9.73,0.7222,2.76,12.09,1.6094379124341003,-2.76,2
Aston Martin/Racing Point/Force India,2023,socioscom,socios.com,Crypto & Web3,0,2,0,28,8.8,9.73,0.7222,2.76,12.09,0.6931471805599453,-2.76,2
Aston Martin/Racing Point/Force India,2023,globetrotter,Globe Trotter,Luxury & Fashion,1,1,0,28,8.8,9.73,0.7222,2.76,12.09,0.0,-2.76,2
Aston Martin/Racing Point/Force India,2023,pirelli,Pirelli,Automotive,1,6,1,28,8.8,9.73,0.7222,2.76,12.09,1.791759469228055,-2.76,2
Aston Martin/Racing Point/Force India,2023,tiktok,Tik Tok,Media & Entertainment,1,2,0,28,8.8,9.73,0.7222,2.76,12.09,0.6931471805599453,-2.76,2
Aston Martin/Racing Point/Force India,2023,ogio,Ogio,Luxury & Fashion,1,2,0,28,8.8,9.73,0.7222,2.76,12.09,0.6931471805599453,-2.76,2
Aston Martin/Racing Point/Force India,2023,oakley,Oakley,Luxury & Fashion,1,3,0,28,8.8,9.73,0.7222,2.76,12.09,1.0986122886681098,-2.76,2
Aston Martin/Racing Point/Force India,2023,alpinestars,Alpinestars,Apparel & Sportswear,1,4,0,28,8.8,9.73,0.7222,2.76,12.09,1.3862943611198906,-2.76,2
Aston Martin/Racing Point/Force India,2023,ebb3,Ebb3,Technology,0,4,0,28,8.8,9.73,0.7222,2.76,12.09,1.3862943611198906,-2.76,2
Aston Martin/Racing Point/Force India,2023,stilo,Stilo,Automotive,1,1,0,28,8.8,9.73,0.7222,2.76,12.09,0.0,-2.76,2
Aston Martin/Racing Point/Force India,2023,pelmark,Pelmark,Technology,0,3,0,28,8.8,9.73,0.7222,2.76,12.09,1.0986122886681098,-2.76,2
Aston Martin/Racing Point/Force India,2023,velocityblack,Velocity Black,Technology,1,1,0,28,8.8,9.73,0.7222,2.76,12.09,0.0,-2.76,2
Aston Martin/Racing Point/Force India,2023,saudiasaudiairlines,SAUDIA (Saudi Airlines),"Travel, Hospitality & Logistics",0,1,0,28,8.8,9.73,0.7222,2.76,12.09,0.0,-2.76,2
Aston Martin/Racing Point/Force India,2024,cognizant,Cognizant,Technology,1,4,0,29,11.77,11.21,0.5348,2.78,3.92,1.3862943611198906,-2.78,3
Aston Martin/Racing Point/Force India,2024,aramco,Aramco,Energy,1,3,0,29,11.77,11.21,0.5348,2.78,3.92,1.0986122886681098,-2.78,3
Aston Martin/Racing Point/Force India,2024,sentinelone,SentinelOne,Cybersecurity,1,4,0,29,11.77,11.21,0.5348,2.78,3.92,1.3862943611198906,-2.78,3
Aston Martin/Racing Point/Force India,2024,citi,Citi,Financial Services,1,2,0,29,11.77,11.21,0.5348,2.78,3.92,0.6931471805599453,-2.78,3
Aston Martin/Racing Point/Force India,2024,junipernetworks,Juniper Networks,Technology,0,3,0,29,11.77,11.21,0.5348,2.78,3.92,1.0986122886681098,-2.78,3
Aston Martin/Racing Point/Force India,2024,jcb,JCB,Industrial & Aerospace,1,6,0,29,11.77,11.21,0.5348,2.78,3.92,1.791759469228055,-2.78,3
Aston Martin/Racing Point/Force India,2024,netapp,NetApp,Technology,1,4,0,29,11.77,11.21,0.5348,2.78,3.92,1.3862943611198906,-2.78,3
Aston Martin/Racing Point/Force India,2024,avatrade,Avatrade,Financial Services,0,2,0,29,11.77,11.21,0.5348,2.78,3.92,0.6931471805599453,-2.78,3
Aston Martin/Racing Point/Force India,2024,boss,Boss,Luxury & Fashion,1,2,0,29,11.77,11.21,0.5348,2.78,3.92,0.6931471805599453,-2.78,3
Aston Martin/Racing Point/Force India,2024,girardperregaux,Girard Perregaux,Luxury Watches,1,4,0,29,11.77,11.21,0.5348,2.78,3.92,1.3862943611198906,-2.78,3
Aston Martin/Racing Point/Force India,2024,epos,EPOS,Technology,0,4,0,29,11.77,11.21,0.5348,2.78,3.92,1.3862943611198906,-2.78,3
Aston Martin/Racing Point/Force India,2024,bombardier,Bombardier,Industrial & Aerospace,1,6,0,29,11.77,11.21,0.5348,2.78,3.92,1.791759469228055,-2.78,3
Aston Martin/Racing Point/Force India,2024,globetrotter,Globe Trotter,Luxury & Fashion,0,2,0,29,11.77,11.21,0.5348,2.78,3.92,0.6931471805599453,-2.78,3
Aston Martin/Racing Point/Force India,2024,pirelli,Pirelli,Automotive,1,7,1,29,11.77,11.21,0.5348,2.78,3.92,1.9459101490553132,-2.78,3
Aston Martin/Racing Point/Force India,2024,tiktok,Tik Tok,Media & Entertainment,1,3,0,29,11.77,11.21,0.5348,2.78,3.92,1.0986122886681098,-2.78,3
Aston Martin/Racing Point/Force India,2024,ogio,Ogio,Luxury & Fashion,1,3,0,29,11.77,11.21,0.5348,2.78,3.92,1.0986122886681098,-2.78,3
Aston Martin/Racing Point/Force India,2024,oakley,Oakley,Luxury & Fashion,1,4,0,29,11.77,11.21,0.5348,2.78,3.92,1.3862943611198906,-2.78,3
Aston Martin/Racing Point/Force India,2024,alpinestars,Alpinestars,Apparel & Sportswear,0,5,0,29,11.77,11.21,0.5348,2.78,3.92,1.6094379124341003,-2.78,3
Aston Martin/Racing Point/Force India,2024,stilo,Stilo,Automotive,1,2,0,29,11.77,11.21,0.5348,2.78,3.92,0.6931471805599453,-2.78,3
Aston Martin/Racing Point/Force India,2024,velocityblack,Velocity Black,Technology,1,2,0,29,11.77,11.21,0.5348,2.78,3.92,0.6931471805599453,-2.78,3
Aston Martin/Racing Point/Force India,2024,valvoline,Valvoline,Energy,1,1,0,29,11.77,11.21,0.5348,2.78,3.92,0.0,-2.78,3
Aston Martin/Racing Point/Force India,2024,nexgen,NexGEN,Technology,1,1,0,29,11.77,11.21,0.5348,2.78,3.92,0.0,-2.78,3
Aston Martin/Racing Point/Force India,2024,bancomaster,Banco Master,Financial Services,1,1,0,29,11.77,11.21,0.5348,2.78,3.92,0.0,-2.78,3
Aston Martin/Racing Point/Force India,2024,servicenow,ServiceNow,Technology,1,1,0,29,11.77,11.21,0.5348,2.78,3.92,0.0,-2.78,3
Aston Martin/Racing Point/Force India,2024,regentseacruises,Regent Sea Cruises,"Travel, Hospitality & Logistics",1,1,0,29,11.77,11.21,0.5348,2.78,3.92,0.0,-2.78,3
Aston Martin/Racing Point/Force India,2024,wolfgangpuck,WolfGang Puck,"Travel, Hospitality & Logistics",1,1,0,29,11.77,11.21,0.5348,2.78,3.92,0.0,-2.78,3
Aston Martin/Racing Point/Force India,2024,financialtimes,Financial Times,Media & Entertainment,1,1,0,29,11.77,11.21,0.5348,2.78,3.92,0.0,-2.78,3
Aston Martin/Racing Point/Force India,2024,omp,OMP,Automotive,1,1,0,29,11.77,11.21,0.5348,2.78,3.92,0.0,-2.78,3
Aston Martin/Racing Point/Force India,2024,stichd,Stichd,Apparel & Sportswear,1,1,0,29,11.77,11.21,0.5348,2.78,3.92,0.0,-2.78,3
Ferrari,2018,shell,Shell,Energy,1,1,1,25,4.93,3.24,-0.0791,3.39,27.19,0.0,-3.39,-3
Ferrari,2018,rayban,Ray Ban,Luxury & Fashion,1,1,1,25,4.93,3.24,-0.0791,3.39,27.19,0.0,-3.39,-3
Ferrari,2018,alfaromeo,Alfa Romeo,Automotive,0,1,1,25,4.93,3.24,-0.0791,3.39,27.19,0.0,-3.39,-3
Ferrari,2018,kaspersky,Kaspersky Lab,Cybersecurity,1,1,1,25,4.93,3.24,-0.0791,3.39,27.19,0.0,-3.39,-3
Ferrari,2018,ups,UPS,"Travel, Hospitality & Logistics",1,1,1,25,4.93,3.24,-0.0791,3.39,27.19,0.0,-3.39,-3
Ferrari,2018,lenovo,Lenovo,Technology,1,1,1,25,4.93,3.24,-0.0791,3.39,27.19,0.0,-3.39,-3
Ferrari,2018,weichai,Weichai,Industrial & Aerospace,1,1,1,25,4.93,3.24,-0.0791,3.39,27.19,0.0,-3.39,-3
Ferrari,2018,hublot,Hublot,Luxury Watches,1,1,1,25,4.93,3.24,-0.0791,3.39,27.19,0.0,-3.39,-3
Ferrari,2018,mahle,Mahle,Automotive,1,1,1,25,4.93,3.24,-0.0791,3.39,27.19,0.0,-3.39,-3
Ferrari,2018,omr,OMR,Media & Entertainment,1,1,1,25,4.93,3.24,-0.0791,3.39,27.19,0.0,-3.39,-3
Ferrari,2018,amd,AMD,Technology,1,1,1,25,4.93,3.24,-0.0791,3.39,27.19,0.0,-3.39,-3
Ferrari,2018,singha,Singha,Food & Beverage,0,1,1,25,4.93,3.24,-0.0791,3.39,27.19,0.0,-3.39,-3
Ferrari,2018,pirelli,Pirelli,Automotive,1,1,1,25,4.93,3.24,-0.0791,3.39,27.19,0.0,-3.39,-3
Ferrari,2018,pumaswisse,Puma Swisse,Food & Beverage,0,1,1,25,4.93,3.24,-0.0791,3.39,27.19,0.0,-3.39,-3
Ferrari,2018,experis,Experis,Business Services,1,1,1,25,4.93,3.24,-0.0791,3.39,27.19,0.0,-3.39,-3
Ferrari,2018,skf,SKF,Industrial & Aerospace,1,1,1,25,4.93,3.24,-0.0791,3.39,27.19,0.0,-3.39,-3
Ferrari,2018,marelli,Magneti Marelli,Automotive,1,1,1,25,4.93,3.24,-0.0791,3.39,27.19,0.0,-3.39,-3
Ferrari,2018,ngk,NGK,Automotive,1,1,1,25,4.93,3.24,-0.0791,3.39,27.19,0.0,-3.39,-3
Ferrari,2018,brembo,Brembo,Automotive,1,1,1,25,4.93,3.24,-0.0791,3.39,27.19,0.0,-3.39,-3
Ferrari,2018,riedel,Riedel,Technology,1,1,1,25,4.93,3.24,-0.0791,3.39,27.19,0.0,-3.39,-3
Ferrari,2018,iveco,Iveco,Automotive,1,1,1,25,4.93,3.24,-0.0791,3.39,27.19,0.0,-3.39,-3
Ferrari,2018,bell,Bell,Automotive,0,1,1,25,4.93,3.24,-0.0791,3.39,27.19,0.0,-3.39,-3
Ferrari,2018,oz,Oz,Automotive,0,1,1,25,4.93,3.24,-0.0791,3.39,27.19,0.0,-3.39,-3
Ferrari,2018,honeywell,Honeywell,Industrial & Aerospace,0,1,1,25,4.93,3.24,-0.0791,3.39,27.19,0.0,-3.39,-3
Ferrari,2018,veuveclicquot,Veuve Clicquot,Food & Beverage,0,1,1,25,4.93,3.24,-0.0791,3.39,27.19,0.0,-3.39,-3
Ferrari,2019,philipmorrisinternational,Phillip Morris International,Other,1,1,0,24,6.0,4.19,0.2677,4.47,24.0,0.0,-4.47,-2
Ferrari,2019,shell,Shell,Energy,1,2,1,24,6.0,4.19,0.2677,4.47,24.0,0.6931471805599453,-4.47,-2
Ferrari,2019,rayban,Ray-Ban,Luxury & Fashion,1,2,1,24,6.0,4.19,0.2677,4.47,24.0,0.6931471805599453,-4.47,-2
Ferrari,2019,kaspersky,Kaspersky,Cybersecurity,1,2,1,24,6.0,4.19,0.2677,4.47,24.0,0.6931471805599453,-4.47,-2
Ferrari,2019,ups,UPS,"Travel, Hospitality & Logistics",1,2,1,24,6.0,4.19,0.2677,4.47,24.0,0.6931471805599453,-4.47,-2
Ferrari,2019,lenovo,Lenovo,Technology,0,2,1,24,6.0,4.19,0.2677,4.47,24.0,0.6931471805599453,-4.47,-2
Ferrari,2019,weichai,Weichei,Industrial & Aerospace,0,2,1,24,6.0,4.19,0.2677,4.47,24.0,0.6931471805599453,-4.47,-2
Ferrari,2019,hublot,Hublot,Luxury Watches,1,2,1,24,6.0,4.19,0.2677,4.47,24.0,0.6931471805599453,-4.47,-2
Ferrari,2019,mahle,MAHLE,Automotive,1,2,1,24,6.0,4.19,0.2677,4.47,24.0,0.6931471805599453,-4.47,-2
Ferrari,2019,omr,OMR,Media & Entertainment,1,2,1,24,6.0,4.19,0.2677,4.47,24.0,0.6931471805599453,-4.47,-2
Ferrari,2019,amd,AMD,Technology,0,2,1,24,6.0,4.19,0.2677,4.47,24.0,0.6931471805599453,-4.47,-2
Ferrari,2019,pirelli,Pirelli,Automotive,1,2,1,24,6.0,4.19,0.2677,4.47,24.0,0.6931471805599453,-4.47,-2
Ferrari,2019,puma,Puma,Apparel & Sportswear,1,1,0,24,6.0,4.19,0.2677,4.47,24.0,0.0,-4.47,-2
Ferrari,2019,eightcap,Eightcap,Financial Services,1,1,0,24,6.0,4.19,0.2677,4.47,24.0,0.0,-4.47,-2
Ferrari,2019,laszmoe,Laszmoe,Other,0,1,0,24,6.0,4.19,0.2677,4.47,24.0,0.0,-4.47,-2
Ferrari,2019,infor,Infor,Technology,1,1,0,24,6.0,4.19,0.2677,4.47,24.0,0.0,-4.47,-2
Ferrari,2019,experis,Experis,Business Services,1,2,1,24,6.0,4.19,0.2677,4.47,24.0,0.6931471805599453,-4.47,-2
Ferrari,2019,skf,SKF,Industrial & Aerospace,1,2,1,24,6.0,4.19,0.2677,4.47,24.0,0.6931471805599453,-4.47,-2
Ferrari,2019,marelli,Magneti-Marelli,Automotive,1,2,1,24,6.0,4.19,0.2677,4.47,24.0,0.6931471805599453,-4.47,-2
Ferrari,2019,ngk,NGK,Automotive,1,2,1,24,6.0,4.19,0.2677,4.47,24.0,0.6931471805599453,-4.47,-2
Ferrari,2019,brembo,Brembo,Automotive,1,2,1,24,6.0,4.19,0.2677,4.47,24.0,0.6931471805599453,-4.47,-2
Ferrari,2019,riedel,Riedel,Technology,1,2,1,24,6.0,4.19,0.2677,4.47,24.0,0.6931471805599453,-4.47,-2
Ferrari,2019,vistajet,VistaJet,"Travel, Hospitality & Logistics",1,1,0,24,6.0,4.19,0.2677,4.47,24.0,0.0,-4.47,-2
Ferrari,2019,iveco,Iveco,Automotive,1,2,1,24,6.0,4.19,0.2677,4.47,24.0,0.6931471805599453,-4.47,-2
Ferrari,2020,philipmorrisinternational,Philip Morris International,Other,0,2,0,27,10.71,10.26,0.3339,4.37,7.71,0.6931471805599453,-4.37,-1
Ferrari,2020,shell,Shell,Energy,1,3,1,27,10.71,10.26,0.3339,4.37,7.71,1.0986122886681098,-4.37,-1
Ferrari,2020,rayban,Ray Ban,Luxury & Fashion,1,3,1,27,10.71,10.26,0.3339,4.37,7.71,1.0986122886681098,-4.37,-1
Ferrari,2020,kaspersky,Kapersky,Cybersecurity,1,3,1,27,10.71,10.26,0.3339,4.37,7.71,1.0986122886681098,-4.37,-1
Ferrari,2020,ups,UPS,"Travel, Hospitality & Logistics",1,3,1,27,10.71,10.26,0.3339,4.37,7.71,1.0986122886681098,-4.37,-1
Ferrari,2020,hublot,Hublot,Luxury Watches,0,3,1,27,10.71,10.26,0.3339,4.37,7.71,1.0986122886681098,-4.37,-1
Ferrari,2020,mahle,Mahle,Automotive,1,3,1,27,10.71,10.26,0.3339,4.37,7.71,1.0986122886681098,-4.37,-1
Ferrari,2020,omr,OMR,Media & Entertainment,1,3,1,27,10.71,10.26,0.3339,4.37,7.71,1.0986122886681098,-4.37,-1
Ferrari,2020,puma,Puma,Apparel & Sportswear,1,2,0,27,10.71,10.26,0.3339,4.37,7.71,0.6931471805599453,-4.37,-1
Ferrari,2020,eightcap,Eightcap,Financial Services,0,2,0,27,10.71,10.26,0.3339,4.37,7.71,0.6931471805599453,-4.37,-1
Ferrari,2020,infor,Infor,Technology,0,2,0,27,10.71,10.26,0.3339,4.37,7.71,0.6931471805599453,-4.37,-1
Ferrari,2020,skf,SKF,Industrial & Aerospace,1,3,1,27,10.71,10.26,0.3339,4.37,7.71,1.0986122886681098,-4.37,-1
Ferrari,2020,marelli,Marelli,Automotive,1,3,1,27,10.71,10.26,0.3339,4.37,7.71,1.0986122886681098,-4.37,-1
Ferrari,2020,ngk,NGK,Automotive,0,3,1,27,10.71,10.26,0.3339,4.37,7.71,1.0986122886681098,-4.37,-1
Ferrari,2020,vistajet,VistaJet,"Travel, Hospitality & Logistics",1,2,0,27,10.71,10.26,0.3339,4.37,7.71,0.6931471805599453,-4.37,-1
Ferrari,2020,brembo,Brembo,Automotive,1,3,1,27,10.71,10.26,0.3339,4.37,7.71,1.0986122886681098,-4.37,-1
Ferrari,2020,experis,Experis,Business Services,1,3,1,27,10.71,10.26,0.3339,4.37,7.71,1.0986122886681098,-4.37,-1
Ferrari,2020,riedel,Riedel,Technology,1,3,1,27,10.71,10.26,0.3339,4.37,7.71,1.0986122886681098,-4.37,-1
Ferrari,2020,iveco,Iveco,Automotive,1,3,1,27,10.71,10.26,0.3339,4.37,7.71,1.0986122886681098,-4.37,-1
Ferrari,2020,ozracing,OZ racing,Automotive,0,1,0,27,10.71,10.26,0.3339,4.37,7.71,0.0,-4.37,-1
Ferrari,2020,sabelt,Sabelt,Automotive,1,1,0,27,10.71,10.26,0.3339,4.37,7.71,0.0,-4.37,-1
Ferrari,2020,bell,Bell,Automotive,1,1,0,27,10.71,10.26,0.3339,4.37,7.71,0.0,-4.37,-1
Ferrari,2020,palantir,Palantir,Technology,1,1,0,27,10.71,10.26,0.3339,4.37,7.71,0.0,-4.37,-1
Ferrari,2020,alfaromeo,Alfa Romeo,Automotive,1,1,0,27,10.71,10.26,0.3339,4.37,7.71,0.0,-4.37,-1
Ferrari,2020,garrett,Garrett,Automotive,1,1,0,27,10.71,10.26,0.3339,4.37,7.71,0.0,-4.37,-1
Ferrari,2020,technogym,Technogym,Apparel & Sportswear,1,1,0,27,10.71,10.26,0.3339,4.37,7.71,0.0,-4.37,-1
Ferrari,2020,pirelli,Pirelli,Automotive,1,3,1,27,10.71,10.26,0.3339,4.37,7.71,1.0986122886681098,-4.37,-1
Ferrari,2021,missionwinnow,Mission Winnow,Other,0,1,0,28,7.11,7.39,0.0706,3.33,14.66,0.0,-3.33,0
Ferrari,2021,rayban,Ray-Ban,Luxury & Fashion,1,4,1,28,7.11,7.39,0.0706,3.33,14.66,1.3862943611198906,-3.33,0
Ferrari,2021,richardmille,Richard Mille,Luxury Watches,1,1,0,28,7.11,7.39,0.0706,3.33,14.66,0.0,-3.33,0
Ferrari,2021,kaspersky,Kaspersky,Cybersecurity,1,4,1,28,7.11,7.39,0.0706,3.33,14.66,1.3862943611198906,-3.33,0
Ferrari,2021,ups,UPS,"Travel, Hospitality & Logistics",0,4,1,28,7.11,7.39,0.0706,3.33,14.66,1.3862943611198906,-3.33,0
Ferrari,2021,weichai,Weichai,Industrial & Aerospace,0,1,0,28,7.11,7.39,0.0706,3.33,14.66,0.0,-3.33,0
Ferrari,2021,estrellagalicia,Estrella Galicia,Food & Beverage,1,1,0,28,7.11,7.39,0.0706,3.33,14.66,0.0,-3.33,0
Ferrari,2021,omr,OMR,Media & Entertainment,1,4,1,28,7.11,7.39,0.0706,3.33,14.66,1.3862943611198906,-3.33,0
Ferrari,2021,mahle,MAHLE,Automotive,1,4,1,28,7.11,7.39,0.0706,3.33,14.66,1.3862943611198906,-3.33,0
Ferrari,2021,pirelli,Pirelli,Automotive,1,4,1,28,7.11,7.39,0.0706,3.33,14.66,1.3862943611198906,-3.33,0
Ferrari,2021,puma,Puma,Apparel & Sportswear,1,3,0,28,7.11,7.39,0.0706,3.33,14.66,1.0986122886681098,-3.33,0
Ferrari,2021,radiobook,Radiobook,Media & Entertainment,1,1,0,28,7.11,7.39,0.0706,3.33,14.66,0.0,-3.33,0
Ferrari,2021,skf,SKF,Industrial & Aerospace,1,4,1,28,7.11,7.39,0.0706,3.33,14.66,1.3862943611198906,-3.33,0
Ferrari,2021,vistajet,Vistajet,"Travel, Hospitality & Logistics",1,3,0,28,7.11,7.39,0.0706,3.33,14.66,1.0986122886681098,-3.33,0
Ferrari,2021,marelli,Marelli,Automotive,0,4,1,28,7.11,7.39,0.0706,3.33,14.66,1.3862943611198906,-3.33,0
Ferrari,2021,ngksparkplugs,NGK Spark Plugs,Automotive,1,1,0,28,7.11,7.39,0.0706,3.33,14.66,0.0,-3.33,0
Ferrari,2021,brembo,Brembo,Automotive,1,4,1,28,7.11,7.39,0.0706,3.33,14.66,1.3862943611198906,-3.33,0
Ferrari,2021,experis,Experis,Business Services,0,4,1,28,7.11,7.39,0.0706,3.33,14.66,1.3862943611198906,-3.33,0
Ferrari,2021,riedel,Riedel,Technology,1,4,1,28,7.11,7.39,0.0706,3.33,14.66,1.3862943611198906,-3.33,0
Ferrari,2021,iveco,Iveco,Automotive,1,4,1,28,7.11,7.39,0.0706,3.33,14.66,1.3862943611198906,-3.33,0
Ferrari,2021,palantir,Palantir,Technology,1,2,0,28,7.11,7.39,0.0706,3.33,14.66,0.6931471805599453,-3.33,0
Ferrari,2021,bell,Bell,Automotive,1,2,0,28,7.11,7.39,0.0706,3.33,14.66,0.6931471805599453,-3.33,0
Ferrari,2021,technogym,Technogym,Apparel & Sportswear,1,2,0,28,7.11,7.39,0.0706,3.33,14.66,0.6931471805599453,-3.33,0
Ferrari,2021,alfaromeo,Alfa Romeo,Automotive,0,2,0,28,7.11,7.39,0.0706,3.33,14.66,0.6931471805599453,-3.33,0
Ferrari,2021,garrett,Garrett,Automotive,1,2,0,28,7.11,7.39,0.0706,3.33,14.66,0.6931471805599453,-3.33,0
Ferrari,2021,shell,Shell,Energy,1,4,1,28,7.11,7.39,0.0706,3.33,14.66,1.3862943611198906,-3.33,0
Ferrari,2021,giorgioarmani,Giorgio Armani,Luxury & Fashion,1,1,0,28,7.11,7.39,0.0706,3.33,14.66,0.0,-3.33,0
Ferrari,2021,sabelt,Sabelt,Automotive,1,2,0,28,7.11,7.39,0.0706,3.33,14.66,0.6931471805599453,-3.33,0
Ferrari,2022,shell,Shell,Energy,1,5,1,29,6.68,3.41,0.03,5.22,23.59,1.6094379124341003,-5.22,1
Ferrari,2022,santander,Santander,Financial Services,1,1,0,29,6.68,3.41,0.03,5.22,23.59,0.0,-5.22,1
Ferrari,2022,velas,Velas,Crypto & Web3,0,1,0,29,6.68,3.41,0.03,5.22,23.59,0.0,-5.22,1
Ferrari,2022,snapdragon,Snapdragon,Technology,0,1,0,29,6.68,3.41,0.03,5.22,23.59,0.0,-5.22,1
Ferrari,2022,rayban,Ray-Ban,Luxury & Fashion,1,5,1,29,6.68,3.41,0.03,5.22,23.59,1.6094379124341003,-5.22,1
Ferrari,2022,amazonwebservices,Amazon Web Services,Technology,0,1,0,29,6.68,3.41,0.03,5.22,23.59,0.0,-5.22,1
Ferrari,2022,richardmille,Richard Mille,Luxury Watches,1,2,0,29,6.68,3.41,0.03,5.22,23.59,0.6931471805599453,-5.22,1
Ferrari,2022,cevalogistics,Ceva Logistics,"Travel, Hospitality & Logistics",1,1,0,29,6.68,3.41,0.03,5.22,23.59,0.0,-5.22,1
Ferrari,2022,estrellagalicia,Estrella Galicia,Food & Beverage,1,2,0,29,6.68,3.41,0.03,5.22,23.59,0.6931471805599453,-5.22,1
Ferrari,2022,palantir,Palantir,Technology,1,3,0,29,6.68,3.41,0.03,5.22,23.59,1.0986122886681098,-5.22,1
Ferrari,2022,omr,OMR,Media & Entertainment,0,5,1,29,6.68,3.41,0.03,5.22,23.59,1.6094379124341003,-5.22,1
Ferrari,2022,puma,Puma,Apparel & Sportswear,1,4,0,29,6.68,3.41,0.03,5.22,23.59,1.3862943611198906,-5.22,1
Ferrari,2022,kaspersky,Kaspersky,Cybersecurity,0,5,1,29,6.68,3.41,0.03,5.22,23.59,1.6094379124341003,-5.22,1
Ferrari,2022,radiobook,RadioBook,Media & Entertainment,0,2,0,29,6.68,3.41,0.03,5.22,23.59,0.6931471805599453,-5.22,1
Ferrari,2022,vistajet,VistaJet,"Travel, Hospitality & Logistics",1,4,0,29,6.68,3.41,0.03,5.22,23.59,1.3862943611198906,-5.22,1
Ferrari,2022,giorgioarmani,Giorgio Armani,Luxury & Fashion,1,2,0,29,6.68,3.41,0.03,5.22,23.59,0.6931471805599453,-5.22,1
Ferrari,2022,mahle,Mahle,Automotive,1,5,1,29,6.68,3.41,0.03,5.22,23.59,1.6094379124341003,-5.22,1
Ferrari,2022,pirelli,Pirelli,Automotive,1,5,1,29,6.68,3.41,0.03,5.22,23.59,1.6094379124341003,-5.22,1
Ferrari,2022,skf,SKF,Industrial & Aerospace,1,5,1,29,6.68,3.41,0.03,5.22,23.59,1.6094379124341003,-5.22,1
Ferrari,2022,ngksparkplugs,NGK Spark Plugs,Automotive,1,2,0,29,6.68,3.41,0.03,5.22,23.59,0.6931471805599453,-5.22,1
Ferrari,2022,brembo,Brembo,Automotive,1,5,1,29,6.68,3.41,0.03,5.22,23.59,1.6094379124341003,-5.22,1
Ferrari,2022,manpowergroup,Manpower Group,Business Services,1,1,0,29,6.68,3.41,0.03,5.22,23.59,0.0,-5.22,1
Ferrari,2022,technogym,Techno Gym,Apparel & Sportswear,1,3,0,29,6.68,3.41,0.03,5.22,23.59,1.0986122886681098,-5.22,1
Ferrari,2022,iveco,Iveco,Automotive,1,5,1,29,6.68,3.41,0.03,5.22,23.59,1.6094379124341003,-5.22,1
Ferrari,2022,bell,Bell Helmets,Automotive,0,3,0,29,6.68,3.41,0.03,5.22,23.59,1.0986122886681098,-5.22,1
Ferrari,2022,riedel,Riedel,Technology,1,5,1,29,6.68,3.41,0.03,5.22,23.59,1.6094379124341003,-5.22,1
Ferrari,2022,garrett,Garrett,Automotive,1,3,0,29,6.68,3.41,0.03,5.22,23.59,1.0986122886681098,-5.22,1
Ferrari,2022,sabelt,Sabelt,Automotive,1,3,0,29,6.68,3.41,0.03,5.22,23.59,1.0986122886681098,-5.22,1
Ferrari,2022,qualcommtechnologies,Qualcomm Technologies,Technology,0,1,0,29,6.68,3.41,0.03,5.22,23.59,0.0,-5.22,1
Ferrari,2023,shell,Shell,Energy,1,6,1,35,7.86,4.91,0.3839,3.8,16.5,1.791759469228055,-3.8,2
Ferrari,2023,santander,Santander,Financial Services,1,2,0,35,7.86,4.91,0.3839,3.8,16.5,0.6931471805599453,-3.8,2
Ferrari,2023,rayban,Ray-Ban,Luxury & Fashion,1,6,1,35,7.86,4.91,0.3839,3.8,16.5,1.791759469228055,-3.8,2
Ferrari,2023,aws,AWS,Technology,1,1,0,35,7.86,4.91,0.3839,3.8,16.5,0.0,-3.8,2
Ferrari,2023,richardmille,Richard Mille,Luxury Watches,1,3,0,35,7.86,4.91,0.3839,3.8,16.5,1.0986122886681098,-3.8,2
Ferrari,2023,cevalogistics,Ceva Logistics,"Travel, Hospitality & Logistics",1,2,0,35,7.86,4.91,0.3839,3.8,16.5,0.6931471805599453,-3.8,2
Ferrari,2023,estrellagalicia,Estrella Galicia,Food & Beverage,0,3,0,35,7.86,4.91,0.3839,3.8,16.5,1.0986122886681098,-3.8,2
Ferrari,2023,omrautomotive,OMR Automotive,Automotive,1,1,0,35,7.86,4.91,0.3839,3.8,16.5,0.0,-3.8,2
Ferrari,2023,mahle,MAHLE,Automotive,1,6,1,35,7.86,4.91,0.3839,3.8,16.5,1.791759469228055,-3.8,2
Ferrari,2023,pirelli,Pirelli,Automotive,1,6,1,35,7.86,4.91,0.3839,3.8,16.5,1.791759469228055,-3.8,2
Ferrari,2023,puma,Puma,Apparel & Sportswear,1,5,0,35,7.86,4.91,0.3839,3.8,16.5,1.6094379124341003,-3.8,2
Ferrari,2023,skf,SKF,Industrial & Aerospace,1,6,1,35,7.86,4.91,0.3839,3.8,16.5,1.791759469228055,-3.8,2
Ferrari,2023,vistajet,VistaJet,"Travel, Hospitality & Logistics",1,5,0,35,7.86,4.91,0.3839,3.8,16.5,1.6094379124341003,-3.8,2
Ferrari,2023,ngksparkplugs,NGK Spark Plugs,Automotive,1,3,0,35,7.86,4.91,0.3839,3.8,16.5,1.0986122886681098,-3.8,2
Ferrari,2023,brembo,Brembo,Automotive,1,6,1,35,7.86,4.91,0.3839,3.8,16.5,1.791759469228055,-3.8,2
Ferrari,2023,riedel,Riedel,Technology,1,6,1,35,7.86,4.91,0.3839,3.8,16.5,1.791759469228055,-3.8,2
Ferrari,2023,iveco,Iveco,Automotive,1,6,1,35,7.86,4.91,0.3839,3.8,16.5,1.791759469228055,-3.8,2
Ferrari,2023,palantir,Palantir,Technology,0,4,0,35,7.86,4.91,0.3839,3.8,16.5,1.3862943611198906,-3.8,2
Ferrari,2023,manpowergroup,ManPower Group,Business Services,1,2,0,35,7.86,4.91,0.3839,3.8,16.5,0.6931471805599453,-3.8,2
Ferrari,2023,technogym,Technogym,Apparel & Sportswear,1,4,0,35,7.86,4.91,0.3839,3.8,16.5,1.3862943611198906,-3.8,2
Ferrari,2023,garrett,Garrett,Automotive,1,4,0,35,7.86,4.91,0.3839,3.8,16.5,1.3862943611198906,-3.8,2
Ferrari,2023,giorgioarmani,Giorgio Armani,Luxury & Fashion,1,3,0,35,7.86,4.91,0.3839,3.8,16.5,1.0986122886681098,-3.8,2
Ferrari,2023,sabelt,Sabelt,Automotive,1,4,0,35,7.86,4.91,0.3839,3.8,16.5,1.3862943611198906,-3.8,2
Ferrari,2023,vgwplay,VGW Play,Other,1,1,0,35,7.86,4.91,0.3839,3.8,16.5,0.0,-3.8,2
Ferrari,2023,missionwinnow,Mission Winnow,Other,0,1,0,35,7.86,4.91,0.3839,3.8,16.5,0.0,-3.8,2
Ferrari,2023,genesys,Genesys,Technology,1,1,0,35,7.86,4.91,0.3839,3.8,16.5,0.0,-3.8,2
Ferrari,2023,bitdefender,Bitdefender,Cybersecurity,1,1,0,35,7.86,4.91,0.3839,3.8,16.5,0.0,-3.8,2
Ferrari,2023,hclsoftware,HCL Software,Technology,1,1,0,35,7.86,4.91,0.3839,3.8,16.5,0.0,-3.8,2
Ferrari,2023,harmanautomotive,Harman Automotive,Automotive,1,1,0,35,7.86,4.91,0.3839,3.8,16.5,0.0,-3.8,2
Ferrari,2023,zcg,ZCG,Financial Services,1,1,0,35,7.86,4.91,0.3839,3.8,16.5,0.0,-3.8,2
Ferrari,2023,bangolufsen,Bang Olufsen,Technology,1,1,0,35,7.86,4.91,0.3839,3.8,16.5,0.0,-3.8,2
Ferrari,2023,ecopol,Ecopol,Industrial & Aerospace,1,1,0,35,7.86,4.91,0.3839,3.8,16.5,0.0,-3.8,2
Ferrari,2023,riva,Riva,Luxury & Fashion,1,1,0,35,7.86,4.91,0.3839,3.8,16.5,0.0,-3.8,2
Ferrari,2023,frecciarossa,Freccia Rossa,"Travel, Hospitality & Logistics",0,1,0,35,7.86,4.91,0.3839,3.8,16.5,0.0,-3.8,2
Ferrari,2023,ohlins,Ohlins,Automotive,1,1,0,35,7.86,4.91,0.3839,3.8,16.5,0.0,-3.8,2
Ferrari,2024,shell,Shell,Energy,1,7,1,36,5.15,5.54,0.6069,2.93,24.79,1.9459101490553132,-2.93,3
Ferrari,2024,santander,Santander,Financial Services,0,3,0,36,5.15,5.54,0.6069,2.93,24.79,1.0986122886681098,-2.93,3
Ferrari,2024,rayban,Ray-Ban,Luxury & Fashion,1,7,1,36,5.15,5.54,0.6069,2.93,24.79,1.9459101490553132,-2.93,3
Ferrari,2024,aws,AWS,Technology,1,2,0,36,5.15,5.54,0.6069,2.93,24.79,0.6931471805599453,-2.93,3
Ferrari,2024,richardmille,Richard Mille,Luxury Watches,1,4,0,36,5.15,5.54,0.6069,2.93,24.79,1.3862943611198906,-2.93,3
Ferrari,2024,cevalogistics,Ceva Logistics,"Travel, Hospitality & Logistics",1,3,0,36,5.15,5.54,0.6069,2.93,24.79,1.0986122886681098,-2.93,3
Ferrari,2024,omrautomotive,OMR Automotive,Automotive,1,2,0,36,5.15,5.54,0.6069,2.93,24.79,0.6931471805599453,-2.93,3
Ferrari,2024,mahle,MAHLE,Automotive,1,7,1,36,5.15,5.54,0.6069,2.93,24.79,1.9459101490553132,-2.93,3
Ferrari,2024,pirelli,Pirelli,Automotive,1,7,1,36,5.15,5.54,0.6069,2.93,24.79,1.9459101490553132,-2.93,3
Ferrari,2024,puma,Puma,Apparel & Sportswear,1,6,0,36,5.15,5.54,0.6069,2.93,24.79,1.791759469228055,-2.93,3
Ferrari,2024,bell,Bell,Automotive,1,1,0,36,5.15,5.54,0.6069,2.93,24.79,0.0,-2.93,3
Ferrari,2024,skf,SKF,Industrial & Aerospace,1,7,1,36,5.15,5.54,0.6069,2.93,24.79,1.9459101490553132,-2.93,3
Ferrari,2024,vistajet,VistaJet,"Travel, Hospitality & Logistics",1,6,0,36,5.15,5.54,0.6069,2.93,24.79,1.791759469228055,-2.93,3
Ferrari,2024,ngksparkplugs,NGK Spark Plugs,Automotive,1,4,0,36,5.15,5.54,0.6069,2.93,24.79,1.3862943611198906,-2.93,3
Ferrari,2024,brembo,Brembo,Automotive,1,7,1,36,5.15,5.54,0.6069,2.93,24.79,1.9459101490553132,-2.93,3
Ferrari,2024,riedel,Riedel,Technology,1,7,1,36,5.15,5.54,0.6069,2.93,24.79,1.9459101490553132,-2.93,3
Ferrari,2024,iveco,Iveco,Automotive,1,7,1,36,5.15,5.54,0.6069,2.93,24.79,1.9459101490553132,-2.93,3
Ferrari,2024,manpowergroup,ManPower Group,Business Services,1,3,0,36,5.15,5.54,0.6069,2.93,24.79,1.0986122886681098,-2.93,3
Ferrari,2024,technogym,Technogym,Apparel & Sportswear,1,5,0,36,5.15,5.54,0.6069,2.93,24.79,1.6094379124341003,-2.93,3
Ferrari,2024,garrett,Garrett,Automotive,1,5,0,36,5.15,5.54,0.6069,2.93,24.79,1.6094379124341003,-2.93,3
Ferrari,2024,giorgioarmani,Giorgio Armani,Luxury & Fashion,1,4,0,36,5.15,5.54,0.6069,2.93,24.79,1.3862943611198906,-2.93,3
Ferrari,2024,sabelt,Sabelt,Automotive,1,5,0,36,5.15,5.54,0.6069,2.93,24.79,1.6094379124341003,-2.93,3
Ferrari,2024,vgwplay,VGW Play,Other,1,2,0,36,5.15,5.54,0.6069,2.93,24.79,0.6931471805599453,-2.93,3
Ferrari,2024,genesys,Genesys,Technology,1,2,0,36,5.15,5.54,0.6069,2.93,24.79,0.6931471805599453,-2.93,3
Ferrari,2024,bitdefender,Bitdefender,Cybersecurity,1,2,0,36,5.15,5.54,0.6069,2.93,24.79,0.6931471805599453,-2.93,3
Ferrari,2024,hclsoftware,HCL Software,Technology,1,2,0,36,5.15,5.54,0.6069,2.93,24.79,0.6931471805599453,-2.93,3
Ferrari,2024,harmanautomotive,Harman Automotive,Automotive,0,2,0,36,5.15,5.54,0.6069,2.93,24.79,0.6931471805599453,-2.93,3
Ferrari,2024,zcg,ZCG,Financial Services,1,2,0,36,5.15,5.54,0.6069,2.93,24.79,0.6931471805599453,-2.93,3
Ferrari,2024,bangolufsen,Bang Olufsen,Technology,1,2,0,36,5.15,5.54,0.6069,2.93,24.79,0.6931471805599453,-2.93,3
Ferrari,2024,ecopol,Ecopol,Industrial & Aerospace,1,2,0,36,5.15,5.54,0.6069,2.93,24.79,0.6931471805599453,-2.93,3
Ferrari,2024,riva,Riva,Luxury & Fashion,0,2,0,36,5.15,5.54,0.6069,2.93,24.79,0.6931471805599453,-2.93,3
Ferrari,2024,ohlins,Ohlins,Automotive,1,2,0,36,5.15,5.54,0.6069,2.93,24.79,0.6931471805599453,-2.93,3
Ferrari,2024,dxctechnology,DXC Technology,Technology,1,1,0,36,5.15,5.54,0.6069,2.93,24.79,0.0,-2.93,3
Ferrari,2024,peroni,Peroni,Food & Beverage,1,1,0,36,5.15,5.54,0.6069,2.93,24.79,0.0,-2.93,3
Ferrari,2024,philipmorrisinternational,Philip Morris International,Other,1,1,0,36,5.15,5.54,0.6069,2.93,24.79,0.0,-2.93,3
Ferrari,2024,celsius,Celsius,Food & Beverage,1,1,0,36,5.15,5.54,0.6069,2.93,24.79,0.0,-2.93,3
Haas,2018,haasautomation,Haas Automation,Industrial & Aerospace,0,1,1,8,11.98,10.29,0.3443,4.27,4.43,0.0,-4.27,-3
Haas,2018,alpinestars,Alpinestars,Apparel & Sportswear,1,1,1,8,11.98,10.29,0.3443,4.27,4.43,0.0,-4.27,-3
Haas,2018,pirelli,Pirelli,Automotive,1,1,1,8,11.98,10.29,0.3443,4.27,4.43,0.0,-4.27,-3
Haas,2018,jackjones,Jack & Jones,Apparel & Sportswear,1,1,1,8,11.98,10.29,0.3443,4.27,4.43,0.0,-4.27,-3
Haas,2018,richardmille,Richard Mille,Luxury Watches,1,1,1,8,11.98,10.29,0.3443,4.27,4.43,0.0,-4.27,-3
Haas,2018,windshear,Wind Shear,Industrial & Aerospace,0,1,1,8,11.98,10.29,0.3443,4.27,4.43,0.0,-4.27,-3
Haas,2018,peak,Peak,Apparel & Sportswear,1,1,1,8,11.98,10.29,0.3443,4.27,4.43,0.0,-4.27,-3
Haas,2018,bluedef,BlueDEF,Automotive,1,1,1,8,11.98,10.29,0.3443,4.27,4.43,0.0,-4.27,-3
Haas,2019,richenergy,Rich Energy,Food & Beverage,0,1,0,8,14.4,11.81,0.538,3.07,1.33,0.0,-3.07,-2
Haas,2019,jackjones,Jack & Jones,Apparel & Sportswear,1,2,1,8,14.4,11.81,0.538,3.07,1.33,0.6931471805599453,-3.07,-2
Haas,2019,peak,Peak,Apparel & Sportswear,1,2,1,8,14.4,11.81,0.538,3.07,1.33,0.6931471805599453,-3.07,-2
Haas,2019,bluedef,BlueDEF,Automotive,1,2,1,8,14.4,11.81,0.538,3.07,1.33,0.6931471805599453,-3.07,-2
Haas,2019,brandedlondon,Branded London,Other,0,1,0,8,14.4,11.81,0.538,3.07,1.33,0.0,-3.07,-2
Haas,2019,richardmille,Richard Mille,Luxury Watches,1,2,1,8,14.4,11.81,0.538,3.07,1.33,0.6931471805599453,-3.07,-2
Haas,2019,alpinestars,Alpinestars,Apparel & Sportswear,1,2,1,8,14.4,11.81,0.538,3.07,1.33,0.6931471805599453,-3.07,-2
Haas,2019,pirelli,Pirelli,Automotive,1,2,1,8,14.4,11.81,0.538,3.07,1.33,0.6931471805599453,-3.07,-2
Haas,2020,haasautomation,Haas Automation,Industrial & Aerospace,1,1,0,11,15.79,17.09,0.2665,2.14,0.18,0.0,-2.14,-1
Haas,2020,jackjones,Jack & Jones,Apparel & Sportswear,0,3,1,11,15.79,17.09,0.2665,2.14,0.18,1.0986122886681098,-2.14,-1
Haas,2020,peak,Peak,Apparel & Sportswear,0,3,1,11,15.79,17.09,0.2665,2.14,0.18,1.0986122886681098,-2.14,-1
Haas,2020,bluedef,BlueDEF,Automotive,0,3,1,11,15.79,17.09,0.2665,2.14,0.18,1.0986122886681098,-2.14,-1
Haas,2020,stichd,Stichd,Apparel & Sportswear,1,1,0,11,15.79,17.09,0.2665,2.14,0.18,0.0,-2.14,-1
Haas,2020,alpinestars,Alpinestars,Apparel & Sportswear,1,3,1,11,15.79,17.09,0.2665,2.14,0.18,1.0986122886681098,-2.14,-1
Haas,2020,richardmille,Richard Mille,Luxury Watches,0,3,1,11,15.79,17.09,0.2665,2.14,0.18,1.0986122886681098,-2.14,-1
Haas,2020,nominetcyber,Nominet Cyber,Cybersecurity,0,1,0,11,15.79,17.09,0.2665,2.14,0.18,0.0,-2.14,-1
Haas,2020,mindmaze,MindMaze,Technology,0,1,0,11,15.79,17.09,0.2665,2.14,0.18,0.0,-2.14,-1
Haas,2020,windshear,Windshear,Industrial & Aerospace,0,1,0,11,15.79,17.09,0.2665,2.14,0.18,0.0,-2.14,-1
Haas,2020,pirelli,Pirelli,Automotive,1,3,1,11,15.79,17.09,0.2665,2.14,0.18,1.0986122886681098,-2.14,-1
Haas,2021,uralkali,Uralkali,Industrial & Aerospace,0,1,0,9,17.25,18.91,-0.2142,2.23,0.0,0.0,-2.23,0
Haas,2021,11,1&1,Telecom,1,1,0,9,17.25,18.91,-0.2142,2.23,0.0,0.0,-2.23,0
Haas,2021,alpinestars,Alpinestars,Apparel & Sportswear,1,4,1,9,17.25,18.91,-0.2142,2.23,0.0,1.3862943611198906,-2.23,0
Haas,2021,pirelli,Pirelli,Automotive,1,4,1,9,17.25,18.91,-0.2142,2.23,0.0,1.3862943611198906,-2.23,0
Haas,2021,schuberth,Schuberth,Automotive,1,1,0,9,17.25,18.91,-0.2142,2.23,0.0,0.0,-2.23,0
Haas,2021,stichd,Stichd,Apparel & Sportswear,0,2,0,9,17.25,18.91,-0.2142,2.23,0.0,0.6931471805599453,-2.23,0
Haas,2021,haasautomation,Haas Automation,Industrial & Aerospace,0,2,0,9,17.25,18.91,-0.2142,2.23,0.0,0.6931471805599453,-2.23,0
Haas,2021,ionos,Ionos,Technology,1,1,0,9,17.25,18.91,-0.2142,2.23,0.0,0.0,-2.23,0
Haas,2021,underarmour,Under Armour,Apparel & Sportswear,1,1,0,9,17.25,18.91,-0.2142,2.23,0.0,0.0,-2.23,0
Haas,2022,11,1&1,Telecom,0,2,0,11,14.02,13.41,0.1777,4.66,1.5,0.6931471805599453,-4.66,1
Haas,2022,alpinestars,AlpineStars,Apparel & Sportswear,1,5,1,11,14.02,13.41,0.1777,4.66,1.5,1.6094379124341003,-4.66,1
Haas,2022,cyrus,Cyrus,Technology,0,1,0,11,14.02,13.41,0.1777,4.66,1.5,0.0,-4.66,1
Haas,2022,homedeluxe,Home Deluxe,Consumer Goods & Retail,0,1,0,11,14.02,13.41,0.1777,4.66,1.5,0.0,-4.66,1
Haas,2022,ionos,Ionos,Technology,0,2,0,11,14.02,13.41,0.1777,4.66,1.5,0.6931471805599453,-4.66,1
Haas,2022,mauijim,Maui Jim,Luxury & Fashion,0,1,0,11,14.02,13.41,0.1777,4.66,1.5,0.0,-4.66,1
Haas,2022,pirelli,Pirelli,Automotive,1,5,1,11,14.02,13.41,0.1777,4.66,1.5,1.6094379124341003,-4.66,1
Haas,2022,schuberth,Schuberth,Automotive,1,2,0,11,14.02,13.41,0.1777,4.66,1.5,0.6931471805599453,-4.66,1
Haas,2022,taittinger,Taittinger,Food & Beverage,1,1,0,11,14.02,13.41,0.1777,4.66,1.5,0.0,-4.66,1
Haas,2022,tricorpworkwear,Tricorp WorkWear,Apparel & Sportswear,1,1,0,11,14.02,13.41,0.1777,4.66,1.5,0.0,-4.66,1
Haas,2022,underarmour,Under Armour,Apparel & Sportswear,0,2,0,11,14.02,13.41,0.1777,4.66,1.5,0.6931471805599453,-4.66,1
Haas,2023,haasautomation,Haas Automation,Industrial & Aerospace,1,1,0,14,15.07,13.61,0.3666,3.02,0.41,0.0,-3.02,2
Haas,2023,alpinestars,Alpinestars,Apparel & Sportswear,1,6,1,14,15.07,13.61,0.3666,3.02,0.41,1.791759469228055,-3.02,2
Haas,2023,pirelli,Pirelli,Automotive,1,6,1,14,15.07,13.61,0.3666,3.02,0.41,1.791759469228055,-3.02,2
Haas,2023,schuberth,Schuberth,Automotive,1,3,0,14,15.07,13.61,0.3666,3.02,0.41,1.0986122886681098,-3.02,2
Haas,2023,taittinger,Taittinger,Food & Beverage,1,2,0,14,15.07,13.61,0.3666,3.02,0.41,0.6931471805599453,-3.02,2
Haas,2023,tricorpworkwear,Tricorp Workwear,Apparel & Sportswear,1,2,0,14,15.07,13.61,0.3666,3.02,0.41,0.6931471805599453,-3.02,2
Haas,2023,moneygram,MoneyGram,Financial Services,1,1,0,14,15.07,13.61,0.3666,3.02,0.41,0.0,-3.02,2
Haas,2023,chipotle,Chipotle,Food & Beverage,1,1,0,14,15.07,13.61,0.3666,3.02,0.41,0.0,-3.02,2
Haas,2023,haastooling,Haas Tooling,Industrial & Aerospace,1,1,0,14,15.07,13.61,0.3666,3.02,0.41,0.0,-3.02,2
Haas,2023,hantecmarkets,Hantec Markets,Financial Services,1,1,0,14,15.07,13.61,0.3666,3.02,0.41,0.0,-3.02,2
Haas,2023,oakberry,Oak Berry,Food & Beverage,1,1,0,14,15.07,13.61,0.3666,3.02,0.41,0.0,-3.02,2
Haas,2023,opensea,OpenSea,Crypto & Web3,1,1,0,14,15.07,13.61,0.3666,3.02,0.41,0.0,-3.02,2
Haas,2023,palmangels,Palm Angels,Luxury & Fashion,1,1,0,14,15.07,13.61,0.3666,3.02,0.41,0.0,-3.02,2
Haas,2023,travismathew,Travis Mathew,Apparel & Sportswear,1,1,0,14,15.07,13.61,0.3666,3.02,0.41,0.0,-3.02,2
Haas,2024,haasautomation,Haas Automation,Industrial & Aerospace,1,2,0,17,12.4,13.02,0.5247,2.6,2.12,0.6931471805599453,-2.6,3
Haas,2024,alpinestars,Alpinestars,Apparel & Sportswear,1,7,1,17,12.4,13.02,0.5247,2.6,2.12,1.9459101490553132,-2.6,3
Haas,2024,pirelli,Pirelli,Automotive,1,7,1,17,12.4,13.02,0.5247,2.6,2.12,1.9459101490553132,-2.6,3
Haas,2024,schuberth,Schuberth,Automotive,1,4,0,17,12.4,13.02,0.5247,2.6,2.12,1.3862943611198906,-2.6,3
Haas,2024,taittinger,Taittinger,Food & Beverage,1,3,0,17,12.4,13.02,0.5247,2.6,2.12,1.0986122886681098,-2.6,3
Haas,2024,tricorpworkwear,Tricorp Workwear,Apparel & Sportswear,1,3,0,17,12.4,13.02,0.5247,2.6,2.12,1.0986122886681098,-2.6,3
Haas,2024,moneygram,MoneyGram,Financial Services,1,2,0,17,12.4,13.02,0.5247,2.6,2.12,0.6931471805599453,-2.6,3
Haas,2024,chipotle,Chipotle,Food & Beverage,0,2,0,17,12.4,13.02,0.5247,2.6,2.12,0.6931471805599453,-2.6,3
Haas,2024,haastooling,Haas Tooling,Industrial & Aerospace,1,2,0,17,12.4,13.02,0.5247,2.6,2.12,0.6931471805599453,-2.6,3
Haas,2024,hantecmarkets,Hantec Markets,Financial Services,0,2,0,17,12.4,13.02,0.5247,2.6,2.12,0.6931471805599453,-2.6,3
Haas,2024,oakberry,Oak Berry,Food & Beverage,0,2,0,17,12.4,13.02,0.5247,2.6,2.12,0.6931471805599453,-2.6,3
Haas,2024,opensea,OpenSea,Crypto & Web3,0,2,0,17,12.4,13.02,0.5247,2.6,2.12,0.6931471805599453,-2.6,3
Haas,2024,palmangels,Palm Angels,Luxury & Fashion,0,2,0,17,12.4,13.02,0.5247,2.6,2.12,0.6931471805599453,-2.6,3
Haas,2024,travismathew,Travis Mathew,Apparel & Sportswear,1,2,0,17,12.4,13.02,0.5247,2.6,2.12,0.6931471805599453,-2.6,3
Haas,2024,playgo,Play & Go,Media & Entertainment,1,1,0,17,12.4,13.02,0.5247,2.6,2.12,0.0,-2.6,3
Haas,2024,mgmrewards,MGM Rewards,"Travel, Hospitality & Logistics",1,1,0,17,12.4,13.02,0.5247,2.6,2.12,0.0,-2.6,3
Haas,2024,newera,New Era,Apparel & Sportswear,1,1,0,17,12.4,13.02,0.5247,2.6,2.12,0.0,-2.6,3
McLaren,2018,delltechnologies,Dell Technologies,Technology,1,1,1,25,12.76,15.07,0.3897,3.27,2.95,0.0,-3.27,-3
McLaren,2018,nttcommunications,NTT Communications,Telecom,0,1,1,25,12.76,15.07,0.3897,3.27,2.95,0.0,-3.27,-3
McLaren,2018,petrobras,Petrobras,Energy,1,1,1,25,12.76,15.07,0.3897,3.27,2.95,0.0,-3.27,-3
McLaren,2018,logitech,Logitech,Technology,1,1,1,25,12.76,15.07,0.3897,3.27,2.95,0.0,-3.27,-3
McLaren,2018,airgain,Airgain,Technology,0,1,1,25,12.76,15.07,0.3897,3.27,2.95,0.0,-3.27,-3
McLaren,2018,pirelli,Pirelli,Automotive,1,1,1,25,12.76,15.07,0.3897,3.27,2.95,0.0,-3.27,-3
McLaren,2018,sap,SAP,Technology,1,1,1,25,12.76,15.07,0.3897,3.27,2.95,0.0,-3.27,-3
McLaren,2018,akebono,Akebono,Automotive,0,1,1,25,12.76,15.07,0.3897,3.27,2.95,0.0,-3.27,-3
McLaren,2018,chandon,Chandon,Food & Beverage,0,1,1,25,12.76,15.07,0.3897,3.27,2.95,0.0,-3.27,-3
McLaren,2018,richardmille,Richard Mille,Luxury Watches,1,1,1,25,12.76,15.07,0.3897,3.27,2.95,0.0,-3.27,-3
McLaren,2018,kimoa,Kimoa,Apparel & Sportswear,0,1,1,25,12.76,15.07,0.3897,3.27,2.95,0.0,-3.27,-3
McLaren,2018,hilton,Hilton,"Travel, Hospitality & Logistics",1,1,1,25,12.76,15.07,0.3897,3.27,2.95,0.0,-3.27,-3
McLaren,2018,nortonrosefulbright,Norton Rose Fulbright,Business Services,0,1,1,25,12.76,15.07,0.3897,3.27,2.95,0.0,-3.27,-3
McLaren,2018,cnbc,CNBC,Media & Entertainment,1,1,1,25,12.76,15.07,0.3897,3.27,2.95,0.0,-3.27,-3
McLaren,2018,stratasys,Stratasys,Technology,1,1,1,25,12.76,15.07,0.3897,3.27,2.95,0.0,-3.27,-3
McLaren,2018,enkei,Enkei,Automotive,1,1,1,25,12.76,15.07,0.3897,3.27,2.95,0.0,-3.27,-3
McLaren,2018,mazak,Mazak Machine Tools,Industrial & Aerospace,1,1,1,25,12.76,15.07,0.3897,3.27,2.95,0.0,-3.27,-3
McLaren,2018,kenwood,Kenwood,Technology,1,1,1,25,12.76,15.07,0.3897,3.27,2.95,0.0,-3.27,-3
McLaren,2018,technogym,TechnoGym,Apparel & Sportswear,1,1,1,25,12.76,15.07,0.3897,3.27,2.95,0.0,-3.27,-3
McLaren,2018,volvotrucks,Volvo Trucks,Automotive,1,1,1,25,12.76,15.07,0.3897,3.27,2.95,0.0,-3.27,-3
McLaren,2018,sparco,Sparco,Automotive,1,1,1,25,12.76,15.07,0.3897,3.27,2.95,0.0,-3.27,-3
McLaren,2018,akzonobelsikkens,AkzoNobel-Sikkens,Industrial & Aerospace,0,1,1,25,12.76,15.07,0.3897,3.27,2.95,0.0,-3.27,-3
McLaren,2018,lat56,LAT_56,Technology,0,1,1,25,12.76,15.07,0.3897,3.27,2.95,0.0,-3.27,-3
McLaren,2018,hookit,Hookit,Technology,1,1,1,25,12.76,15.07,0.3897,3.27,2.95,0.0,-3.27,-3
McLaren,2018,calsonickansei,Calsonic Kansei,Automotive,1,1,1,25,12.76,15.07,0.3897,3.27,2.95,0.0,-3.27,-3
McLaren,2019,delltechnologies,Dell,Technology,1,2,1,25,10.69,9.86,0.3424,3.85,6.9,0.6931471805599453,-3.85,-2
McLaren,2019,petrobras,Petrobas,Energy,0,2,1,25,10.69,9.86,0.3424,3.85,6.9,0.6931471805599453,-3.85,-2
McLaren,2019,logitech,Logitech,Technology,0,2,1,25,10.69,9.86,0.3424,3.85,6.9,0.6931471805599453,-3.85,-2
McLaren,2019,britishamericantobaccoabettertomorrow,British American Tobacco,Other,1,1,0,25,10.69,9.86,0.3424,3.85,6.9,0.0,-3.85,-2
McLaren,2019,vive,Vive,Technology,0,1,0,25,10.69,9.86,0.3424,3.85,6.9,0.0,-3.85,-2
McLaren,2019,estrellagalicia,Estrella Galicia,Food & Beverage,1,1,0,25,10.69,9.86,0.3424,3.85,6.9,0.0,-3.85,-2
McLaren,2019,hilton,Hilton,"Travel, Hospitality & Logistics",1,2,1,25,10.69,9.86,0.3424,3.85,6.9,0.6931471805599453,-3.85,-2
McLaren,2019,fxpro,FxPro,Financial Services,1,1,0,25,10.69,9.86,0.3424,3.85,6.9,0.0,-3.85,-2
McLaren,2019,cnbc,CNBC,Media & Entertainment,1,2,1,25,10.69,9.86,0.3424,3.85,6.9,0.6931471805599453,-3.85,-2
McLaren,2019,sap,SAP,Technology,0,2,1,25,10.69,9.86,0.3424,3.85,6.9,0.6931471805599453,-3.85,-2
McLaren,2019,kaust,KAUST,Business Services,1,1,0,25,10.69,9.86,0.3424,3.85,6.9,0.0,-3.85,-2
McLaren,2019,huskichocolate,Huski Chocolate,Food & Beverage,1,1,0,25,10.69,9.86,0.3424,3.85,6.9,0.0,-3.85,-2
McLaren,2019,richardmille,Richard Mille,Luxury Watches,1,2,1,25,10.69,9.86,0.3424,3.85,6.9,0.6931471805599453,-3.85,-2
McLaren,2019,sparco,Sparco,Automotive,1,2,1,25,10.69,9.86,0.3424,3.85,6.9,0.6931471805599453,-3.85,-2
McLaren,2019,volvotrucks,Volvo Trucks,Automotive,1,2,1,25,10.69,9.86,0.3424,3.85,6.9,0.6931471805599453,-3.85,-2
McLaren,2019,sikkens,Sikkens,Industrial & Aerospace,1,1,0,25,10.69,9.86,0.3424,3.85,6.9,0.0,-3.85,-2
McLaren,2019,enkei,Enkei,Automotive,1,2,1,25,10.69,9.86,0.3424,3.85,6.9,0.6931471805599453,-3.85,-2
McLaren,2019,mazak,Mazak,Industrial & Aerospace,1,2,1,25,10.69,9.86,0.3424,3.85,6.9,0.6931471805599453,-3.85,-2
McLaren,2019,calsonickansei,Calsonic Kansei,Automotive,0,2,1,25,10.69,9.86,0.3424,3.85,6.9,0.6931471805599453,-3.85,-2
McLaren,2019,technogym,Technogym,Apparel & Sportswear,1,2,1,25,10.69,9.86,0.3424,3.85,6.9,0.6931471805599453,-3.85,-2
McLaren,2019,hookit,Hookit,Technology,1,2,1,25,10.69,9.86,0.3424,3.85,6.9,0.6931471805599453,-3.85,-2
McLaren,2019,kenwood,Kenwood,Technology,0,2,1,25,10.69,9.86,0.3424,3.85,6.9,0.6931471805599453,-3.85,-2
McLaren,2019,stratasys,Stratasys,Technology,1,2,1,25,10.69,9.86,0.3424,3.85,6.9,0.6931471805599453,-3.85,-2
McLaren,2019,pirelli,Pirelli,Automotive,1,2,1,25,10.69,9.86,0.3424,3.85,6.9,0.6931471805599453,-3.85,-2
McLaren,2019,itlab,IT Lab,Technology,0,1,0,25,10.69,9.86,0.3424,3.85,6.9,0.0,-3.85,-2
McLaren,2020,britishamericantobaccoabettertomorrow,British-American Tobacco,Other,1,2,0,41,8.62,8.26,0.1531,4.13,11.88,0.6931471805599453,-4.13,-1
McLaren,2020,splunk,Splunk,Technology,1,1,0,41,8.62,8.26,0.1531,4.13,11.88,0.0,-4.13,-1
McLaren,2020,darktrace,DarkTrace,Cybersecurity,1,1,0,41,8.62,8.26,0.1531,4.13,11.88,0.0,-4.13,-1
McLaren,2020,delltechnologies,Dell,Technology,1,3,1,41,8.62,8.26,0.1531,4.13,11.88,1.0986122886681098,-4.13,-1
McLaren,2020,huskichocolate,Huski Chocolate,Food & Beverage,1,2,0,41,8.62,8.26,0.1531,4.13,11.88,0.6931471805599453,-4.13,-1
McLaren,2020,gulf,Gulf,Energy,1,1,0,41,8.62,8.26,0.1531,4.13,11.88,0.0,-4.13,-1
McLaren,2020,arrowelectronics,Arrow,Technology,1,1,0,41,8.62,8.26,0.1531,4.13,11.88,0.0,-4.13,-1
McLaren,2020,estrellagalicia,Estrella Galicia,Food & Beverage,0,2,0,41,8.62,8.26,0.1531,4.13,11.88,0.6931471805599453,-4.13,-1
McLaren,2020,automationanywhere,Automation Anywhere,Technology,0,1,0,41,8.62,8.26,0.1531,4.13,11.88,0.0,-4.13,-1
McLaren,2020,richardmille,Richard Mille,Luxury Watches,1,3,1,41,8.62,8.26,0.1531,4.13,11.88,1.0986122886681098,-4.13,-1
McLaren,2020,hilton,Hilton,"Travel, Hospitality & Logistics",1,3,1,41,8.62,8.26,0.1531,4.13,11.88,1.0986122886681098,-4.13,-1
McLaren,2020,cocacola,Coca Cola,Food & Beverage,1,1,0,41,8.62,8.26,0.1531,4.13,11.88,0.0,-4.13,-1
McLaren,2020,unilever,Unilever,Consumer Goods & Retail,1,1,0,41,8.62,8.26,0.1531,4.13,11.88,0.0,-4.13,-1
McLaren,2020,fxpro,FxPro,Financial Services,1,2,0,41,8.62,8.26,0.1531,4.13,11.88,0.6931471805599453,-4.13,-1
McLaren,2020,deloitte,Deloitte,Business Services,1,1,0,41,8.62,8.26,0.1531,4.13,11.88,0.0,-4.13,-1
McLaren,2020,tumi,TUMI,Luxury & Fashion,1,1,0,41,8.62,8.26,0.1531,4.13,11.88,0.0,-4.13,-1
McLaren,2020,iqoniq,Iqoniq,Apparel & Sportswear,1,1,0,41,8.62,8.26,0.1531,4.13,11.88,0.0,-4.13,-1
McLaren,2020,mind,Mind,Technology,1,1,0,41,8.62,8.26,0.1531,4.13,11.88,0.0,-4.13,-1
McLaren,2020,cnbc,CNBC,Media & Entertainment,1,3,1,41,8.62,8.26,0.1531,4.13,11.88,1.0986122886681098,-4.13,-1
McLaren,2020,oneplus,Oneplus,Technology,0,1,0,41,8.62,8.26,0.1531,4.13,11.88,0.0,-4.13,-1
McLaren,2020,mindmaze,Mindmaze,Technology,0,1,0,41,8.62,8.26,0.1531,4.13,11.88,0.0,-4.13,-1
McLaren,2020,klipsch,Klipsch,Technology,1,1,0,41,8.62,8.26,0.1531,4.13,11.88,0.0,-4.13,-1
McLaren,2020,akebono,Akebono,Automotive,0,1,0,41,8.62,8.26,0.1531,4.13,11.88,0.0,-4.13,-1
McLaren,2020,sparco,Sparco,Automotive,1,3,1,41,8.62,8.26,0.1531,4.13,11.88,1.0986122886681098,-4.13,-1
McLaren,2020,volvotrucks,Volvo trucks,Automotive,1,3,1,41,8.62,8.26,0.1531,4.13,11.88,1.0986122886681098,-4.13,-1
McLaren,2020,sikkens,Sikkens,Industrial & Aerospace,0,2,0,41,8.62,8.26,0.1531,4.13,11.88,0.6931471805599453,-4.13,-1
McLaren,2020,enkei,Enkei,Automotive,1,3,1,41,8.62,8.26,0.1531,4.13,11.88,1.0986122886681098,-4.13,-1
McLaren,2020,mazak,Mazak,Industrial & Aerospace,1,3,1,41,8.62,8.26,0.1531,4.13,11.88,1.0986122886681098,-4.13,-1
McLaren,2020,marelli,Marelli,Automotive,1,1,0,41,8.62,8.26,0.1531,4.13,11.88,0.0,-4.13,-1
McLaren,2020,technogym,Technogym,Apparel & Sportswear,0,3,1,41,8.62,8.26,0.1531,4.13,11.88,1.0986122886681098,-4.13,-1
McLaren,2020,ashurst,Ashurst,Business Services,1,1,0,41,8.62,8.26,0.1531,4.13,11.88,0.0,-4.13,-1
McLaren,2020,stratasys,Stratasys,Technology,1,3,1,41,8.62,8.26,0.1531,4.13,11.88,1.0986122886681098,-4.13,-1
McLaren,2020,kaust,Kaust,Business Services,1,2,0,41,8.62,8.26,0.1531,4.13,11.88,0.6931471805599453,-4.13,-1
McLaren,2020,hookit,Hookit,Technology,1,3,1,41,8.62,8.26,0.1531,4.13,11.88,1.0986122886681098,-4.13,-1
McLaren,2020,wipro,wipro,Technology,0,1,0,41,8.62,8.26,0.1531,4.13,11.88,0.0,-4.13,-1
McLaren,2020,alienware,Alienware,Technology,1,1,0,41,8.62,8.26,0.1531,4.13,11.88,0.0,-4.13,-1
McLaren,2020,veloceesports,Veloce Esports,Media & Entertainment,1,1,0,41,8.62,8.26,0.1531,4.13,11.88,0.0,-4.13,-1
McLaren,2020,ultimotive,Ultimotive,Automotive,1,1,0,41,8.62,8.26,0.1531,4.13,11.88,0.0,-4.13,-1
McLaren,2020,newera,NEW ERA,Apparel & Sportswear,1,1,0,41,8.62,8.26,0.1531,4.13,11.88,0.0,-4.13,-1
McLaren,2020,faiaviationgroup,FAI Aviation Group,"Travel, Hospitality & Logistics",1,1,0,41,8.62,8.26,0.1531,4.13,11.88,0.0,-4.13,-1
McLaren,2020,pirelli,Pirelli,Automotive,1,3,1,41,8.62,8.26,0.1531,4.13,11.88,1.0986122886681098,-4.13,-1
McLaren,2021,britishamericantobaccoabettertomorrow,British-American Tobacco,Other,1,3,0,41,7.8,8.11,0.5079,2.7,12.45,1.0986122886681098,-2.7,0
McLaren,2021,splunk,Splunk,Technology,1,2,0,41,7.8,8.11,0.5079,2.7,12.45,0.6931471805599453,-2.7,0
McLaren,2021,darktrace,DarkTrace,Cybersecurity,1,2,0,41,7.8,8.11,0.5079,2.7,12.45,0.6931471805599453,-2.7,0
McLaren,2021,delltechnologies,Dell,Technology,1,4,1,41,7.8,8.11,0.5079,2.7,12.45,1.3862943611198906,-2.7,0
McLaren,2021,huskichocolate,Huski Chocolate,Food & Beverage,0,3,0,41,7.8,8.11,0.5079,2.7,12.45,1.0986122886681098,-2.7,0
McLaren,2021,gulf,Gulf,Energy,1,2,0,41,7.8,8.11,0.5079,2.7,12.45,0.6931471805599453,-2.7,0
McLaren,2021,arrowelectronics,Arrow,Technology,1,2,0,41,7.8,8.11,0.5079,2.7,12.45,0.6931471805599453,-2.7,0
McLaren,2021,richardmille,Richard Mille,Luxury Watches,1,4,1,41,7.8,8.11,0.5079,2.7,12.45,1.3862943611198906,-2.7,0
McLaren,2021,hilton,Hilton,"Travel, Hospitality & Logistics",1,4,1,41,7.8,8.11,0.5079,2.7,12.45,1.3862943611198906,-2.7,0
McLaren,2021,cocacola,Coca Cola,Food & Beverage,1,2,0,41,7.8,8.11,0.5079,2.7,12.45,0.6931471805599453,-2.7,0
McLaren,2021,unilever,Unilever,Consumer Goods & Retail,1,2,0,41,7.8,8.11,0.5079,2.7,12.45,0.6931471805599453,-2.7,0
McLaren,2021,fxpro,FxPro,Financial Services,1,3,0,41,7.8,8.11,0.5079,2.7,12.45,1.0986122886681098,-2.7,0
McLaren,2021,deloitte,Deloitte,Business Services,1,2,0,41,7.8,8.11,0.5079,2.7,12.45,0.6931471805599453,-2.7,0
McLaren,2021,tumi,TUMI,Luxury & Fashion,1,2,0,41,7.8,8.11,0.5079,2.7,12.45,0.6931471805599453,-2.7,0
McLaren,2021,iqoniq,Iqoniq,Apparel & Sportswear,0,2,0,41,7.8,8.11,0.5079,2.7,12.45,0.6931471805599453,-2.7,0
McLaren,2021,mind,Mind,Technology,1,2,0,41,7.8,8.11,0.5079,2.7,12.45,0.6931471805599453,-2.7,0
McLaren,2021,cnbc,CNBC,Media & Entertainment,1,4,1,41,7.8,8.11,0.5079,2.7,12.45,1.3862943611198906,-2.7,0
McLaren,2021,klipsch,Klipsch,Technology,1,2,0,41,7.8,8.11,0.5079,2.7,12.45,0.6931471805599453,-2.7,0
McLaren,2021,sparco,Sparco,Automotive,1,4,1,41,7.8,8.11,0.5079,2.7,12.45,1.3862943611198906,-2.7,0
McLaren,2021,volvotrucks,Volvo trucks,Automotive,0,4,1,41,7.8,8.11,0.5079,2.7,12.45,1.3862943611198906,-2.7,0
McLaren,2021,enkei,Enkei,Automotive,0,4,1,41,7.8,8.11,0.5079,2.7,12.45,1.3862943611198906,-2.7,0
McLaren,2021,mazak,Mazak,Industrial & Aerospace,1,4,1,41,7.8,8.11,0.5079,2.7,12.45,1.3862943611198906,-2.7,0
McLaren,2021,marelli,Marelli,Automotive,0,2,0,41,7.8,8.11,0.5079,2.7,12.45,0.6931471805599453,-2.7,0
McLaren,2021,ashurst,Ashurst,Business Services,1,2,0,41,7.8,8.11,0.5079,2.7,12.45,0.6931471805599453,-2.7,0
McLaren,2021,stratasys,Stratasys,Technology,1,4,1,41,7.8,8.11,0.5079,2.7,12.45,1.3862943611198906,-2.7,0
McLaren,2021,kaust,Kaust,Business Services,1,3,0,41,7.8,8.11,0.5079,2.7,12.45,1.0986122886681098,-2.7,0
McLaren,2021,hookit,Hookit,Technology,1,4,1,41,7.8,8.11,0.5079,2.7,12.45,1.3862943611198906,-2.7,0
McLaren,2021,alienware,Alienware,Technology,1,2,0,41,7.8,8.11,0.5079,2.7,12.45,0.6931471805599453,-2.7,0
McLaren,2021,veloceesports,Veloce Esports,Media & Entertainment,1,2,0,41,7.8,8.11,0.5079,2.7,12.45,0.6931471805599453,-2.7,0
McLaren,2021,ultimotive,Ultimotive,Automotive,0,2,0,41,7.8,8.11,0.5079,2.7,12.45,0.6931471805599453,-2.7,0
McLaren,2021,newera,NEW ERA,Apparel & Sportswear,1,2,0,41,7.8,8.11,0.5079,2.7,12.45,0.6931471805599453,-2.7,0
McLaren,2021,faiaviationgroup,FAI Aviation Group,"Travel, Hospitality & Logistics",1,2,0,41,7.8,8.11,0.5079,2.7,12.45,0.6931471805599453,-2.7,0
McLaren,2021,buzzco,Buzz & Co,Media & Entertainment,0,1,0,41,7.8,8.11,0.5079,2.7,12.45,0.0,-2.7,0
McLaren,2021,ciscowebex,Cisco Webex,Technology,0,1,0,41,7.8,8.11,0.5079,2.7,12.45,0.0,-2.7,0
McLaren,2021,miorysteel,Miory Steel,Industrial & Aerospace,0,1,0,41,7.8,8.11,0.5079,2.7,12.45,0.0,-2.7,0
McLaren,2021,garena,Garena,Technology,0,1,0,41,7.8,8.11,0.5079,2.7,12.45,0.0,-2.7,0
McLaren,2021,akzonobelsikkens,AkzoNobel-Sikkens,Industrial & Aerospace,0,1,0,41,7.8,8.11,0.5079,2.7,12.45,0.0,-2.7,0
McLaren,2021,logitechg,Logitech G,Technology,0,1,0,41,7.8,8.11,0.5079,2.7,12.45,0.0,-2.7,0
McLaren,2021,qntmpay,QNTMPAY,Financial Services,0,1,0,41,7.8,8.11,0.5079,2.7,12.45,0.0,-2.7,0
McLaren,2021,bitcicom,Bitci.com,Crypto & Web3,0,1,0,41,7.8,8.11,0.5079,2.7,12.45,0.0,-2.7,0
McLaren,2021,pirelli,Pirelli,Automotive,1,4,1,41,7.8,8.11,0.5079,2.7,12.45,1.3862943611198906,-2.7,0
McLaren,2022,britishamericantobaccoabettertomorrow,British American Tobacco,Other,1,4,0,45,10.64,10.09,0.171,3.95,6.82,1.3862943611198906,-3.95,1
McLaren,2022,delltechnologies,Dell Technologies,Technology,1,5,1,45,10.64,10.09,0.171,3.95,6.82,1.6094379124341003,-3.95,1
McLaren,2022,darktrace,Dark Trace,Cybersecurity,1,3,0,45,10.64,10.09,0.171,3.95,6.82,1.0986122886681098,-3.95,1
McLaren,2022,arrowelectronics,Arrow,Technology,1,3,0,45,10.64,10.09,0.171,3.95,6.82,1.0986122886681098,-3.95,1
McLaren,2022,tezos,Tezos,Crypto & Web3,1,1,0,45,10.64,10.09,0.171,3.95,6.82,0.0,-3.95,1
McLaren,2022,webex,Webex,Technology,1,1,0,45,10.64,10.09,0.171,3.95,6.82,0.0,-3.95,1
McLaren,2022,unilever,Unilever,Consumer Goods & Retail,1,3,0,45,10.64,10.09,0.171,3.95,6.82,1.0986122886681098,-3.95,1
McLaren,2022,splunk,Splunk,Technology,1,3,0,45,10.64,10.09,0.171,3.95,6.82,1.0986122886681098,-3.95,1
McLaren,2022,stanleyblackanddecker,Stanley Black and Decker,Industrial & Aerospace,0,1,0,45,10.64,10.09,0.171,3.95,6.82,0.0,-3.95,1
McLaren,2022,alteryx,Alteryx Analytics,Technology,1,1,0,45,10.64,10.09,0.171,3.95,6.82,0.0,-3.95,1
McLaren,2022,smartsheet,SmartSheet,Technology,1,1,0,45,10.64,10.09,0.171,3.95,6.82,0.0,-3.95,1
McLaren,2022,datarobot,Data Robot,Technology,1,1,0,45,10.64,10.09,0.171,3.95,6.82,0.0,-3.95,1
McLaren,2022,gulf,Gulf,Energy,0,3,0,45,10.64,10.09,0.171,3.95,6.82,1.0986122886681098,-3.95,1
McLaren,2022,gopuff,GoPuff,Consumer Goods & Retail,1,1,0,45,10.64,10.09,0.171,3.95,6.82,0.0,-3.95,1
McLaren,2022,cocacola,Coca-Cola,Food & Beverage,1,3,0,45,10.64,10.09,0.171,3.95,6.82,1.0986122886681098,-3.95,1
McLaren,2022,cnbc,CNBC,Media & Entertainment,1,5,1,45,10.64,10.09,0.171,3.95,6.82,1.6094379124341003,-3.95,1
McLaren,2022,fxpro,FxPro,Financial Services,1,4,0,45,10.64,10.09,0.171,3.95,6.82,1.3862943611198906,-3.95,1
McLaren,2022,partycasino,Party Casino,Other,0,1,0,45,10.64,10.09,0.171,3.95,6.82,0.0,-3.95,1
McLaren,2022,hilton,Hilton,"Travel, Hospitality & Logistics",1,5,1,45,10.64,10.09,0.171,3.95,6.82,1.6094379124341003,-3.95,1
McLaren,2022,medallia,Medallia,Technology,1,1,0,45,10.64,10.09,0.171,3.95,6.82,0.0,-3.95,1
McLaren,2022,castore,Castore,Apparel & Sportswear,1,1,0,45,10.64,10.09,0.171,3.95,6.82,0.0,-3.95,1
McLaren,2022,richardmille,Richard Mille,Luxury Watches,1,5,1,45,10.64,10.09,0.171,3.95,6.82,1.6094379124341003,-3.95,1
McLaren,2022,easypost,Easy Post,"Travel, Hospitality & Logistics",1,1,0,45,10.64,10.09,0.171,3.95,6.82,0.0,-3.95,1
McLaren,2022,freefire,Free Fire,Media & Entertainment,0,1,0,45,10.64,10.09,0.171,3.95,6.82,0.0,-3.95,1
McLaren,2022,immersivelabs,Immersive Labs,Technology,1,1,0,45,10.64,10.09,0.171,3.95,6.82,0.0,-3.95,1
McLaren,2022,klipsch,Klipsch,Technology,1,3,0,45,10.64,10.09,0.171,3.95,6.82,1.0986122886681098,-3.95,1
McLaren,2022,tumi,Tumi,Luxury & Fashion,1,3,0,45,10.64,10.09,0.171,3.95,6.82,1.0986122886681098,-3.95,1
McLaren,2022,deloitte,Deloitte,Business Services,1,3,0,45,10.64,10.09,0.171,3.95,6.82,1.0986122886681098,-3.95,1
McLaren,2022,sikkens,Sikkens,Industrial & Aerospace,0,1,0,45,10.64,10.09,0.171,3.95,6.82,0.0,-3.95,1
McLaren,2022,mind,Mind,Technology,0,3,0,45,10.64,10.09,0.171,3.95,6.82,1.0986122886681098,-3.95,1
McLaren,2022,sparco,Sparco,Automotive,1,5,1,45,10.64,10.09,0.171,3.95,6.82,1.6094379124341003,-3.95,1
McLaren,2022,logitech,Logitech,Technology,0,1,0,45,10.64,10.09,0.171,3.95,6.82,0.0,-3.95,1
McLaren,2022,sungod,SunGod,Luxury & Fashion,1,1,0,45,10.64,10.09,0.171,3.95,6.82,0.0,-3.95,1
McLaren,2022,faiaviationgroup,FAI Aviation Group,"Travel, Hospitality & Logistics",1,3,0,45,10.64,10.09,0.171,3.95,6.82,1.0986122886681098,-3.95,1
McLaren,2022,ashurst,Ashurst,Business Services,1,3,0,45,10.64,10.09,0.171,3.95,6.82,1.0986122886681098,-3.95,1
McLaren,2022,pirelli,Pirelli,Automotive,1,5,1,45,10.64,10.09,0.171,3.95,6.82,1.6094379124341003,-3.95,1
McLaren,2022,mazak,Mazak,Industrial & Aerospace,0,5,1,45,10.64,10.09,0.171,3.95,6.82,1.6094379124341003,-3.95,1
McLaren,2022,stratasys,Stratasys,Technology,1,5,1,45,10.64,10.09,0.171,3.95,6.82,1.6094379124341003,-3.95,1
McLaren,2022,kaust,Kaust,Business Services,1,4,0,45,10.64,10.09,0.171,3.95,6.82,1.3862943611198906,-3.95,1
McLaren,2022,technogym,TechnoGym,Apparel & Sportswear,1,1,0,45,10.64,10.09,0.171,3.95,6.82,0.0,-3.95,1
McLaren,2022,hookit,Hookit,Technology,0,5,1,45,10.64,10.09,0.171,3.95,6.82,1.6094379124341003,-3.95,1
McLaren,2022,merchants,Merchants,Consumer Goods & Retail,0,1,0,45,10.64,10.09,0.171,3.95,6.82,0.0,-3.95,1
McLaren,2022,alienware,AlienWare,Technology,0,3,0,45,10.64,10.09,0.171,3.95,6.82,1.0986122886681098,-3.95,1
McLaren,2022,veloceesports,Veloce Esports,Media & Entertainment,0,3,0,45,10.64,10.09,0.171,3.95,6.82,1.0986122886681098,-3.95,1
McLaren,2022,newera,New Era,Apparel & Sportswear,1,3,0,45,10.64,10.09,0.171,3.95,6.82,1.0986122886681098,-3.95,1
McLaren,2023,britishamericantobaccoabettertomorrow,British-American Tobacco (A Better Tomorrow),Other,1,5,0,49,9.45,9.0,0.6252,4.13,12.09,1.6094379124341003,-4.13,2
McLaren,2023,splunk,Splunk,Technology,1,4,0,49,9.45,9.0,0.6252,4.13,12.09,1.3862943611198906,-4.13,2
McLaren,2023,darktrace,DarkTrace,Cybersecurity,1,4,0,49,9.45,9.0,0.6252,4.13,12.09,1.3862943611198906,-4.13,2
McLaren,2023,tezos,Tezos,Crypto & Web3,0,2,0,49,9.45,9.0,0.6252,4.13,12.09,0.6931471805599453,-4.13,2
McLaren,2023,delltechnologies,Dell Technologies,Technology,1,6,1,49,9.45,9.0,0.6252,4.13,12.09,1.791759469228055,-4.13,2
McLaren,2023,alteryx,Alteryx,Technology,1,2,0,49,9.45,9.0,0.6252,4.13,12.09,0.6931471805599453,-4.13,2
McLaren,2023,smartsheet,Smartsheet,Technology,1,2,0,49,9.45,9.0,0.6252,4.13,12.09,0.6931471805599453,-4.13,2
McLaren,2023,datarobot,DataRobot,Technology,0,2,0,49,9.45,9.0,0.6252,4.13,12.09,0.6931471805599453,-4.13,2
McLaren,2023,gopuff,GoPuff,Consumer Goods & Retail,0,2,0,49,9.45,9.0,0.6252,4.13,12.09,0.6931471805599453,-4.13,2
McLaren,2023,partyresponsibly,Party Responsibly,Other,0,1,0,49,9.45,9.0,0.6252,4.13,12.09,0.0,-4.13,2
McLaren,2023,medallia,Medallia,Technology,1,2,0,49,9.45,9.0,0.6252,4.13,12.09,0.6931471805599453,-4.13,2
McLaren,2023,arrowelectronics,Arrow Electronics,Technology,1,4,0,49,9.45,9.0,0.6252,4.13,12.09,1.3862943611198906,-4.13,2
McLaren,2023,richardmille,Richard Mille,Luxury Watches,1,6,1,49,9.45,9.0,0.6252,4.13,12.09,1.791759469228055,-4.13,2
McLaren,2023,hilton,Hilton,"Travel, Hospitality & Logistics",1,6,1,49,9.45,9.0,0.6252,4.13,12.09,1.791759469228055,-4.13,2
McLaren,2023,cocacola,Coca Cola,Food & Beverage,1,4,0,49,9.45,9.0,0.6252,4.13,12.09,1.3862943611198906,-4.13,2
McLaren,2023,unilever,Unilever,Consumer Goods & Retail,1,4,0,49,9.45,9.0,0.6252,4.13,12.09,1.3862943611198906,-4.13,2
McLaren,2023,fxpro,FxPro,Financial Services,1,5,0,49,9.45,9.0,0.6252,4.13,12.09,1.6094379124341003,-4.13,2
McLaren,2023,deloitte,Deloitte,Business Services,1,4,0,49,9.45,9.0,0.6252,4.13,12.09,1.3862943611198906,-4.13,2
McLaren,2023,tumi,TUMI,Luxury & Fashion,1,4,0,49,9.45,9.0,0.6252,4.13,12.09,1.3862943611198906,-4.13,2
McLaren,2023,cnbc,CNBC,Media & Entertainment,1,6,1,49,9.45,9.0,0.6252,4.13,12.09,1.791759469228055,-4.13,2
McLaren,2023,klipsch,Klipsch,Technology,0,4,0,49,9.45,9.0,0.6252,4.13,12.09,1.3862943611198906,-4.13,2
McLaren,2023,sparco,Sparco,Automotive,1,6,1,49,9.45,9.0,0.6252,4.13,12.09,1.791759469228055,-4.13,2
McLaren,2023,ashurst,Ashurst,Business Services,1,4,0,49,9.45,9.0,0.6252,4.13,12.09,1.3862943611198906,-4.13,2
McLaren,2023,stratasys,Stratasys,Technology,1,6,1,49,9.45,9.0,0.6252,4.13,12.09,1.791759469228055,-4.13,2
McLaren,2023,kaust,KAUST,Business Services,1,5,0,49,9.45,9.0,0.6252,4.13,12.09,1.6094379124341003,-4.13,2
McLaren,2023,ultimotive,Ultimotive,Automotive,0,1,0,49,9.45,9.0,0.6252,4.13,12.09,0.0,-4.13,2
McLaren,2023,newera,New Era,Apparel & Sportswear,1,4,0,49,9.45,9.0,0.6252,4.13,12.09,1.3862943611198906,-4.13,2
McLaren,2023,faiaviationgroup,FAI Aviation Group,"Travel, Hospitality & Logistics",1,4,0,49,9.45,9.0,0.6252,4.13,12.09,1.3862943611198906,-4.13,2
McLaren,2023,cisco,Cisco,Technology,1,1,0,49,9.45,9.0,0.6252,4.13,12.09,0.0,-4.13,2
McLaren,2023,webex,Webex,Technology,1,2,0,49,9.45,9.0,0.6252,4.13,12.09,0.6931471805599453,-4.13,2
McLaren,2023,akzonobelsikkens,AkzoNobel-Sikkens,Industrial & Aerospace,1,1,0,49,9.45,9.0,0.6252,4.13,12.09,0.0,-4.13,2
McLaren,2023,logitechg,Logitech G,Technology,0,1,0,49,9.45,9.0,0.6252,4.13,12.09,0.0,-4.13,2
McLaren,2023,castore,Castore,Apparel & Sportswear,1,2,0,49,9.45,9.0,0.6252,4.13,12.09,0.6931471805599453,-4.13,2
McLaren,2023,easypost,EasyPost,"Travel, Hospitality & Logistics",0,2,0,49,9.45,9.0,0.6252,4.13,12.09,0.6931471805599453,-4.13,2
McLaren,2023,immersivelabs,Immersive Labs,Technology,0,2,0,49,9.45,9.0,0.6252,4.13,12.09,0.6931471805599453,-4.13,2
McLaren,2023,sungod,SunGod,Luxury & Fashion,1,2,0,49,9.45,9.0,0.6252,4.13,12.09,0.6931471805599453,-4.13,2
McLaren,2023,technogym,Technogym,Apparel & Sportswear,1,2,0,49,9.45,9.0,0.6252,4.13,12.09,0.6931471805599453,-4.13,2
McLaren,2023,googlechrome,Google/Chrome,Technology,1,1,0,49,9.45,9.0,0.6252,4.13,12.09,0.0,-4.13,2
McLaren,2023,pirelli,Pirelli,Automotive,1,6,1,49,9.45,9.0,0.6252,4.13,12.09,1.791759469228055,-4.13,2
McLaren,2023,okx,OKX,Crypto & Web3,1,1,0,49,9.45,9.0,0.6252,4.13,12.09,0.0,-4.13,2
McLaren,2023,android,Android,Technology,1,1,0,49,9.45,9.0,0.6252,4.13,12.09,0.0,-4.13,2
McLaren,2023,dpworld,DP World,"Travel, Hospitality & Logistics",1,1,0,49,9.45,9.0,0.6252,4.13,12.09,0.0,-4.13,2
McLaren,2023,jackdaniels,Jack Daniels,Food & Beverage,1,1,0,49,9.45,9.0,0.6252,4.13,12.09,0.0,-4.13,2
McLaren,2023,vmware,VM Ware,Technology,1,1,0,49,9.45,9.0,0.6252,4.13,12.09,0.0,-4.13,2
McLaren,2023,goldmansachs,Goldman Sachs,Financial Services,0,1,0,49,9.45,9.0,0.6252,4.13,12.09,0.0,-4.13,2
McLaren,2023,dewalt,DeWalt,Industrial & Aerospace,1,1,0,49,9.45,9.0,0.6252,4.13,12.09,0.0,-4.13,2
McLaren,2023,cadence,Cadence,Technology,1,1,0,49,9.45,9.0,0.6252,4.13,12.09,0.0,-4.13,2
McLaren,2023,kswiss,K-Swiss,Apparel & Sportswear,1,1,0,49,9.45,9.0,0.6252,4.13,12.09,0.0,-4.13,2
McLaren,2023,lamiluxe,Lami Luxe,Consumer Goods & Retail,0,1,0,49,9.45,9.0,0.6252,4.13,12.09,0.0,-4.13,2
McLaren,2024,britishamericantobaccoabettertomorrow,British-American Tobacco (A Better Tomorrow),Other,1,6,0,50,4.71,4.48,0.3018,2.63,25.38,1.791759469228055,-2.63,3
McLaren,2024,splunk,Splunk,Technology,1,5,0,50,4.71,4.48,0.3018,2.63,25.38,1.6094379124341003,-2.63,3
McLaren,2024,darktrace,DarkTrace,Cybersecurity,0,5,0,50,4.71,4.48,0.3018,2.63,25.38,1.6094379124341003,-2.63,3
McLaren,2024,delltechnologies,Dell Technologies,Technology,1,7,1,50,4.71,4.48,0.3018,2.63,25.38,1.9459101490553132,-2.63,3
McLaren,2024,alteryx,Alteryx,Technology,1,3,0,50,4.71,4.48,0.3018,2.63,25.38,1.0986122886681098,-2.63,3
McLaren,2024,smartsheet,Smartsheet,Technology,1,3,0,50,4.71,4.48,0.3018,2.63,25.38,1.0986122886681098,-2.63,3
McLaren,2024,medallia,Medallia,Technology,1,3,0,50,4.71,4.48,0.3018,2.63,25.38,1.0986122886681098,-2.63,3
McLaren,2024,arrowelectronics,Arrow Electronics,Technology,1,5,0,50,4.71,4.48,0.3018,2.63,25.38,1.6094379124341003,-2.63,3
McLaren,2024,richardmille,Richard Mille,Luxury Watches,1,7,1,50,4.71,4.48,0.3018,2.63,25.38,1.9459101490553132,-2.63,3
McLaren,2024,hilton,Hilton,"Travel, Hospitality & Logistics",1,7,1,50,4.71,4.48,0.3018,2.63,25.38,1.9459101490553132,-2.63,3
McLaren,2024,cocacola,Coca Cola,Food & Beverage,0,5,0,50,4.71,4.48,0.3018,2.63,25.38,1.6094379124341003,-2.63,3
McLaren,2024,unilever,Unilever,Consumer Goods & Retail,1,5,0,50,4.71,4.48,0.3018,2.63,25.38,1.6094379124341003,-2.63,3
McLaren,2024,fxpro,FxPro,Financial Services,1,6,0,50,4.71,4.48,0.3018,2.63,25.38,1.791759469228055,-2.63,3
McLaren,2024,deloitte,Deloitte,Business Services,1,5,0,50,4.71,4.48,0.3018,2.63,25.38,1.6094379124341003,-2.63,3
McLaren,2024,tumi,TUMI,Luxury & Fashion,1,5,0,50,4.71,4.48,0.3018,2.63,25.38,1.6094379124341003,-2.63,3
McLaren,2024,cnbc,CNBC,Media & Entertainment,1,7,1,50,4.71,4.48,0.3018,2.63,25.38,1.9459101490553132,-2.63,3
McLaren,2024,sparco,Sparco,Automotive,0,7,1,50,4.71,4.48,0.3018,2.63,25.38,1.9459101490553132,-2.63,3
McLaren,2024,ashurst,Ashurst,Business Services,1,5,0,50,4.71,4.48,0.3018,2.63,25.38,1.6094379124341003,-2.63,3
McLaren,2024,stratasys,Stratasys,Technology,1,7,1,50,4.71,4.48,0.3018,2.63,25.38,1.9459101490553132,-2.63,3
McLaren,2024,kaust,KAUST,Business Services,1,6,0,50,4.71,4.48,0.3018,2.63,25.38,1.791759469228055,-2.63,3
McLaren,2024,newera,New Era,Apparel & Sportswear,1,5,0,50,4.71,4.48,0.3018,2.63,25.38,1.6094379124341003,-2.63,3
McLaren,2024,faiaviationgroup,FAI Aviation Group,"Travel, Hospitality & Logistics",1,5,0,50,4.71,4.48,0.3018,2.63,25.38,1.6094379124341003,-2.63,3
McLaren,2024,cisco,Cisco,Technology,1,2,0,50,4.71,4.48,0.3018,2.63,25.38,0.6931471805599453,-2.63,3
McLaren,2024,webex,Webex,Technology,0,3,0,50,4.71,4.48,0.3018,2.63,25.38,1.0986122886681098,-2.63,3
McLaren,2024,akzonobelsikkens,AkzoNobel-Sikkens,Industrial & Aerospace,1,2,0,50,4.71,4.48,0.3018,2.63,25.38,0.6931471805599453,-2.63,3
McLaren,2024,castore,Castore,Apparel & Sportswear,1,3,0,50,4.71,4.48,0.3018,2.63,25.38,1.0986122886681098,-2.63,3
McLaren,2024,sungod,SunGod,Luxury & Fashion,1,3,0,50,4.71,4.48,0.3018,2.63,25.38,1.0986122886681098,-2.63,3
McLaren,2024,technogym,Technogym,Apparel & Sportswear,0,3,0,50,4.71,4.48,0.3018,2.63,25.38,1.0986122886681098,-2.63,3
McLaren,2024,googlechrome,Google/Chrome,Technology,1,2,0,50,4.71,4.48,0.3018,2.63,25.38,0.6931471805599453,-2.63,3
McLaren,2024,pirelli,Pirelli,Automotive,1,7,1,50,4.71,4.48,0.3018,2.63,25.38,1.9459101490553132,-2.63,3
McLaren,2024,okx,OKX,Crypto & Web3,1,2,0,50,4.71,4.48,0.3018,2.63,25.38,0.6931471805599453,-2.63,3
McLaren,2024,android,Android,Technology,1,2,0,50,4.71,4.48,0.3018,2.63,25.38,0.6931471805599453,-2.63,3
McLaren,2024,dpworld,DP World,"Travel, Hospitality & Logistics",1,2,0,50,4.71,4.48,0.3018,2.63,25.38,0.6931471805599453,-2.63,3
McLaren,2024,jackdaniels,Jack Daniels,Food & Beverage,1,2,0,50,4.71,4.48,0.3018,2.63,25.38,0.6931471805599453,-2.63,3
McLaren,2024,vmware,VM Ware,Technology,0,2,0,50,4.71,4.48,0.3018,2.63,25.38,0.6931471805599453,-2.63,3
McLaren,2024,dewalt,DeWalt,Industrial & Aerospace,1,2,0,50,4.71,4.48,0.3018,2.63,25.38,0.6931471805599453,-2.63,3
McLaren,2024,cadence,Cadence,Technology,0,2,0,50,4.71,4.48,0.3018,2.63,25.38,0.6931471805599453,-2.63,3
McLaren,2024,kswiss,K-Swiss,Apparel & Sportswear,1,2,0,50,4.71,4.48,0.3018,2.63,25.38,0.6931471805599453,-2.63,3
McLaren,2024,monsterenergy,Monster Energy,Food & Beverage,1,1,0,50,4.71,4.48,0.3018,2.63,25.38,0.0,-2.63,3
McLaren,2024,salesforce,Salesforce,Technology,1,1,0,50,4.71,4.48,0.3018,2.63,25.38,0.0,-2.63,3
McLaren,2024,estrellagalicia,Estrella Galicia,Food & Beverage,1,1,0,50,4.71,4.48,0.3018,2.63,25.38,0.0,-2.63,3
McLaren,2024,dropbox,Dropbox,Technology,1,1,0,50,4.71,4.48,0.3018,2.63,25.38,0.0,-2.63,3
McLaren,2024,workday,Workday,Technology,1,1,0,50,4.71,4.48,0.3018,2.63,25.38,0.0,-2.63,3
McLaren,2024,ecolab,Ecolab,Industrial & Aerospace,1,1,0,50,4.71,4.48,0.3018,2.63,25.38,0.0,-2.63,3
McLaren,2024,airwallex,Airwallex,Financial Services,1,1,0,50,4.71,4.48,0.3018,2.63,25.38,0.0,-2.63,3
McLaren,2024,onoptimumnutrition,ON Optimum Nutrition,Apparel & Sportswear,1,1,0,50,4.71,4.48,0.3018,2.63,25.38,0.0,-2.63,3
McLaren,2024,haloitsm,Halo ITSM,Technology,1,1,0,50,4.71,4.48,0.3018,2.63,25.38,0.0,-2.63,3
McLaren,2024,udemy,Udemy,Business Services,1,1,0,50,4.71,4.48,0.3018,2.63,25.38,0.0,-2.63,3
McLaren,2024,reiss,Reiss,Luxury & Fashion,1,1,0,50,4.71,4.48,0.3018,2.63,25.38,0.0,-2.63,3
McLaren,2024,alpinestar,Alpinestar,Apparel & Sportswear,1,1,0,50,4.71,4.48,0.3018,2.63,25.38,0.0,-2.63,3
Mercedes,2018,amgpetronas,AMG Petronas,Energy,0,1,1,24,3.86,3.0,-0.1691,4.08,31.19,0.0,-4.08,-3
Mercedes,2018,ubs,UBS,Financial Services,1,1,1,24,3.86,3.0,-0.1691,4.08,31.19,0.0,-4.08,-3
Mercedes,2018,qualcomm,Qualcomm,Technology,1,1,1,24,3.86,3.0,-0.1691,4.08,31.19,0.0,-4.08,-3
Mercedes,2018,epson,Epson,Technology,1,1,1,24,3.86,3.0,-0.1691,4.08,31.19,0.0,-4.08,-3
Mercedes,2018,bose,Bose,Technology,1,1,1,24,3.86,3.0,-0.1691,4.08,31.19,0.0,-4.08,-3
Mercedes,2018,tommyhilfiger,Tommy Hilfiger,Luxury & Fashion,1,1,1,24,3.86,3.0,-0.1691,4.08,31.19,0.0,-4.08,-3
Mercedes,2018,iwcschaffhausen,IWC Schaffhausen,Luxury Watches,1,1,1,24,3.86,3.0,-0.1691,4.08,31.19,0.0,-4.08,-3
Mercedes,2018,wihuri,Wihuri,Industrial & Aerospace,0,1,1,24,3.86,3.0,-0.1691,4.08,31.19,0.0,-4.08,-3
Mercedes,2018,monsterenergy,Monster Energy,Food & Beverage,1,1,1,24,3.86,3.0,-0.1691,4.08,31.19,0.0,-4.08,-3
Mercedes,2018,purestorage,Pure Storage,Technology,1,1,1,24,3.86,3.0,-0.1691,4.08,31.19,0.0,-4.08,-3
Mercedes,2018,tibco,TIBCO,Technology,1,1,1,24,3.86,3.0,-0.1691,4.08,31.19,0.0,-4.08,-3
Mercedes,2018,starwood,Starwood,"Travel, Hospitality & Logistics",0,1,1,24,3.86,3.0,-0.1691,4.08,31.19,0.0,-4.08,-3
Mercedes,2018,puma,Puma,Apparel & Sportswear,1,1,1,24,3.86,3.0,-0.1691,4.08,31.19,0.0,-4.08,-3
Mercedes,2018,ebmpapst,ebmpapst,Industrial & Aerospace,1,1,1,24,3.86,3.0,-0.1691,4.08,31.19,0.0,-4.08,-3
Mercedes,2018,tatacommunications,Tata Communications,Telecom,1,1,1,24,3.86,3.0,-0.1691,4.08,31.19,0.0,-4.08,-3
Mercedes,2018,netjets,NetJets,"Travel, Hospitality & Logistics",0,1,1,24,3.86,3.0,-0.1691,4.08,31.19,0.0,-4.08,-3
Mercedes,2018,dbschenker,DB Schenker,"Travel, Hospitality & Logistics",0,1,1,24,3.86,3.0,-0.1691,4.08,31.19,0.0,-4.08,-3
Mercedes,2018,rubrik,Rubrik,Cybersecurity,0,1,1,24,3.86,3.0,-0.1691,4.08,31.19,0.0,-4.08,-3
Mercedes,2018,omp,OMP,Automotive,1,1,1,24,3.86,3.0,-0.1691,4.08,31.19,0.0,-4.08,-3
Mercedes,2018,spieshecker,Spies Hecker,Industrial & Aerospace,0,1,1,24,3.86,3.0,-0.1691,4.08,31.19,0.0,-4.08,-3
Mercedes,2018,assos,Assos,Apparel & Sportswear,1,1,1,24,3.86,3.0,-0.1691,4.08,31.19,0.0,-4.08,-3
Mercedes,2018,ozracing,OZ Racing,Automotive,1,1,1,24,3.86,3.0,-0.1691,4.08,31.19,0.0,-4.08,-3
Mercedes,2018,endless,Endless,Automotive,1,1,1,24,3.86,3.0,-0.1691,4.08,31.19,0.0,-4.08,-3
Mercedes,2018,pirelli,Pirelli,Automotive,1,1,1,24,3.86,3.0,-0.1691,4.08,31.19,0.0,-4.08,-3
Mercedes,2019,petronas,Petronas,Energy,1,1,0,24,3.24,2.64,0.1998,3.28,35.19,0.0,-3.28,-2
Mercedes,2019,ubs,UBS,Financial Services,1,2,1,24,3.24,2.64,0.1998,3.28,35.19,0.6931471805599453,-3.28,-2
Mercedes,2019,qualcomm,Qualcomm,Technology,0,2,1,24,3.24,2.64,0.1998,3.28,35.19,0.6931471805599453,-3.28,-2
Mercedes,2019,epson,Epson,Technology,1,2,1,24,3.24,2.64,0.1998,3.28,35.19,0.6931471805599453,-3.28,-2
Mercedes,2019,bose,Bose,Technology,1,2,1,24,3.24,2.64,0.1998,3.28,35.19,0.6931471805599453,-3.28,-2
Mercedes,2019,tommyhilfiger,Tommy Hilfiger,Luxury & Fashion,1,2,1,24,3.24,2.64,0.1998,3.28,35.19,0.6931471805599453,-3.28,-2
Mercedes,2019,iwcschaffhausen,IWC Schaffhausen,Luxury Watches,0,2,1,24,3.24,2.64,0.1998,3.28,35.19,0.6931471805599453,-3.28,-2
Mercedes,2019,hewlettpackardenterprise,Hewlett Packard Enterprise,Technology,0,1,0,24,3.24,2.64,0.1998,3.28,35.19,0.0,-3.28,-2
Mercedes,2019,marriottbonvoy,Marriott Bonvoy,"Travel, Hospitality & Logistics",0,1,0,24,3.24,2.64,0.1998,3.28,35.19,0.0,-3.28,-2
Mercedes,2019,monsterenergy,Monster Energy,Food & Beverage,1,2,1,24,3.24,2.64,0.1998,3.28,35.19,0.6931471805599453,-3.28,-2
Mercedes,2019,purestorage,Pure Storage,Technology,1,2,1,24,3.24,2.64,0.1998,3.28,35.19,0.6931471805599453,-3.28,-2
Mercedes,2019,crowdstrike,CrowdStrike,Cybersecurity,1,1,0,24,3.24,2.64,0.1998,3.28,35.19,0.0,-3.28,-2
Mercedes,2019,tibco,Tibco,Technology,1,2,1,24,3.24,2.64,0.1998,3.28,35.19,0.6931471805599453,-3.28,-2
Mercedes,2019,puma,Puma,Apparel & Sportswear,1,2,1,24,3.24,2.64,0.1998,3.28,35.19,0.6931471805599453,-3.28,-2
Mercedes,2019,ebmpapst,Ebmpapst,Industrial & Aerospace,0,2,1,24,3.24,2.64,0.1998,3.28,35.19,0.6931471805599453,-3.28,-2
Mercedes,2019,tatacommunications,Tata Communications,Telecom,0,2,1,24,3.24,2.64,0.1998,3.28,35.19,0.6931471805599453,-3.28,-2
Mercedes,2019,konecranes,Konecranes,Industrial & Aerospace,0,1,0,24,3.24,2.64,0.1998,3.28,35.19,0.0,-3.28,-2
Mercedes,2019,omp,OMP,Automotive,1,2,1,24,3.24,2.64,0.1998,3.28,35.19,0.6931471805599453,-3.28,-2
Mercedes,2019,axalta,Axalta,Industrial & Aerospace,0,1,0,24,3.24,2.64,0.1998,3.28,35.19,0.0,-3.28,-2
Mercedes,2019,assos,Assos,Apparel & Sportswear,0,2,1,24,3.24,2.64,0.1998,3.28,35.19,0.6931471805599453,-3.28,-2
Mercedes,2019,ozracing,Oz Racing,Automotive,1,2,1,24,3.24,2.64,0.1998,3.28,35.19,0.6931471805599453,-3.28,-2
Mercedes,2019,endless,Endless,Automotive,1,2,1,24,3.24,2.64,0.1998,3.28,35.19,0.6931471805599453,-3.28,-2
Mercedes,2019,pirelli,Pirelli,Automotive,1,2,1,24,3.24,2.64,0.1998,3.28,35.19,0.6931471805599453,-3.28,-2
Mercedes,2019,seedlip,Seedlip,Food & Beverage,1,1,0,24,3.24,2.64,0.1998,3.28,35.19,0.0,-3.28,-2
Mercedes,2020,petronas,Petronas,Energy,1,2,0,22,3.74,2.0,0.2793,2.77,33.71,0.6931471805599453,-2.77,-1
Mercedes,2020,ineos,INEOS,Industrial & Aerospace,1,1,0,22,3.74,2.0,0.2793,2.77,33.71,0.0,-2.77,-1
Mercedes,2020,ubs,UBS,Financial Services,1,3,1,22,3.74,2.0,0.2793,2.77,33.71,1.0986122886681098,-2.77,-1
Mercedes,2020,epson,Epson,Technology,1,3,1,22,3.74,2.0,0.2793,2.77,33.71,1.0986122886681098,-2.77,-1
Mercedes,2020,bose,Bose,Technology,1,3,1,22,3.74,2.0,0.2793,2.77,33.71,1.0986122886681098,-2.77,-1
Mercedes,2020,tommyhilfiger,Tommy Hilfiger,Luxury & Fashion,1,3,1,22,3.74,2.0,0.2793,2.77,33.71,1.0986122886681098,-2.77,-1
Mercedes,2020,iwc,IWC,Luxury Watches,1,1,0,22,3.74,2.0,0.2793,2.77,33.71,0.0,-2.77,-1
Mercedes,2020,hewlettpackard,Hewlett Packard,Technology,1,1,0,22,3.74,2.0,0.2793,2.77,33.71,0.0,-2.77,-1
Mercedes,2020,theritzcarlton,The Ritz-Carlton,"Travel, Hospitality & Logistics",1,1,0,22,3.74,2.0,0.2793,2.77,33.71,0.0,-2.77,-1
Mercedes,2020,monsterenergy,Monster Energy,Food & Beverage,1,3,1,22,3.74,2.0,0.2793,2.77,33.71,1.0986122886681098,-2.77,-1
Mercedes,2020,purestorage,Pure Storage,Technology,1,3,1,22,3.74,2.0,0.2793,2.77,33.71,1.0986122886681098,-2.77,-1
Mercedes,2020,crowdstrike,CrowdStrike,Cybersecurity,1,2,0,22,3.74,2.0,0.2793,2.77,33.71,0.6931471805599453,-2.77,-1
Mercedes,2020,tibco,TIBCO,Technology,1,3,1,22,3.74,2.0,0.2793,2.77,33.71,1.0986122886681098,-2.77,-1
Mercedes,2020,amd,AMD,Technology,1,1,0,22,3.74,2.0,0.2793,2.77,33.71,0.0,-2.77,-1
Mercedes,2020,puma,Puma,Apparel & Sportswear,1,3,1,22,3.74,2.0,0.2793,2.77,33.71,1.0986122886681098,-2.77,-1
Mercedes,2020,policeeyewear,Police,Luxury & Fashion,1,1,0,22,3.74,2.0,0.2793,2.77,33.71,0.0,-2.77,-1
Mercedes,2020,omp,OMP,Automotive,0,3,1,22,3.74,2.0,0.2793,2.77,33.71,1.0986122886681098,-2.77,-1
Mercedes,2020,ozracing,OZ Racing,Automotive,1,3,1,22,3.74,2.0,0.2793,2.77,33.71,1.0986122886681098,-2.77,-1
Mercedes,2020,endless,Endless,Automotive,1,3,1,22,3.74,2.0,0.2793,2.77,33.71,1.0986122886681098,-2.77,-1
Mercedes,2020,stilo,Stilo,Automotive,0,1,0,22,3.74,2.0,0.2793,2.77,33.71,0.0,-2.77,-1
Mercedes,2020,seedlip,Seedlip,Food & Beverage,0,2,0,22,3.74,2.0,0.2793,2.77,33.71,0.6931471805599453,-2.77,-1
Mercedes,2020,pirelli,Pirelli,Automotive,1,3,1,22,3.74,2.0,0.2793,2.77,33.71,1.0986122886681098,-2.77,-1
Mercedes,2021,petronas,Petronas,Energy,1,3,0,23,5.41,2.95,0.3779,3.68,27.48,1.0986122886681098,-3.68,0
Mercedes,2021,ineos,INEOS,Industrial & Aerospace,1,2,0,23,5.41,2.95,0.3779,3.68,27.48,0.6931471805599453,-3.68,0
Mercedes,2021,ubs,UBS,Financial Services,1,4,1,23,5.41,2.95,0.3779,3.68,27.48,1.3862943611198906,-3.68,0
Mercedes,2021,epson,Epson,Technology,0,4,1,23,5.41,2.95,0.3779,3.68,27.48,1.3862943611198906,-3.68,0
Mercedes,2021,bose,Bose,Technology,0,4,1,23,5.41,2.95,0.3779,3.68,27.48,1.3862943611198906,-3.68,0
Mercedes,2021,tommyhilfiger,Tommy Hilfiger,Luxury & Fashion,1,4,1,23,5.41,2.95,0.3779,3.68,27.48,1.3862943611198906,-3.68,0
Mercedes,2021,iwc,IWC,Luxury Watches,0,2,0,23,5.41,2.95,0.3779,3.68,27.48,0.6931471805599453,-3.68,0
Mercedes,2021,hewlettpackard,Hewlett Packard,Technology,1,2,0,23,5.41,2.95,0.3779,3.68,27.48,0.6931471805599453,-3.68,0
Mercedes,2021,theritzcarlton,The Ritz-Carlton,"Travel, Hospitality & Logistics",0,2,0,23,5.41,2.95,0.3779,3.68,27.48,0.6931471805599453,-3.68,0
Mercedes,2021,monsterenergy,Monster Energy,Food & Beverage,1,4,1,23,5.41,2.95,0.3779,3.68,27.48,1.3862943611198906,-3.68,0
Mercedes,2021,purestorage,Pure Storage,Technology,1,4,1,23,5.41,2.95,0.3779,3.68,27.48,1.3862943611198906,-3.68,0
Mercedes,2021,crowdstrike,CrowdStrike,Cybersecurity,1,3,0,23,5.41,2.95,0.3779,3.68,27.48,1.0986122886681098,-3.68,0
Mercedes,2021,tibco,TIBCO,Technology,1,4,1,23,5.41,2.95,0.3779,3.68,27.48,1.3862943611198906,-3.68,0
Mercedes,2021,amd,AMD,Technology,1,2,0,23,5.41,2.95,0.3779,3.68,27.48,0.6931471805599453,-3.68,0
Mercedes,2021,puma,Puma,Apparel & Sportswear,1,4,1,23,5.41,2.95,0.3779,3.68,27.48,1.3862943611198906,-3.68,0
Mercedes,2021,policeeyewear,Police,Luxury & Fashion,1,2,0,23,5.41,2.95,0.3779,3.68,27.48,0.6931471805599453,-3.68,0
Mercedes,2021,ozracing,OZ Racing,Automotive,1,4,1,23,5.41,2.95,0.3779,3.68,27.48,1.3862943611198906,-3.68,0
Mercedes,2021,endless,Endless,Automotive,1,4,1,23,5.41,2.95,0.3779,3.68,27.48,1.3862943611198906,-3.68,0
Mercedes,2021,axalta,Axalta,Industrial & Aerospace,1,1,0,23,5.41,2.95,0.3779,3.68,27.48,0.0,-3.68,0
Mercedes,2021,belstaff,Belstaff,Luxury & Fashion,1,1,0,23,5.41,2.95,0.3779,3.68,27.48,0.0,-3.68,0
Mercedes,2021,marriottbonvoy,Marriott Bonvoy,"Travel, Hospitality & Logistics",1,1,0,23,5.41,2.95,0.3779,3.68,27.48,0.0,-3.68,0
Mercedes,2021,teamviewer,TeamViewer,Technology,1,1,0,23,5.41,2.95,0.3779,3.68,27.48,0.0,-3.68,0
Mercedes,2021,pirelli,Pirelli,Automotive,1,4,1,23,5.41,2.95,0.3779,3.68,27.48,1.3862943611198906,-3.68,0
Mercedes,2022,petronas,Petronas,Energy,1,4,0,21,5.52,6.43,0.469,2.97,22.5,1.3862943611198906,-2.97,1
Mercedes,2022,ineos,Ineos,Industrial & Aerospace,1,3,0,21,5.52,6.43,0.469,2.97,22.5,1.0986122886681098,-2.97,1
Mercedes,2022,ubs,UBS,Financial Services,1,5,1,21,5.52,6.43,0.469,2.97,22.5,1.6094379124341003,-2.97,1
Mercedes,2022,teamviewer,TeamViewer,Technology,1,2,0,21,5.52,6.43,0.469,2.97,22.5,0.6931471805599453,-2.97,1
Mercedes,2022,crowdstrike,CrowdStrike,Cybersecurity,1,4,0,21,5.52,6.43,0.469,2.97,22.5,1.3862943611198906,-2.97,1
Mercedes,2022,ftx,FTX,Crypto & Web3,0,1,0,21,5.52,6.43,0.469,2.97,22.5,0.0,-2.97,1
Mercedes,2022,hewlettpackard,Hewlett Packard,Technology,0,3,0,21,5.52,6.43,0.469,2.97,22.5,1.0986122886681098,-2.97,1
Mercedes,2022,iwcschaffhausen,IWC Schaffhausen,Luxury Watches,1,1,0,21,5.52,6.43,0.469,2.97,22.5,0.0,-2.97,1
Mercedes,2022,marriottbonvoy,Marriott Bonvoy,"Travel, Hospitality & Logistics",0,2,0,21,5.52,6.43,0.469,2.97,22.5,0.6931471805599453,-2.97,1
Mercedes,2022,amd,AMD,Technology,1,3,0,21,5.52,6.43,0.469,2.97,22.5,1.0986122886681098,-2.97,1
Mercedes,2022,monsterenergy,Monster Energy,Food & Beverage,1,5,1,21,5.52,6.43,0.469,2.97,22.5,1.6094379124341003,-2.97,1
Mercedes,2022,purestorage,Pure Storage,Technology,0,5,1,21,5.52,6.43,0.469,2.97,22.5,1.6094379124341003,-2.97,1
Mercedes,2022,tommyhilfiger,Tommy Hilfiger,Luxury & Fashion,1,5,1,21,5.52,6.43,0.469,2.97,22.5,1.6094379124341003,-2.97,1
Mercedes,2022,tibco,TIBCO,Technology,0,5,1,21,5.52,6.43,0.469,2.97,22.5,1.6094379124341003,-2.97,1
Mercedes,2022,puma,Puma,Apparel & Sportswear,1,5,1,21,5.52,6.43,0.469,2.97,22.5,1.6094379124341003,-2.97,1
Mercedes,2022,policeeyewear,Police Eyewear,Luxury & Fashion,1,3,0,21,5.52,6.43,0.469,2.97,22.5,1.0986122886681098,-2.97,1
Mercedes,2022,ozracing,OZ Racing,Automotive,1,5,1,21,5.52,6.43,0.469,2.97,22.5,1.6094379124341003,-2.97,1
Mercedes,2022,endless,Endless,Automotive,1,5,1,21,5.52,6.43,0.469,2.97,22.5,1.6094379124341003,-2.97,1
Mercedes,2022,axalta,Axalta,Industrial & Aerospace,0,2,0,21,5.52,6.43,0.469,2.97,22.5,0.6931471805599453,-2.97,1
Mercedes,2022,belstaff,Belstaff,Luxury & Fashion,0,2,0,21,5.52,6.43,0.469,2.97,22.5,0.6931471805599453,-2.97,1
Mercedes,2022,pirelli,Pirelli,Automotive,1,5,1,21,5.52,6.43,0.469,2.97,22.5,1.6094379124341003,-2.97,1
Mercedes,2023,petronas,Petronas,Energy,1,5,0,26,7.14,6.43,-0.6137,4.5,17.0,1.6094379124341003,-4.5,2
Mercedes,2023,ineos,Ineos,Industrial & Aerospace,1,4,0,26,7.14,6.43,-0.6137,4.5,17.0,1.3862943611198906,-4.5,2
Mercedes,2023,crowdstrike,CrowdStrike,Cybersecurity,1,5,0,26,7.14,6.43,-0.6137,4.5,17.0,1.6094379124341003,-4.5,2
Mercedes,2023,teamviewer,TeamViewer,Technology,1,3,0,26,7.14,6.43,-0.6137,4.5,17.0,1.0986122886681098,-4.5,2
Mercedes,2023,ubs,UBS,Financial Services,1,6,1,26,7.14,6.43,-0.6137,4.5,17.0,1.791759469228055,-4.5,2
Mercedes,2023,snapdragon,Snapdragon,Technology,1,1,0,26,7.14,6.43,-0.6137,4.5,17.0,0.0,-4.5,2
Mercedes,2023,g42,G42,Technology,1,1,0,26,7.14,6.43,-0.6137,4.5,17.0,0.0,-4.5,2
Mercedes,2023,akkodis,Akkodis,Technology,1,1,0,26,7.14,6.43,-0.6137,4.5,17.0,0.0,-4.5,2
Mercedes,2023,iwcschaffhausen,IWC Schaffhausen,Luxury Watches,1,2,0,26,7.14,6.43,-0.6137,4.5,17.0,0.6931471805599453,-4.5,2
Mercedes,2023,hewlettpackardenterprise,Hewlett Packard Enterprise,Technology,1,1,0,26,7.14,6.43,-0.6137,4.5,17.0,0.0,-4.5,2
Mercedes,2023,solera,Solera,Technology,1,1,0,26,7.14,6.43,-0.6137,4.5,17.0,0.0,-4.5,2
Mercedes,2023,nuvei,Nuvei,Financial Services,1,1,0,26,7.14,6.43,-0.6137,4.5,17.0,0.0,-4.5,2
Mercedes,2023,einhell,Einhell,Industrial & Aerospace,1,1,0,26,7.14,6.43,-0.6137,4.5,17.0,0.0,-4.5,2
Mercedes,2023,amd,AMD,Technology,1,4,0,26,7.14,6.43,-0.6137,4.5,17.0,1.3862943611198906,-4.5,2
Mercedes,2023,theritzcarlton,The Ritz-Carlton,"Travel, Hospitality & Logistics",1,1,0,26,7.14,6.43,-0.6137,4.5,17.0,0.0,-4.5,2
Mercedes,2023,sherwinwilliams,Sherwin Williams,Industrial & Aerospace,1,1,0,26,7.14,6.43,-0.6137,4.5,17.0,0.0,-4.5,2
Mercedes,2023,tommyhilfiger,Tommy Hilfiger,Luxury & Fashion,1,6,1,26,7.14,6.43,-0.6137,4.5,17.0,1.791759469228055,-4.5,2
Mercedes,2023,monsterenergy,Monster Energy,Food & Beverage,0,6,1,26,7.14,6.43,-0.6137,4.5,17.0,1.791759469228055,-4.5,2
Mercedes,2023,puma,Puma,Apparel & Sportswear,1,6,1,26,7.14,6.43,-0.6137,4.5,17.0,1.791759469228055,-4.5,2
Mercedes,2023,policeeyewear,Police,Luxury & Fashion,1,4,0,26,7.14,6.43,-0.6137,4.5,17.0,1.3862943611198906,-4.5,2
Mercedes,2023,ozracing,OZ Racing,Automotive,1,6,1,26,7.14,6.43,-0.6137,4.5,17.0,1.791759469228055,-4.5,2
Mercedes,2023,endless,Endless,Automotive,1,6,1,26,7.14,6.43,-0.6137,4.5,17.0,1.791759469228055,-4.5,2
Mercedes,2023,eightsleep,Eight Sleep,Consumer Goods & Retail,0,1,0,26,7.14,6.43,-0.6137,4.5,17.0,0.0,-4.5,2
Mercedes,2023,fastly,Fastly,Technology,0,1,0,26,7.14,6.43,-0.6137,4.5,17.0,0.0,-4.5,2
Mercedes,2023,mcloud,mCloud,Technology,0,1,0,26,7.14,6.43,-0.6137,4.5,17.0,0.0,-4.5,2
Mercedes,2023,pirelli,Pirelli,Automotive,1,6,1,26,7.14,6.43,-0.6137,4.5,17.0,1.791759469228055,-4.5,2
Mercedes,2024,petronas,Petronas,Energy,1,6,0,25,6.85,6.83,0.3061,3.84,18.04,1.791759469228055,-3.84,3
Mercedes,2024,ineos,Ineos,Industrial & Aerospace,1,5,0,25,6.85,6.83,0.3061,3.84,18.04,1.6094379124341003,-3.84,3
Mercedes,2024,crowdstrike,CrowdStrike,Cybersecurity,1,6,0,25,6.85,6.83,0.3061,3.84,18.04,1.791759469228055,-3.84,3
Mercedes,2024,teamviewer,TeamViewer,Technology,1,4,0,25,6.85,6.83,0.3061,3.84,18.04,1.3862943611198906,-3.84,3
Mercedes,2024,ubs,UBS,Financial Services,1,7,1,25,6.85,6.83,0.3061,3.84,18.04,1.9459101490553132,-3.84,3
Mercedes,2024,snapdragon,Snapdragon,Technology,1,2,0,25,6.85,6.83,0.3061,3.84,18.04,0.6931471805599453,-3.84,3
Mercedes,2024,g42,G42,Technology,1,2,0,25,6.85,6.83,0.3061,3.84,18.04,0.6931471805599453,-3.84,3
Mercedes,2024,akkodis,Akkodis,Technology,1,2,0,25,6.85,6.83,0.3061,3.84,18.04,0.6931471805599453,-3.84,3
Mercedes,2024,iwcschaffhausen,IWC Schaffhausen,Luxury Watches,1,3,0,25,6.85,6.83,0.3061,3.84,18.04,1.0986122886681098,-3.84,3
Mercedes,2024,hewlettpackardenterprise,Hewlett Packard Enterprise,Technology,1,2,0,25,6.85,6.83,0.3061,3.84,18.04,0.6931471805599453,-3.84,3
Mercedes,2024,solera,Solera,Technology,1,2,0,25,6.85,6.83,0.3061,3.84,18.04,0.6931471805599453,-3.84,3
Mercedes,2024,nuvei,Nuvei,Financial Services,1,2,0,25,6.85,6.83,0.3061,3.84,18.04,0.6931471805599453,-3.84,3
Mercedes,2024,einhell,Einhell,Industrial & Aerospace,1,2,0,25,6.85,6.83,0.3061,3.84,18.04,0.6931471805599453,-3.84,3
Mercedes,2024,amd,AMD,Technology,1,5,0,25,6.85,6.83,0.3061,3.84,18.04,1.6094379124341003,-3.84,3
Mercedes,2024,theritzcarlton,The Ritz-Carlton,"Travel, Hospitality & Logistics",1,2,0,25,6.85,6.83,0.3061,3.84,18.04,0.6931471805599453,-3.84,3
Mercedes,2024,sherwinwilliams,Sherwin Williams,Industrial & Aerospace,1,2,0,25,6.85,6.83,0.3061,3.84,18.04,0.6931471805599453,-3.84,3
Mercedes,2024,tommyhilfiger,Tommy Hilfiger,Luxury & Fashion,0,7,1,25,6.85,6.83,0.3061,3.84,18.04,1.9459101490553132,-3.84,3
Mercedes,2024,puma,Puma,Apparel & Sportswear,0,7,1,25,6.85,6.83,0.3061,3.84,18.04,1.9459101490553132,-3.84,3
Mercedes,2024,policeeyewear,Police,Luxury & Fashion,0,5,0,25,6.85,6.83,0.3061,3.84,18.04,1.6094379124341003,-3.84,3
Mercedes,2024,ozracing,OZ Racing,Automotive,0,7,1,25,6.85,6.83,0.3061,3.84,18.04,1.9459101490553132,-3.84,3
Mercedes,2024,endless,Endless,Automotive,1,7,1,25,6.85,6.83,0.3061,3.84,18.04,1.9459101490553132,-3.84,3
Mercedes,2024,pirelli,Pirelli,Automotive,1,7,1,25,6.85,6.83,0.3061,3.84,18.04,1.9459101490553132,-3.84,3
Mercedes,2024,sap,SAP,Technology,1,1,0,25,6.85,6.83,0.3061,3.84,18.04,0.0,-3.84,3
Mercedes,2024,whatsapp,WhatsApp,Technology,1,1,0,25,6.85,6.83,0.3061,3.84,18.04,0.0,-3.84,3
Mercedes,2024,luminar,Luminar,Automotive,1,1,0,25,6.85,6.83,0.3061,3.84,18.04,0.0,-3.84,3
RB/AlphaTauri/Toro Rosso,2018,redbull,Red Bull,Food & Beverage,1,1,1,10,13.88,14.1,0.519,3.09,1.57,0.0,-3.09,-3
RB/AlphaTauri/Toro Rosso,2018,acronis,Acronis,Cybersecurity,0,1,1,10,13.88,14.1,0.519,3.09,1.57,0.0,-3.09,-3
RB/AlphaTauri/Toro Rosso,2018,edificecasio,Edifice Casio,Technology,1,1,1,10,13.88,14.1,0.519,3.09,1.57,0.0,-3.09,-3
RB/AlphaTauri/Toro Rosso,2018,honda,Honda,Automotive,1,1,1,10,13.88,14.1,0.519,3.09,1.57,0.0,-3.09,-3
RB/AlphaTauri/Toro Rosso,2018,pirelli,Pirelli,Automotive,1,1,1,10,13.88,14.1,0.519,3.09,1.57,0.0,-3.09,-3
RB/AlphaTauri/Toro Rosso,2018,siemens,Siemens,Industrial & Aerospace,1,1,1,10,13.88,14.1,0.519,3.09,1.57,0.0,-3.09,-3
RB/AlphaTauri/Toro Rosso,2018,riedel,Riedel,Technology,1,1,1,10,13.88,14.1,0.519,3.09,1.57,0.0,-3.09,-3
RB/AlphaTauri/Toro Rosso,2018,gigroup,Gi Group,Business Services,0,1,1,10,13.88,14.1,0.519,3.09,1.57,0.0,-3.09,-3
RB/AlphaTauri/Toro Rosso,2018,hangar7,Hangar-7,"Travel, Hospitality & Logistics",0,1,1,10,13.88,14.1,0.519,3.09,1.57,0.0,-3.09,-3
RB/AlphaTauri/Toro Rosso,2018,apptech,APP Tech,Technology,0,1,1,10,13.88,14.1,0.519,3.09,1.57,0.0,-3.09,-3
RB/AlphaTauri/Toro Rosso,2019,redbull,Red Bull,Food & Beverage,1,2,1,9,11.5,12.71,0.014,3.88,4.05,0.6931471805599453,-3.88,-2
RB/AlphaTauri/Toro Rosso,2019,honda,Honda,Automotive,1,2,1,9,11.5,12.71,0.014,3.88,4.05,0.6931471805599453,-3.88,-2
RB/AlphaTauri/Toro Rosso,2019,myworld,MyWorld,Financial Services,1,1,0,9,11.5,12.71,0.014,3.88,4.05,0.0,-3.88,-2
RB/AlphaTauri/Toro Rosso,2019,pirelli,Pirelli,Automotive,1,2,1,9,11.5,12.71,0.014,3.88,4.05,0.6931471805599453,-3.88,-2
RB/AlphaTauri/Toro Rosso,2019,siemens,Siemens,Industrial & Aerospace,1,2,1,9,11.5,12.71,0.014,3.88,4.05,0.6931471805599453,-3.88,-2
RB/AlphaTauri/Toro Rosso,2019,randstad,Randstad,Business Services,1,1,0,9,11.5,12.71,0.014,3.88,4.05,0.0,-3.88,-2
RB/AlphaTauri/Toro Rosso,2019,redbullmobile,Red Bull Mobile,Telecom,1,1,0,9,11.5,12.71,0.014,3.88,4.05,0.0,-3.88,-2
RB/AlphaTauri/Toro Rosso,2019,riedel,Riedel,Technology,1,2,1,9,11.5,12.71,0.014,3.88,4.05,0.6931471805599453,-3.88,-2
RB/AlphaTauri/Toro Rosso,2019,edificecasio,Edifice Casio,Technology,1,2,1,9,11.5,12.71,0.014,3.88,4.05,0.6931471805599453,-3.88,-2
RB/AlphaTauri/Toro Rosso,2020,myworld,myWorld,Financial Services,1,2,0,13,10.71,11.12,0.4267,2.64,6.29,0.6931471805599453,-2.64,-1
RB/AlphaTauri/Toro Rosso,2020,moose,MOOSE,Consumer Goods & Retail,0,1,0,13,10.71,11.12,0.4267,2.64,6.29,0.0,-2.64,-1
RB/AlphaTauri/Toro Rosso,2020,alphatauri,AlphaTauri,Apparel & Sportswear,1,1,0,13,10.71,11.12,0.4267,2.64,6.29,0.0,-2.64,-1
RB/AlphaTauri/Toro Rosso,2020,redbull,Red Bull,Food & Beverage,0,3,1,13,10.71,11.12,0.4267,2.64,6.29,1.0986122886681098,-2.64,-1
RB/AlphaTauri/Toro Rosso,2020,honda,Honda,Automotive,1,3,1,13,10.71,11.12,0.4267,2.64,6.29,1.0986122886681098,-2.64,-1
RB/AlphaTauri/Toro Rosso,2020,edificecasio,Edifice Casio,Technology,1,3,1,13,10.71,11.12,0.4267,2.64,6.29,1.0986122886681098,-2.64,-1
RB/AlphaTauri/Toro Rosso,2020,randstad,Randstad,Business Services,1,2,0,13,10.71,11.12,0.4267,2.64,6.29,0.6931471805599453,-2.64,-1
RB/AlphaTauri/Toro Rosso,2020,rds,RDS,Technology,1,1,0,13,10.71,11.12,0.4267,2.64,6.29,0.0,-2.64,-1
RB/AlphaTauri/Toro Rosso,2020,riedel,Riedel,Technology,1,3,1,13,10.71,11.12,0.4267,2.64,6.29,1.0986122886681098,-2.64,-1
RB/AlphaTauri/Toro Rosso,2020,siemens,Siemens,Industrial & Aerospace,1,3,1,13,10.71,11.12,0.4267,2.64,6.29,1.0986122886681098,-2.64,-1
RB/AlphaTauri/Toro Rosso,2020,redbullmobile,Red Bull Mobile,Telecom,0,2,0,13,10.71,11.12,0.4267,2.64,6.29,0.6931471805599453,-2.64,-1
RB/AlphaTauri/Toro Rosso,2020,hangar7,Hangar 7,"Travel, Hospitality & Logistics",0,1,0,13,10.71,11.12,0.4267,2.64,6.29,0.0,-2.64,-1
RB/AlphaTauri/Toro Rosso,2020,pirelli,Pirelli,Automotive,1,3,1,13,10.71,11.12,0.4267,2.64,6.29,1.0986122886681098,-2.64,-1
RB/AlphaTauri/Toro Rosso,2021,myworld,myWorld,Financial Services,0,3,0,10,11.27,9.82,0.2015,3.89,6.45,1.0986122886681098,-3.89,0
RB/AlphaTauri/Toro Rosso,2021,edificecasio,Edifice Casio,Technology,0,4,1,10,11.27,9.82,0.2015,3.89,6.45,1.3862943611198906,-3.89,0
RB/AlphaTauri/Toro Rosso,2021,alphatauri,AlphaTauri,Apparel & Sportswear,1,2,0,10,11.27,9.82,0.2015,3.89,6.45,0.6931471805599453,-3.89,0
RB/AlphaTauri/Toro Rosso,2021,honda,Honda,Automotive,1,4,1,10,11.27,9.82,0.2015,3.89,6.45,1.3862943611198906,-3.89,0
RB/AlphaTauri/Toro Rosso,2021,randstad,Randstad,Business Services,1,3,0,10,11.27,9.82,0.2015,3.89,6.45,1.0986122886681098,-3.89,0
RB/AlphaTauri/Toro Rosso,2021,pirelli,Pirelli,Automotive,1,4,1,10,11.27,9.82,0.2015,3.89,6.45,1.3862943611198906,-3.89,0
RB/AlphaTauri/Toro Rosso,2021,rds,RDS,Technology,0,2,0,10,11.27,9.82,0.2015,3.89,6.45,0.6931471805599453,-3.89,0
RB/AlphaTauri/Toro Rosso,2021,riedel,Riedel,Technology,1,4,1,10,11.27,9.82,0.2015,3.89,6.45,1.3862943611198906,-3.89,0
RB/AlphaTauri/Toro Rosso,2021,siemens,Siemens,Industrial & Aerospace,1,4,1,10,11.27,9.82,0.2015,3.89,6.45,1.3862943611198906,-3.89,0
RB/AlphaTauri/Toro Rosso,2021,dazn,DAZN,Media & Entertainment,1,1,0,10,11.27,9.82,0.2015,3.89,6.45,0.0,-3.89,0
RB/AlphaTauri/Toro Rosso,2022,alphatauri,Alpha Tauri,Apparel & Sportswear,1,3,0,12,13.52,13.11,0.178,3.3,1.59,1.0986122886681098,-3.3,1
RB/AlphaTauri/Toro Rosso,2022,honda,Honda,Automotive,1,5,1,12,13.52,13.11,0.178,3.3,1.59,1.6094379124341003,-3.3,1
RB/AlphaTauri/Toro Rosso,2022,fantom,Fantom,Crypto & Web3,0,1,0,12,13.52,13.11,0.178,3.3,1.59,0.0,-3.3,1
RB/AlphaTauri/Toro Rosso,2022,epicor,Epicor,Technology,1,1,0,12,13.52,13.11,0.178,3.3,1.59,0.0,-3.3,1
RB/AlphaTauri/Toro Rosso,2022,randstad,Randstad,Business Services,1,4,0,12,13.52,13.11,0.178,3.3,1.59,1.3862943611198906,-3.3,1
RB/AlphaTauri/Toro Rosso,2022,icmcom,ICM.com,Financial Services,0,1,0,12,13.52,13.11,0.178,3.3,1.59,0.0,-3.3,1
RB/AlphaTauri/Toro Rosso,2022,flexbox,FlexBox,Technology,1,1,0,12,13.52,13.11,0.178,3.3,1.59,0.0,-3.3,1
RB/AlphaTauri/Toro Rosso,2022,pirelli,Pirelli,Automotive,1,5,1,12,13.52,13.11,0.178,3.3,1.59,1.6094379124341003,-3.3,1
RB/AlphaTauri/Toro Rosso,2022,dazn,DAZN,Media & Entertainment,0,2,0,12,13.52,13.11,0.178,3.3,1.59,0.6931471805599453,-3.3,1
RB/AlphaTauri/Toro Rosso,2022,ravenol,Ravenol,Energy,1,1,0,12,13.52,13.11,0.178,3.3,1.59,0.0,-3.3,1
RB/AlphaTauri/Toro Rosso,2022,riedel,Riedel,Technology,1,5,1,12,13.52,13.11,0.178,3.3,1.59,1.6094379124341003,-3.3,1
RB/AlphaTauri/Toro Rosso,2022,siemens,Siemens,Industrial & Aerospace,1,5,1,12,13.52,13.11,0.178,3.3,1.59,1.6094379124341003,-3.3,1
RB/AlphaTauri/Toro Rosso,2023,rapid,Rapid,Technology,0,1,0,17,13.61,14.39,0.5698,2.31,1.0,0.0,-2.31,2
RB/AlphaTauri/Toro Rosso,2023,buzz,Buzz,Technology,0,1,0,17,13.61,14.39,0.5698,2.31,1.0,0.0,-2.31,2
RB/AlphaTauri/Toro Rosso,2023,orlen,Orlen,Energy,1,1,0,17,13.61,14.39,0.5698,2.31,1.0,0.0,-2.31,2
RB/AlphaTauri/Toro Rosso,2023,alphatauri,AlphaTauri,Apparel & Sportswear,1,4,0,17,13.61,14.39,0.5698,2.31,1.0,1.3862943611198906,-2.31,2
RB/AlphaTauri/Toro Rosso,2023,honda,Honda,Automotive,1,6,1,17,13.61,14.39,0.5698,2.31,1.0,1.791759469228055,-2.31,2
RB/AlphaTauri/Toro Rosso,2023,epicor,Epicor,Technology,1,2,0,17,13.61,14.39,0.5698,2.31,1.0,0.6931471805599453,-2.31,2
RB/AlphaTauri/Toro Rosso,2023,flexbox,FlexBox,Technology,1,2,0,17,13.61,14.39,0.5698,2.31,1.0,0.6931471805599453,-2.31,2
RB/AlphaTauri/Toro Rosso,2023,randstad,Randstad,Business Services,1,5,0,17,13.61,14.39,0.5698,2.31,1.0,1.6094379124341003,-2.31,2
RB/AlphaTauri/Toro Rosso,2023,pirelli,Pirelli,Automotive,1,6,1,17,13.61,14.39,0.5698,2.31,1.0,1.791759469228055,-2.31,2
RB/AlphaTauri/Toro Rosso,2023,ravenol,Ravenol,Energy,1,2,0,17,13.61,14.39,0.5698,2.31,1.0,0.6931471805599453,-2.31,2
RB/AlphaTauri/Toro Rosso,2023,gmc,GMC,Automotive,0,1,0,17,13.61,14.39,0.5698,2.31,1.0,0.0,-2.31,2
RB/AlphaTauri/Toro Rosso,2023,p448,P448,Apparel & Sportswear,1,1,0,17,13.61,14.39,0.5698,2.31,1.0,0.0,-2.31,2
RB/AlphaTauri/Toro Rosso,2023,carlfriedrik,Carl Friedrik,Luxury & Fashion,0,1,0,17,13.61,14.39,0.5698,2.31,1.0,0.0,-2.31,2
RB/AlphaTauri/Toro Rosso,2023,riedel,Riedel,Technology,1,6,1,17,13.61,14.39,0.5698,2.31,1.0,1.791759469228055,-2.31,2
RB/AlphaTauri/Toro Rosso,2023,siemens,Siemens,Industrial & Aerospace,1,6,1,17,13.61,14.39,0.5698,2.31,1.0,1.791759469228055,-2.31,2
RB/AlphaTauri/Toro Rosso,2023,xmtrading,XMTrading,Financial Services,1,1,0,17,13.61,14.39,0.5698,2.31,1.0,0.0,-2.31,2
RB/AlphaTauri/Toro Rosso,2023,basso,Basso,Apparel & Sportswear,0,1,0,17,13.61,14.39,0.5698,2.31,1.0,0.0,-2.31,2
RB/AlphaTauri/Toro Rosso,2024,orlen,Orlen,Energy,0,2,0,18,13.29,12.08,0.5506,2.77,1.67,0.6931471805599453,-2.77,3
RB/AlphaTauri/Toro Rosso,2024,alphatauri,AlphaTauri,Apparel & Sportswear,0,5,0,18,13.29,12.08,0.5506,2.77,1.67,1.6094379124341003,-2.77,3
RB/AlphaTauri/Toro Rosso,2024,honda,Honda,Automotive,1,7,1,18,13.29,12.08,0.5506,2.77,1.67,1.9459101490553132,-2.77,3
RB/AlphaTauri/Toro Rosso,2024,epicor,Epicor,Technology,0,3,0,18,13.29,12.08,0.5506,2.77,1.67,1.0986122886681098,-2.77,3
RB/AlphaTauri/Toro Rosso,2024,flexbox,FlexBox,Technology,0,3,0,18,13.29,12.08,0.5506,2.77,1.67,1.0986122886681098,-2.77,3
RB/AlphaTauri/Toro Rosso,2024,randstad,Randstad,Business Services,1,6,0,18,13.29,12.08,0.5506,2.77,1.67,1.791759469228055,-2.77,3
RB/AlphaTauri/Toro Rosso,2024,pirelli,Pirelli,Automotive,1,7,1,18,13.29,12.08,0.5506,2.77,1.67,1.9459101490553132,-2.77,3
RB/AlphaTauri/Toro Rosso,2024,ravenol,Ravenol,Energy,0,3,0,18,13.29,12.08,0.5506,2.77,1.67,1.0986122886681098,-2.77,3
RB/AlphaTauri/Toro Rosso,2024,p448,P448,Apparel & Sportswear,0,2,0,18,13.29,12.08,0.5506,2.77,1.67,0.6931471805599453,-2.77,3
RB/AlphaTauri/Toro Rosso,2024,riedel,Riedel,Technology,1,7,1,18,13.29,12.08,0.5506,2.77,1.67,1.9459101490553132,-2.77,3
RB/AlphaTauri/Toro Rosso,2024,siemens,Siemens,Industrial & Aerospace,1,7,1,18,13.29,12.08,0.5506,2.77,1.67,1.9459101490553132,-2.77,3
RB/AlphaTauri/Toro Rosso,2024,xmtrading,XMTrading,Financial Services,1,2,0,18,13.29,12.08,0.5506,2.77,1.67,0.6931471805599453,-2.77,3
RB/AlphaTauri/Toro Rosso,2024,visa,Visa,Financial Services,1,1,0,18,13.29,12.08,0.5506,2.77,1.67,0.0,-2.77,3
RB/AlphaTauri/Toro Rosso,2024,cashapp,Cash App,Financial Services,1,1,0,18,13.29,12.08,0.5506,2.77,1.67,0.0,-2.77,3
RB/AlphaTauri/Toro Rosso,2024,hugo,Hugo,Luxury & Fashion,1,1,0,18,13.29,12.08,0.5506,2.77,1.67,0.0,-2.77,3
RB/AlphaTauri/Toro Rosso,2024,tudor,Tudor,Luxury Watches,1,1,0,18,13.29,12.08,0.5506,2.77,1.67,0.0,-2.77,3
RB/AlphaTauri/Toro Rosso,2024,neftvodka,NEFT Vodka,Food & Beverage,1,1,0,18,13.29,12.08,0.5506,2.77,1.67,0.0,-2.77,3
RB/AlphaTauri/Toro Rosso,2024,piquadro,Piquadro,Luxury & Fashion,1,1,0,18,13.29,12.08,0.5506,2.77,1.67,0.0,-2.77,3
Red Bull Racing,2018,astonmartin,Aston Martin,Automotive,1,1,1,21,7.64,6.88,0.2856,4.72,19.95,0.0,-4.72,-3
Red Bull Racing,2018,exxonmobil,ExxonMobil,Energy,0,1,1,21,7.64,6.88,0.2856,4.72,19.95,0.0,-4.72,-3
Red Bull Racing,2018,tagheuer,Tag Heuer,Luxury Watches,1,1,1,21,7.64,6.88,0.2856,4.72,19.95,0.0,-4.72,-3
Red Bull Racing,2018,puma,Puma,Apparel & Sportswear,1,1,1,21,7.64,6.88,0.2856,4.72,19.95,0.0,-4.72,-3
Red Bull Racing,2018,citrix,Citrix,Technology,1,1,1,21,7.64,6.88,0.2856,4.72,19.95,0.0,-4.72,-3
Red Bull Racing,2018,rauch,Rauch,Food & Beverage,1,1,1,21,7.64,6.88,0.2856,4.72,19.95,0.0,-4.72,-3
Red Bull Racing,2018,hisense,Hisense,Technology,0,1,1,21,7.64,6.88,0.2856,4.72,19.95,0.0,-4.72,-3
Red Bull Racing,2018,att,AT&T,Telecom,1,1,1,21,7.64,6.88,0.2856,4.72,19.95,0.0,-4.72,-3
Red Bull Racing,2018,siemens,Siemens,Industrial & Aerospace,1,1,1,21,7.64,6.88,0.2856,4.72,19.95,0.0,-4.72,-3
Red Bull Racing,2018,ibmspectrum,IBM Spectrum,Technology,0,1,1,21,7.64,6.88,0.2856,4.72,19.95,0.0,-4.72,-3
Red Bull Racing,2018,hexagon,Hexagon,Technology,0,1,1,21,7.64,6.88,0.2856,4.72,19.95,0.0,-4.72,-3
Red Bull Racing,2018,dmgmori,DMG Mori,Industrial & Aerospace,0,1,1,21,7.64,6.88,0.2856,4.72,19.95,0.0,-4.72,-3
Red Bull Racing,2018,pwr,PWR,Automotive,0,1,1,21,7.64,6.88,0.2856,4.72,19.95,0.0,-4.72,-3
Red Bull Racing,2018,ansys,Ansys,Technology,0,1,1,21,7.64,6.88,0.2856,4.72,19.95,0.0,-4.72,-3
Red Bull Racing,2018,pirelli,Pirelli,Automotive,1,1,1,21,7.64,6.88,0.2856,4.72,19.95,0.0,-4.72,-3
Red Bull Racing,2018,sabelt,Sabelt,Automotive,0,1,1,21,7.64,6.88,0.2856,4.72,19.95,0.0,-4.72,-3
Red Bull Racing,2018,flir,Flir,Technology,0,1,1,21,7.64,6.88,0.2856,4.72,19.95,0.0,-4.72,-3
Red Bull Racing,2018,ozracing,OZ Racing,Automotive,0,1,1,21,7.64,6.88,0.2856,4.72,19.95,0.0,-4.72,-3
Red Bull Racing,2018,hpesimplivity,HPE Simplivity,Technology,0,1,1,21,7.64,6.88,0.2856,4.72,19.95,0.0,-4.72,-3
Red Bull Racing,2018,earin,Earin,Technology,0,1,1,21,7.64,6.88,0.2856,4.72,19.95,0.0,-4.72,-3
Red Bull Racing,2018,mitie,Mitie,Business Services,0,1,1,21,7.64,6.88,0.2856,4.72,19.95,0.0,-4.72,-3
Red Bull Racing,2019,astonmartin,Aston Martin,Automotive,1,2,1,15,6.26,6.6,0.3893,3.23,19.86,0.6931471805599453,-3.23,-2
Red Bull Racing,2019,rauch,Rauch,Food & Beverage,1,2,1,15,6.26,6.6,0.3893,3.23,19.86,0.6931471805599453,-3.23,-2
Red Bull Racing,2019,honda,Honda,Automotive,1,1,0,15,6.26,6.6,0.3893,3.23,19.86,0.0,-3.23,-2
Red Bull Racing,2019,mobil1,Mobil1,Energy,0,1,0,15,6.26,6.6,0.3893,3.23,19.86,0.0,-3.23,-2
Red Bull Racing,2019,esso,Esso,Energy,0,1,0,15,6.26,6.6,0.3893,3.23,19.86,0.0,-3.23,-2
Red Bull Racing,2019,tagheuer,Tag Heuer,Luxury Watches,1,2,1,15,6.26,6.6,0.3893,3.23,19.86,0.6931471805599453,-3.23,-2
Red Bull Racing,2019,citrix,Citrix,Technology,1,2,1,15,6.26,6.6,0.3893,3.23,19.86,0.6931471805599453,-3.23,-2
Red Bull Racing,2019,siemens,Siemens,Industrial & Aerospace,1,2,1,15,6.26,6.6,0.3893,3.23,19.86,0.6931471805599453,-3.23,-2
Red Bull Racing,2019,hp,HP,Technology,0,1,0,15,6.26,6.6,0.3893,3.23,19.86,0.0,-3.23,-2
Red Bull Racing,2019,att,AT&T,Telecom,1,2,1,15,6.26,6.6,0.3893,3.23,19.86,0.6931471805599453,-3.23,-2
Red Bull Racing,2019,ibm,IBM,Technology,1,1,0,15,6.26,6.6,0.3893,3.23,19.86,0.0,-3.23,-2
Red Bull Racing,2019,w66com,W66.com,Other,1,1,0,15,6.26,6.6,0.3893,3.23,19.86,0.0,-3.23,-2
Red Bull Racing,2019,puma,Puma,Apparel & Sportswear,1,2,1,15,6.26,6.6,0.3893,3.23,19.86,0.6931471805599453,-3.23,-2
Red Bull Racing,2019,ditaeyewear,Dita Eyewear,Luxury & Fashion,1,1,0,15,6.26,6.6,0.3893,3.23,19.86,0.0,-3.23,-2
Red Bull Racing,2019,pirelli,Pirelli,Automotive,1,2,1,15,6.26,6.6,0.3893,3.23,19.86,0.6931471805599453,-3.23,-2
Red Bull Racing,2020,rauch,Rauch,Food & Beverage,1,3,1,29,7.71,5.15,-0.0017,5.33,18.76,1.0986122886681098,-5.33,-1
Red Bull Racing,2020,honda,Honda,Automotive,1,2,0,29,7.71,5.15,-0.0017,5.33,18.76,0.6931471805599453,-5.33,-1
Red Bull Racing,2020,mobil1esso,Mobil 1 Esso,Energy,1,1,0,29,7.71,5.15,-0.0017,5.33,18.76,0.0,-5.33,-1
Red Bull Racing,2020,astonmartin,Aston Martin,Automotive,0,3,1,29,7.71,5.15,-0.0017,5.33,18.76,1.0986122886681098,-5.33,-1
Red Bull Racing,2020,puma,Puma,Apparel & Sportswear,1,3,1,29,7.71,5.15,-0.0017,5.33,18.76,1.0986122886681098,-5.33,-1
Red Bull Racing,2020,tagheuer,Tag Heuer,Luxury Watches,1,3,1,29,7.71,5.15,-0.0017,5.33,18.76,1.0986122886681098,-5.33,-1
Red Bull Racing,2020,citrix,Citrix,Technology,1,3,1,29,7.71,5.15,-0.0017,5.33,18.76,1.0986122886681098,-5.33,-1
Red Bull Racing,2020,piquadro,Piquadro,Luxury & Fashion,0,1,0,29,7.71,5.15,-0.0017,5.33,18.76,0.0,-5.33,-1
Red Bull Racing,2020,siemens,Siemens,Industrial & Aerospace,1,3,1,29,7.71,5.15,-0.0017,5.33,18.76,1.0986122886681098,-5.33,-1
Red Bull Racing,2020,att,AT&T,Telecom,1,3,1,29,7.71,5.15,-0.0017,5.33,18.76,1.0986122886681098,-5.33,-1
Red Bull Racing,2020,hewlettpackard,Hewlett Packard,Technology,1,1,0,29,7.71,5.15,-0.0017,5.33,18.76,0.0,-5.33,-1
Red Bull Racing,2020,iris,Iris,Technology,1,1,0,29,7.71,5.15,-0.0017,5.33,18.76,0.0,-5.33,-1
Red Bull Racing,2020,alphatauri,AlphaTauri,Apparel & Sportswear,1,1,0,29,7.71,5.15,-0.0017,5.33,18.76,0.0,-5.33,-1
Red Bull Racing,2020,ibm,IBM,Technology,0,2,0,29,7.71,5.15,-0.0017,5.33,18.76,0.6931471805599453,-5.33,-1
Red Bull Racing,2020,ditaeyewear,Dita,Luxury & Fashion,0,2,0,29,7.71,5.15,-0.0017,5.33,18.76,0.6931471805599453,-5.33,-1
Red Bull Racing,2020,w66com,W66.com,Other,0,2,0,29,7.71,5.15,-0.0017,5.33,18.76,0.6931471805599453,-5.33,-1
Red Bull Racing,2020,payvoo,PayVoo,Financial Services,0,1,0,29,7.71,5.15,-0.0017,5.33,18.76,0.0,-5.33,-1
Red Bull Racing,2020,myworld,myWorld,Financial Services,0,1,0,29,7.71,5.15,-0.0017,5.33,18.76,0.0,-5.33,-1
Red Bull Racing,2020,hexagon,Hexagon,Technology,1,1,0,29,7.71,5.15,-0.0017,5.33,18.76,0.0,-5.33,-1
Red Bull Racing,2020,dmgmori,DMG Mori,Industrial & Aerospace,1,1,0,29,7.71,5.15,-0.0017,5.33,18.76,0.0,-5.33,-1
Red Bull Racing,2020,pwr,PWR,Automotive,1,1,0,29,7.71,5.15,-0.0017,5.33,18.76,0.0,-5.33,-1
Red Bull Racing,2020,snowflake,Snowflake,Technology,0,1,0,29,7.71,5.15,-0.0017,5.33,18.76,0.0,-5.33,-1
Red Bull Racing,2020,ansys,Ansys,Technology,1,1,0,29,7.71,5.15,-0.0017,5.33,18.76,0.0,-5.33,-1
Red Bull Racing,2020,sabelt,Sabelt,Automotive,1,1,0,29,7.71,5.15,-0.0017,5.33,18.76,0.0,-5.33,-1
Red Bull Racing,2020,oz,OZ,Automotive,0,1,0,29,7.71,5.15,-0.0017,5.33,18.76,0.0,-5.33,-1
Red Bull Racing,2020,mitie,Mitie,Business Services,0,1,0,29,7.71,5.15,-0.0017,5.33,18.76,0.0,-5.33,-1
Red Bull Racing,2020,kxtechnology,kx technology,Technology,0,1,0,29,7.71,5.15,-0.0017,5.33,18.76,0.0,-5.33,-1
Red Bull Racing,2020,goldstandard,GoldStandard,Financial Services,1,1,0,29,7.71,5.15,-0.0017,5.33,18.76,0.0,-5.33,-1
Red Bull Racing,2020,pirelli,Pirelli,Automotive,1,3,1,29,7.71,5.15,-0.0017,5.33,18.76,1.0986122886681098,-5.33,-1
Red Bull Racing,2021,rauch,Rauch,Food & Beverage,1,4,1,28,5.84,4.61,-0.0103,5.19,26.3,1.3862943611198906,-5.19,0
Red Bull Racing,2021,honda,Honda,Automotive,1,3,0,28,5.84,4.61,-0.0103,5.19,26.3,1.0986122886681098,-5.19,0
Red Bull Racing,2021,mobil1esso,Mobil 1 Esso,Energy,0,2,0,28,5.84,4.61,-0.0103,5.19,26.3,0.6931471805599453,-5.19,0
Red Bull Racing,2021,puma,Puma,Apparel & Sportswear,1,4,1,28,5.84,4.61,-0.0103,5.19,26.3,1.3862943611198906,-5.19,0
Red Bull Racing,2021,tagheuer,Tag Heuer,Luxury Watches,1,4,1,28,5.84,4.61,-0.0103,5.19,26.3,1.3862943611198906,-5.19,0
Red Bull Racing,2021,citrix,Citrix,Technology,1,4,1,28,5.84,4.61,-0.0103,5.19,26.3,1.3862943611198906,-5.19,0
Red Bull Racing,2021,siemens,Siemens,Industrial & Aerospace,1,4,1,28,5.84,4.61,-0.0103,5.19,26.3,1.3862943611198906,-5.19,0
Red Bull Racing,2021,att,AT&T,Telecom,1,4,1,28,5.84,4.61,-0.0103,5.19,26.3,1.3862943611198906,-5.19,0
Red Bull Racing,2021,intermx,Inter,Financial Services,1,1,0,28,5.84,4.61,-0.0103,5.19,26.3,0.0,-5.19,0
Red Bull Racing,2021,hewlettpackard,Hewlett Packard,Technology,1,2,0,28,5.84,4.61,-0.0103,5.19,26.3,0.6931471805599453,-5.19,0
Red Bull Racing,2021,telcel,Telcel,Telecom,1,1,0,28,5.84,4.61,-0.0103,5.19,26.3,0.0,-5.19,0
Red Bull Racing,2021,iris,Iris,Technology,0,2,0,28,5.84,4.61,-0.0103,5.19,26.3,0.6931471805599453,-5.19,0
Red Bull Racing,2021,alphatauri,AlphaTauri,Apparel & Sportswear,1,2,0,28,5.84,4.61,-0.0103,5.19,26.3,0.6931471805599453,-5.19,0
Red Bull Racing,2021,hexagon,Hexagon,Technology,1,2,0,28,5.84,4.61,-0.0103,5.19,26.3,0.6931471805599453,-5.19,0
Red Bull Racing,2021,dmgmori,DMG Mori,Industrial & Aerospace,1,2,0,28,5.84,4.61,-0.0103,5.19,26.3,0.6931471805599453,-5.19,0
Red Bull Racing,2021,ansys,Ansys,Technology,1,2,0,28,5.84,4.61,-0.0103,5.19,26.3,0.6931471805599453,-5.19,0
Red Bull Racing,2021,sabelt,Sabelt,Automotive,1,2,0,28,5.84,4.61,-0.0103,5.19,26.3,0.6931471805599453,-5.19,0
Red Bull Racing,2021,ozracing,OZ Racing,Automotive,0,1,0,28,5.84,4.61,-0.0103,5.19,26.3,0.0,-5.19,0
Red Bull Racing,2021,pwr,PWR,Automotive,1,2,0,28,5.84,4.61,-0.0103,5.19,26.3,0.6931471805599453,-5.19,0
Red Bull Racing,2021,goldstandard,Gold Standard,Financial Services,1,2,0,28,5.84,4.61,-0.0103,5.19,26.3,0.6931471805599453,-5.19,0
Red Bull Racing,2021,precor,PRECOR,Apparel & Sportswear,0,1,0,28,5.84,4.61,-0.0103,5.19,26.3,0.0,-5.19,0
Red Bull Racing,2021,oura,Oura,Technology,0,1,0,28,5.84,4.61,-0.0103,5.19,26.3,0.0,-5.19,0
Red Bull Racing,2021,claro,Claro,Telecom,1,1,0,28,5.84,4.61,-0.0103,5.19,26.3,0.0,-5.19,0
Red Bull Racing,2021,americamovil,America Movil,Telecom,0,1,0,28,5.84,4.61,-0.0103,5.19,26.3,0.0,-5.19,0
Red Bull Racing,2021,therabody,Therabody,Apparel & Sportswear,1,1,0,28,5.84,4.61,-0.0103,5.19,26.3,0.0,-5.19,0
Red Bull Racing,2021,oracle,Oracle,Technology,1,1,0,28,5.84,4.61,-0.0103,5.19,26.3,0.0,-5.19,0
Red Bull Racing,2021,walmart,Walmart,Consumer Goods & Retail,1,1,0,28,5.84,4.61,-0.0103,5.19,26.3,0.0,-5.19,0
Red Bull Racing,2021,pirelli,Pirelli,Automotive,1,4,1,28,5.84,4.61,-0.0103,5.19,26.3,1.3862943611198906,-5.19,0
Red Bull Racing,2022,oracle,Oracle,Technology,1,2,0,31,4.45,3.8,0.2427,4.33,32.91,0.6931471805599453,-4.33,1
Red Bull Racing,2022,puma,Puma,Apparel & Sportswear,0,5,1,31,4.45,3.8,0.2427,4.33,32.91,1.6094379124341003,-4.33,1
Red Bull Racing,2022,tagheuer,Tag Heuer,Luxury Watches,1,5,1,31,4.45,3.8,0.2427,4.33,32.91,1.6094379124341003,-4.33,1
Red Bull Racing,2022,telcel,Telcel,Telecom,1,2,0,31,4.45,3.8,0.2427,4.33,32.91,0.6931471805599453,-4.33,1
Red Bull Racing,2022,mobil1,Mobil1,Energy,1,1,0,31,4.45,3.8,0.2427,4.33,32.91,0.0,-4.33,1
Red Bull Racing,2022,tezos,Tezos,Crypto & Web3,0,1,0,31,4.45,3.8,0.2427,4.33,32.91,0.0,-4.33,1
Red Bull Racing,2022,bybit,Bybit,Crypto & Web3,1,1,0,31,4.45,3.8,0.2427,4.33,32.91,0.0,-4.33,1
Red Bull Racing,2022,honda,Honda,Automotive,1,4,0,31,4.45,3.8,0.2427,4.33,32.91,1.3862943611198906,-4.33,1
Red Bull Racing,2022,claro,Claro,Telecom,1,2,0,31,4.45,3.8,0.2427,4.33,32.91,0.6931471805599453,-4.33,1
Red Bull Racing,2022,rauch,Rauch,Food & Beverage,1,5,1,31,4.45,3.8,0.2427,4.33,32.91,1.6094379124341003,-4.33,1
Red Bull Racing,2022,citrix,Citrix,Technology,0,5,1,31,4.45,3.8,0.2427,4.33,32.91,1.6094379124341003,-4.33,1
Red Bull Racing,2022,poly,Poly,Technology,0,1,0,31,4.45,3.8,0.2427,4.33,32.91,0.0,-4.33,1
Red Bull Racing,2022,armorall,Armor All,Automotive,1,1,0,31,4.45,3.8,0.2427,4.33,32.91,0.0,-4.33,1
Red Bull Racing,2022,cashapp,Cash App,Financial Services,1,1,0,31,4.45,3.8,0.2427,4.33,32.91,0.0,-4.33,1
Red Bull Racing,2022,arcticwolf,Arctic Wolf,Cybersecurity,1,1,0,31,4.45,3.8,0.2427,4.33,32.91,0.0,-4.33,1
Red Bull Racing,2022,hewlettpackard,Hewlett Packard,Technology,0,3,0,31,4.45,3.8,0.2427,4.33,32.91,1.0986122886681098,-4.33,1
Red Bull Racing,2022,intermx,Inter.mx,Financial Services,0,2,0,31,4.45,3.8,0.2427,4.33,32.91,0.6931471805599453,-4.33,1
Red Bull Racing,2022,att,AT&T,Telecom,1,5,1,31,4.45,3.8,0.2427,4.33,32.91,1.6094379124341003,-4.33,1
Red Bull Racing,2022,siemens,Siemens,Industrial & Aerospace,1,5,1,31,4.45,3.8,0.2427,4.33,32.91,1.6094379124341003,-4.33,1
Red Bull Racing,2022,pokerstars,PokerStars,Other,1,1,0,31,4.45,3.8,0.2427,4.33,32.91,0.0,-4.33,1
Red Bull Racing,2022,therabody,Therabody,Apparel & Sportswear,1,2,0,31,4.45,3.8,0.2427,4.33,32.91,0.6931471805599453,-4.33,1
Red Bull Racing,2022,pirelli,Pirelli,Automotive,1,5,1,31,4.45,3.8,0.2427,4.33,32.91,1.6094379124341003,-4.33,1
Red Bull Racing,2022,alphatauri,AlphaTauri,Apparel & Sportswear,1,3,0,31,4.45,3.8,0.2427,4.33,32.91,1.0986122886681098,-4.33,1
Red Bull Racing,2022,dmgmori,DMG Mori,Industrial & Aerospace,1,3,0,31,4.45,3.8,0.2427,4.33,32.91,1.0986122886681098,-4.33,1
Red Bull Racing,2022,hexagon,Hexagon,Technology,1,3,0,31,4.45,3.8,0.2427,4.33,32.91,1.0986122886681098,-4.33,1
Red Bull Racing,2022,pwr,PWR,Automotive,1,3,0,31,4.45,3.8,0.2427,4.33,32.91,1.0986122886681098,-4.33,1
Red Bull Racing,2022,ansys,Ansys,Technology,1,3,0,31,4.45,3.8,0.2427,4.33,32.91,1.0986122886681098,-4.33,1
Red Bull Racing,2022,goldstandard,Gold Standard,Financial Services,1,3,0,31,4.45,3.8,0.2427,4.33,32.91,1.0986122886681098,-4.33,1
Red Bull Racing,2022,sabelt,Sabelt,Automotive,0,3,0,31,4.45,3.8,0.2427,4.33,32.91,1.0986122886681098,-4.33,1
Red Bull Racing,2022,oceanbottle,Ocean Bottle,Consumer Goods & Retail,1,1,0,31,4.45,3.8,0.2427,4.33,32.91,0.0,-4.33,1
Red Bull Racing,2022,walmart,Walmart,Consumer Goods & Retail,1,2,0,31,4.45,3.8,0.2427,4.33,32.91,0.6931471805599453,-4.33,1
Red Bull Racing,2023,oracle,Oracle,Technology,1,3,0,38,3.57,6.02,0.1897,3.59,35.91,1.0986122886681098,-3.59,2
Red Bull Racing,2023,tagheuer,Tag Heuer,Luxury Watches,1,6,1,38,3.57,6.02,0.1897,3.59,35.91,1.791759469228055,-3.59,2
Red Bull Racing,2023,cashapp,Cash App,Financial Services,1,2,0,38,3.57,6.02,0.1897,3.59,35.91,0.6931471805599453,-3.59,2
Red Bull Racing,2023,bybit,Bybit,Crypto & Web3,1,2,0,38,3.57,6.02,0.1897,3.59,35.91,0.6931471805599453,-3.59,2
Red Bull Racing,2023,rauch,Rauch,Food & Beverage,1,6,1,38,3.57,6.02,0.1897,3.59,35.91,1.791759469228055,-3.59,2
Red Bull Racing,2023,pirelli,Pirelli,Automotive,1,6,1,38,3.57,6.02,0.1897,3.59,35.91,1.791759469228055,-3.59,2
Red Bull Racing,2023,walmart,Walmart,Consumer Goods & Retail,0,3,0,38,3.57,6.02,0.1897,3.59,35.91,1.0986122886681098,-3.59,2
Red Bull Racing,2023,mobil1,Mobil 1,Energy,1,2,0,38,3.57,6.02,0.1897,3.59,35.91,0.6931471805599453,-3.59,2
Red Bull Racing,2023,esso,Esso,Energy,1,1,0,38,3.57,6.02,0.1897,3.59,35.91,0.0,-3.59,2
Red Bull Racing,2023,siemens,Siemens,Industrial & Aerospace,1,6,1,38,3.57,6.02,0.1897,3.59,35.91,1.791759469228055,-3.59,2
Red Bull Racing,2023,att,AT&T,Telecom,1,6,1,38,3.57,6.02,0.1897,3.59,35.91,1.791759469228055,-3.59,2
Red Bull Racing,2023,interproteccion,Inter Proteccion,Financial Services,1,1,0,38,3.57,6.02,0.1897,3.59,35.91,0.0,-3.59,2
Red Bull Racing,2023,hewlettpackardenterprise,Hewlett Packard Enterprise,Technology,1,1,0,38,3.57,6.02,0.1897,3.59,35.91,0.0,-3.59,2
Red Bull Racing,2023,telcel,Telcel,Telecom,1,3,0,38,3.57,6.02,0.1897,3.59,35.91,1.0986122886681098,-3.59,2
Red Bull Racing,2023,hexagon,Hexagon,Technology,1,4,0,38,3.57,6.02,0.1897,3.59,35.91,1.3862943611198906,-3.59,2
Red Bull Racing,2023,dmgmori,DMG Mori,Industrial & Aerospace,1,4,0,38,3.57,6.02,0.1897,3.59,35.91,1.3862943611198906,-3.59,2
Red Bull Racing,2023,ansys,Ansys,Technology,1,4,0,38,3.57,6.02,0.1897,3.59,35.91,1.3862943611198906,-3.59,2
Red Bull Racing,2023,pwr,PWR,Automotive,1,4,0,38,3.57,6.02,0.1897,3.59,35.91,1.3862943611198906,-3.59,2
Red Bull Racing,2023,goldstandard,Gold Standard,Financial Services,1,4,0,38,3.57,6.02,0.1897,3.59,35.91,1.3862943611198906,-3.59,2
Red Bull Racing,2023,armorall,Armor All,Automotive,1,2,0,38,3.57,6.02,0.1897,3.59,35.91,0.6931471805599453,-3.59,2
Red Bull Racing,2023,americamovil,America Movil,Telecom,0,1,0,38,3.57,6.02,0.1897,3.59,35.91,0.0,-3.59,2
Red Bull Racing,2023,claro,Claro,Telecom,1,3,0,38,3.57,6.02,0.1897,3.59,35.91,1.0986122886681098,-3.59,2
Red Bull Racing,2023,therabody,Therabody,Apparel & Sportswear,0,3,0,38,3.57,6.02,0.1897,3.59,35.91,1.0986122886681098,-3.59,2
Red Bull Racing,2023,hppoly,HP/Poly,Technology,1,1,0,38,3.57,6.02,0.1897,3.59,35.91,0.0,-3.59,2
Red Bull Racing,2023,oceanbottle,Ocean Bottle,Consumer Goods & Retail,0,2,0,38,3.57,6.02,0.1897,3.59,35.91,0.6931471805599453,-3.59,2
Red Bull Racing,2023,pokerstars,PokerStars,Other,0,2,0,38,3.57,6.02,0.1897,3.59,35.91,0.6931471805599453,-3.59,2
Red Bull Racing,2023,alphatauri,AlphaTauri,Apparel & Sportswear,0,4,0,38,3.57,6.02,0.1897,3.59,35.91,1.3862943611198906,-3.59,2
Red Bull Racing,2023,builtforathletes,Built for Athletes,Apparel & Sportswear,1,1,0,38,3.57,6.02,0.1897,3.59,35.91,0.0,-3.59,2
Red Bull Racing,2023,castore,Castore,Apparel & Sportswear,1,1,0,38,3.57,6.02,0.1897,3.59,35.91,0.0,-3.59,2
Red Bull Racing,2023,newera,New Era,Apparel & Sportswear,1,1,0,38,3.57,6.02,0.1897,3.59,35.91,0.0,-3.59,2
Red Bull Racing,2023,athleticpropulsionlabs,Athletic Propulsion Labs,Apparel & Sportswear,1,1,0,38,3.57,6.02,0.1897,3.59,35.91,0.0,-3.59,2
Red Bull Racing,2023,bmc,BMC,Apparel & Sportswear,1,1,0,38,3.57,6.02,0.1897,3.59,35.91,0.0,-3.59,2
Red Bull Racing,2023,blenders,Blenders,Luxury & Fashion,1,1,0,38,3.57,6.02,0.1897,3.59,35.91,0.0,-3.59,2
Red Bull Racing,2023,hardrockinternational,Hard Rock International,"Travel, Hospitality & Logistics",1,1,0,38,3.57,6.02,0.1897,3.59,35.91,0.0,-3.59,2
Red Bull Racing,2023,rokt,ROKT,Technology,1,1,0,38,3.57,6.02,0.1897,3.59,35.91,0.0,-3.59,2
Red Bull Racing,2023,honda,Honda,Automotive,1,5,0,38,3.57,6.02,0.1897,3.59,35.91,1.6094379124341003,-3.59,2
Red Bull Racing,2023,arcticwolf,Arctic Wolf,Cybersecurity,1,2,0,38,3.57,6.02,0.1897,3.59,35.91,0.6931471805599453,-3.59,2
Red Bull Racing,2023,zoom,Zoom,Technology,1,1,0,38,3.57,6.02,0.1897,3.59,35.91,0.0,-3.59,2
Red Bull Racing,2024,oracle,Oracle,Technology,1,4,0,38,6.62,6.08,0.5363,3.43,22.38,1.3862943611198906,-3.43,3
Red Bull Racing,2024,tagheuer,Tag Heuer,Luxury Watches,1,7,1,38,6.62,6.08,0.5363,3.43,22.38,1.9459101490553132,-3.43,3
Red Bull Racing,2024,cashapp,Cash App,Financial Services,0,3,0,38,6.62,6.08,0.5363,3.43,22.38,1.0986122886681098,-3.43,3
Red Bull Racing,2024,bybit,Bybit,Crypto & Web3,0,3,0,38,6.62,6.08,0.5363,3.43,22.38,1.0986122886681098,-3.43,3
Red Bull Racing,2024,rauch,Rauch,Food & Beverage,1,7,1,38,6.62,6.08,0.5363,3.43,22.38,1.9459101490553132,-3.43,3
Red Bull Racing,2024,pirelli,Pirelli,Automotive,1,7,1,38,6.62,6.08,0.5363,3.43,22.38,1.9459101490553132,-3.43,3
Red Bull Racing,2024,mobil1,Mobil 1,Energy,1,3,0,38,6.62,6.08,0.5363,3.43,22.38,1.0986122886681098,-3.43,3
Red Bull Racing,2024,esso,Esso,Energy,1,2,0,38,6.62,6.08,0.5363,3.43,22.38,0.6931471805599453,-3.43,3
Red Bull Racing,2024,siemens,Siemens,Industrial & Aerospace,1,7,1,38,6.62,6.08,0.5363,3.43,22.38,1.9459101490553132,-3.43,3
Red Bull Racing,2024,att,AT&T,Telecom,1,7,1,38,6.62,6.08,0.5363,3.43,22.38,1.9459101490553132,-3.43,3
Red Bull Racing,2024,interproteccion,Inter Proteccion,Financial Services,0,2,0,38,6.62,6.08,0.5363,3.43,22.38,0.6931471805599453,-3.43,3
Red Bull Racing,2024,hewlettpackardenterprise,Hewlett Packard Enterprise,Technology,0,2,0,38,6.62,6.08,0.5363,3.43,22.38,0.6931471805599453,-3.43,3
Red Bull Racing,2024,telcel,Telcel,Telecom,0,4,0,38,6.62,6.08,0.5363,3.43,22.38,1.3862943611198906,-3.43,3
Red Bull Racing,2024,hexagon,Hexagon,Technology,1,5,0,38,6.62,6.08,0.5363,3.43,22.38,1.6094379124341003,-3.43,3
Red Bull Racing,2024,dmgmori,DMG Mori,Industrial & Aerospace,1,5,0,38,6.62,6.08,0.5363,3.43,22.38,1.6094379124341003,-3.43,3
Red Bull Racing,2024,ansys,Ansys,Technology,1,5,0,38,6.62,6.08,0.5363,3.43,22.38,1.6094379124341003,-3.43,3
Red Bull Racing,2024,pwr,PWR,Automotive,1,5,0,38,6.62,6.08,0.5363,3.43,22.38,1.6094379124341003,-3.43,3
Red Bull Racing,2024,goldstandard,Gold Standard,Financial Services,1,5,0,38,6.62,6.08,0.5363,3.43,22.38,1.6094379124341003,-3.43,3
Red Bull Racing,2024,armorall,Armor All,Automotive,1,3,0,38,6.62,6.08,0.5363,3.43,22.38,1.0986122886681098,-3.43,3
Red Bull Racing,2024,claro,Claro,Telecom,0,4,0,38,6.62,6.08,0.5363,3.43,22.38,1.3862943611198906,-3.43,3
Red Bull Racing,2024,hppoly,HP/Poly,Technology,0,2,0,38,6.62,6.08,0.5363,3.43,22.38,0.6931471805599453,-3.43,3
Red Bull Racing,2024,builtforathletes,Built for Athletes,Apparel & Sportswear,0,2,0,38,6.62,6.08,0.5363,3.43,22.38,0.6931471805599453,-3.43,3
Red Bull Racing,2024,castore,Castore,Apparel & Sportswear,1,2,0,38,6.62,6.08,0.5363,3.43,22.38,0.6931471805599453,-3.43,3
Red Bull Racing,2024,newera,New Era,Apparel & Sportswear,1,2,0,38,6.62,6.08,0.5363,3.43,22.38,0.6931471805599453,-3.43,3
Red Bull Racing,2024,athleticpropulsionlabs,Athletic Propulsion Labs,Apparel & Sportswear,0,2,0,38,6.62,6.08,0.5363,3.43,22.38,0.6931471805599453,-3.43,3
Red Bull Racing,2024,bmc,BMC,Apparel & Sportswear,0,2,0,38,6.62,6.08,0.5363,3.43,22.38,0.6931471805599453,-3.43,3
Red Bull Racing,2024,blenders,Blenders,Luxury & Fashion,0,2,0,38,6.62,6.08,0.5363,3.43,22.38,0.6931471805599453,-3.43,3
Red Bull Racing,2024,hardrockinternational,Hard Rock International,"Travel, Hospitality & Logistics",1,2,0,38,6.62,6.08,0.5363,3.43,22.38,0.6931471805599453,-3.43,3
Red Bull Racing,2024,rokt,ROKT,Technology,1,2,0,38,6.62,6.08,0.5363,3.43,22.38,0.6931471805599453,-3.43,3
Red Bull Racing,2024,honda,Honda,Automotive,1,6,0,38,6.62,6.08,0.5363,3.43,22.38,1.791759469228055,-3.43,3
Red Bull Racing,2024,arcticwolf,Arctic Wolf,Cybersecurity,0,3,0,38,6.62,6.08,0.5363,3.43,22.38,1.0986122886681098,-3.43,3
Red Bull Racing,2024,zoom,Zoom,Technology,0,2,0,38,6.62,6.08,0.5363,3.43,22.38,0.6931471805599453,-3.43,3
Red Bull Racing,2024,cdw,CDW,Technology,1,1,0,38,6.62,6.08,0.5363,3.43,22.38,0.0,-3.43,3
Red Bull Racing,2024,sparco,Sparco,Automotive,1,1,0,38,6.62,6.08,0.5363,3.43,22.38,0.0,-3.43,3
Red Bull Racing,2024,sui,Sui,Crypto & Web3,0,1,0,38,6.62,6.08,0.5363,3.43,22.38,0.0,-3.43,3
Red Bull Racing,2024,visa,Visa,Financial Services,1,1,0,38,6.62,6.08,0.5363,3.43,22.38,0.0,-3.43,3
Red Bull Racing,2024,heineken,Heineken,Food & Beverage,1,1,0,38,6.62,6.08,0.5363,3.43,22.38,0.0,-3.43,3
Red Bull Racing,2024,patron,Patron,Food & Beverage,1,1,0,38,6.62,6.08,0.5363,3.43,22.38,0.0,-3.43,3
Sauber/Alfa Romeo,2018,alfaromeo,Alfa Romeo,Automotive,1,1,1,20,12.79,14.02,0.2561,3.87,2.29,0.0,-3.87,-3
Sauber/Alfa Romeo,2018,silanna,Silanna,Technology,0,1,1,20,12.79,14.02,0.2561,3.87,2.29,0.0,-3.87,-3
Sauber/Alfa Romeo,2018,carrera,Carrera,Consumer Goods & Retail,1,1,1,20,12.79,14.02,0.2561,3.87,2.29,0.0,-3.87,-3
Sauber/Alfa Romeo,2018,claro,Claro,Telecom,1,1,1,20,12.79,14.02,0.2561,3.87,2.29,0.0,-3.87,-3
Sauber/Alfa Romeo,2018,richardmille,Richard Mille,Luxury Watches,1,1,1,20,12.79,14.02,0.2561,3.87,2.29,0.0,-3.87,-3
Sauber/Alfa Romeo,2018,additiveindustries,Additive Industries,Industrial & Aerospace,0,1,1,20,12.79,14.02,0.2561,3.87,2.29,0.0,-3.87,-3
Sauber/Alfa Romeo,2018,hewlettpackardenterprise,Hewlett Packard Enterprises,Technology,0,1,1,20,12.79,14.02,0.2561,3.87,2.29,0.0,-3.87,-3
Sauber/Alfa Romeo,2018,kappa,Kappa,Apparel & Sportswear,0,1,1,20,12.79,14.02,0.2561,3.87,2.29,0.0,-3.87,-3
Sauber/Alfa Romeo,2018,mitsubishielectric,Mitsubishi Electric,Industrial & Aerospace,1,1,1,20,12.79,14.02,0.2561,3.87,2.29,0.0,-3.87,-3
Sauber/Alfa Romeo,2018,omp,OMP,Automotive,0,1,1,20,12.79,14.02,0.2561,3.87,2.29,0.0,-3.87,-3
Sauber/Alfa Romeo,2018,pirelli,Pirelli,Automotive,1,1,1,20,12.79,14.02,0.2561,3.87,2.29,0.0,-3.87,-3
Sauber/Alfa Romeo,2018,waltermeier,Walter Meier,Industrial & Aerospace,1,1,1,20,12.79,14.02,0.2561,3.87,2.29,0.0,-3.87,-3
Sauber/Alfa Romeo,2018,thomannnutzfahrzeuge,Thomann Nutzfahrzeuge,Automotive,0,1,1,20,12.79,14.02,0.2561,3.87,2.29,0.0,-3.87,-3
Sauber/Alfa Romeo,2018,brutschruegger,Brütsch/Rüegger,Industrial & Aerospace,1,1,1,20,12.79,14.02,0.2561,3.87,2.29,0.0,-3.87,-3
Sauber/Alfa Romeo,2018,carbonconnect,Carbon-Connect,Industrial & Aerospace,1,1,1,20,12.79,14.02,0.2561,3.87,2.29,0.0,-3.87,-3
Sauber/Alfa Romeo,2018,interroll,Interroll,Industrial & Aerospace,1,1,1,20,12.79,14.02,0.2561,3.87,2.29,0.0,-3.87,-3
Sauber/Alfa Romeo,2018,mto,MTO,Industrial & Aerospace,0,1,1,20,12.79,14.02,0.2561,3.87,2.29,0.0,-3.87,-3
Sauber/Alfa Romeo,2018,riedel,Riedel,Technology,1,1,1,20,12.79,14.02,0.2561,3.87,2.29,0.0,-3.87,-3
Sauber/Alfa Romeo,2018,singaporeairlines,Singapore Airlines,"Travel, Hospitality & Logistics",1,1,1,20,12.79,14.02,0.2561,3.87,2.29,0.0,-3.87,-3
Sauber/Alfa Romeo,2018,garageitalia,Garage Italia,Automotive,0,1,1,20,12.79,14.02,0.2561,3.87,2.29,0.0,-3.87,-3
Sauber/Alfa Romeo,2019,alfaromeo,Alfa Romeo,Automotive,1,2,1,22,12.74,12.67,0.4437,2.91,2.71,0.6931471805599453,-2.91,-2
Sauber/Alfa Romeo,2019,adlerpelzergroup,Adler,Industrial & Aerospace,1,1,0,22,12.74,12.67,0.4437,2.91,2.71,0.0,-2.91,-2
Sauber/Alfa Romeo,2019,carrera,Carrera,Consumer Goods & Retail,1,2,1,22,12.74,12.67,0.4437,2.91,2.71,0.6931471805599453,-2.91,-2
Sauber/Alfa Romeo,2019,claro,Claro,Telecom,1,2,1,22,12.74,12.67,0.4437,2.91,2.71,0.6931471805599453,-2.91,-2
Sauber/Alfa Romeo,2019,richardmille,Richard Mille,Luxury Watches,1,2,1,22,12.74,12.67,0.4437,2.91,2.71,0.6931471805599453,-2.91,-2
Sauber/Alfa Romeo,2019,singha,Singha,Food & Beverage,1,1,0,22,12.74,12.67,0.4437,2.91,2.71,0.0,-2.91,-2
Sauber/Alfa Romeo,2019,egv1,EGV,Other,1,1,0,22,12.74,12.67,0.4437,2.91,2.71,0.0,-2.91,-2
Sauber/Alfa Romeo,2019,globeair,Globeair,"Travel, Hospitality & Logistics",1,1,0,22,12.74,12.67,0.4437,2.91,2.71,0.0,-2.91,-2
Sauber/Alfa Romeo,2019,hp,HP,Technology,0,1,0,22,12.74,12.67,0.4437,2.91,2.71,0.0,-2.91,-2
Sauber/Alfa Romeo,2019,iveco,Iveco,Automotive,1,1,0,22,12.74,12.67,0.4437,2.91,2.71,0.0,-2.91,-2
Sauber/Alfa Romeo,2019,mitsubishielectric,Mitsubishi,Industrial & Aerospace,1,2,1,22,12.74,12.67,0.4437,2.91,2.71,0.6931471805599453,-2.91,-2
Sauber/Alfa Romeo,2019,newbalance,New Balance,Apparel & Sportswear,0,1,0,22,12.74,12.67,0.4437,2.91,2.71,0.0,-2.91,-2
Sauber/Alfa Romeo,2019,pirelli,Pirelli,Automotive,1,2,1,22,12.74,12.67,0.4437,2.91,2.71,0.6931471805599453,-2.91,-2
Sauber/Alfa Romeo,2019,savethechildren,Save the Children,Other,1,1,0,22,12.74,12.67,0.4437,2.91,2.71,0.0,-2.91,-2
Sauber/Alfa Romeo,2019,sparco,Sparco,Automotive,1,1,0,22,12.74,12.67,0.4437,2.91,2.71,0.0,-2.91,-2
Sauber/Alfa Romeo,2019,waltermeier,Walter Meier,Industrial & Aerospace,1,2,1,22,12.74,12.67,0.4437,2.91,2.71,0.6931471805599453,-2.91,-2
Sauber/Alfa Romeo,2019,3dsystems,3D Systems,Technology,1,1,0,22,12.74,12.67,0.4437,2.91,2.71,0.0,-2.91,-2
Sauber/Alfa Romeo,2019,brutschruegger,Brutsch-Ruegger,Industrial & Aerospace,1,2,1,22,12.74,12.67,0.4437,2.91,2.71,0.6931471805599453,-2.91,-2
Sauber/Alfa Romeo,2019,carbonconnect,Carbon Connect,Industrial & Aerospace,1,2,1,22,12.74,12.67,0.4437,2.91,2.71,0.6931471805599453,-2.91,-2
Sauber/Alfa Romeo,2019,interroll,Interroll,Industrial & Aerospace,1,2,1,22,12.74,12.67,0.4437,2.91,2.71,0.6931471805599453,-2.91,-2
Sauber/Alfa Romeo,2019,riedel,Riedel,Technology,1,2,1,22,12.74,12.67,0.4437,2.91,2.71,0.6931471805599453,-2.91,-2
Sauber/Alfa Romeo,2019,singaporeairlines,Singapore Airlines,"Travel, Hospitality & Logistics",1,2,1,22,12.74,12.67,0.4437,2.91,2.71,0.6931471805599453,-2.91,-2
Sauber/Alfa Romeo,2020,alfaromeo,Alfa Romeo,Automotive,1,3,1,28,13.85,16.76,-0.379,3.75,0.47,1.0986122886681098,-3.75,-1
Sauber/Alfa Romeo,2020,pknorlen,PKN ORLEN,Energy,1,1,0,28,13.85,16.76,-0.379,3.75,0.47,0.0,-3.75,-1
Sauber/Alfa Romeo,2020,adlerpelzergroup,Adler Pelzer Group,Industrial & Aerospace,1,2,0,28,13.85,16.76,-0.379,3.75,0.47,0.6931471805599453,-3.75,-1
Sauber/Alfa Romeo,2020,carrera,Carrera,Consumer Goods & Retail,1,3,1,28,13.85,16.76,-0.379,3.75,0.47,1.0986122886681098,-3.75,-1
Sauber/Alfa Romeo,2020,claro,Claro,Telecom,0,3,1,28,13.85,16.76,-0.379,3.75,0.47,1.0986122886681098,-3.75,-1
Sauber/Alfa Romeo,2020,richardmille,Richard Mille,Luxury Watches,0,3,1,28,13.85,16.76,-0.379,3.75,0.47,1.0986122886681098,-3.75,-1
Sauber/Alfa Romeo,2020,acer,Acer,Technology,1,1,0,28,13.85,16.76,-0.379,3.75,0.47,0.0,-3.75,-1
Sauber/Alfa Romeo,2020,builtforathletes,Built for Athletes,Apparel & Sportswear,1,1,0,28,13.85,16.76,-0.379,3.75,0.47,0.0,-3.75,-1
Sauber/Alfa Romeo,2020,singha,Singha,Food & Beverage,1,2,0,28,13.85,16.76,-0.379,3.75,0.47,0.6931471805599453,-3.75,-1
Sauber/Alfa Romeo,2020,additiveindustries,Additive industries,Industrial & Aerospace,1,1,0,28,13.85,16.76,-0.379,3.75,0.47,0.0,-3.75,-1
Sauber/Alfa Romeo,2020,egv1,EGV1,Other,0,2,0,28,13.85,16.76,-0.379,3.75,0.47,0.6931471805599453,-3.75,-1
Sauber/Alfa Romeo,2020,globeair,GlobeAir,"Travel, Hospitality & Logistics",0,2,0,28,13.85,16.76,-0.379,3.75,0.47,0.6931471805599453,-3.75,-1
Sauber/Alfa Romeo,2020,hewlettpackard,Hewlett Packard,Technology,0,1,0,28,13.85,16.76,-0.379,3.75,0.47,0.0,-3.75,-1
Sauber/Alfa Romeo,2020,iveco,Iveco,Automotive,1,2,0,28,13.85,16.76,-0.379,3.75,0.47,0.6931471805599453,-3.75,-1
Sauber/Alfa Romeo,2020,marelli,Marelli,Automotive,1,1,0,28,13.85,16.76,-0.379,3.75,0.47,0.0,-3.75,-1
Sauber/Alfa Romeo,2020,mitsubishielectric,Mitsubishi Electric,Industrial & Aerospace,1,3,1,28,13.85,16.76,-0.379,3.75,0.47,1.0986122886681098,-3.75,-1
Sauber/Alfa Romeo,2020,savethechildren,Save the Children,Other,1,2,0,28,13.85,16.76,-0.379,3.75,0.47,0.6931471805599453,-3.75,-1
Sauber/Alfa Romeo,2020,sparco,Sparco,Automotive,1,2,0,28,13.85,16.76,-0.379,3.75,0.47,0.6931471805599453,-3.75,-1
Sauber/Alfa Romeo,2020,waltermeier,Walter Meier,Industrial & Aerospace,1,3,1,28,13.85,16.76,-0.379,3.75,0.47,1.0986122886681098,-3.75,-1
Sauber/Alfa Romeo,2020,3dsystems,3D Systems,Technology,0,2,0,28,13.85,16.76,-0.379,3.75,0.47,0.6931471805599453,-3.75,-1
Sauber/Alfa Romeo,2020,abdynamics,AB Dynamic,Technology,1,1,0,28,13.85,16.76,-0.379,3.75,0.47,0.0,-3.75,-1
Sauber/Alfa Romeo,2020,brutschruegger,Brutsch-Ruegger,Industrial & Aerospace,1,3,1,28,13.85,16.76,-0.379,3.75,0.47,1.0986122886681098,-3.75,-1
Sauber/Alfa Romeo,2020,carbonconnect,Carbon Connect,Industrial & Aerospace,0,3,1,28,13.85,16.76,-0.379,3.75,0.47,1.0986122886681098,-3.75,-1
Sauber/Alfa Romeo,2020,interroll,Interoll,Industrial & Aerospace,0,3,1,28,13.85,16.76,-0.379,3.75,0.47,1.0986122886681098,-3.75,-1
Sauber/Alfa Romeo,2020,quintus,Quintus,Industrial & Aerospace,0,1,0,28,13.85,16.76,-0.379,3.75,0.47,0.0,-3.75,-1
Sauber/Alfa Romeo,2020,riedel,Riedel,Technology,1,3,1,28,13.85,16.76,-0.379,3.75,0.47,1.0986122886681098,-3.75,-1
Sauber/Alfa Romeo,2020,singaporeairlines,Singapore Airlines,"Travel, Hospitality & Logistics",0,3,1,28,13.85,16.76,-0.379,3.75,0.47,1.0986122886681098,-3.75,-1
Sauber/Alfa Romeo,2020,pirelli,Pirelli,Automotive,1,3,1,28,13.85,16.76,-0.379,3.75,0.47,1.0986122886681098,-3.75,-1
Sauber/Alfa Romeo,2021,alfaromeo,Alfa Romeo,Automotive,0,4,1,21,13.2,15.02,0.2194,2.53,0.59,1.3862943611198906,-2.53,0
Sauber/Alfa Romeo,2021,pknorlen,PKN Orlen,Energy,1,2,0,21,13.2,15.02,0.2194,2.53,0.59,0.6931471805599453,-2.53,0
Sauber/Alfa Romeo,2021,adlerpelzergroup,Adler Pelzer Group,Industrial & Aerospace,1,3,0,21,13.2,15.02,0.2194,2.53,0.59,1.0986122886681098,-2.53,0
Sauber/Alfa Romeo,2021,acer,Acer,Technology,1,2,0,21,13.2,15.02,0.2194,2.53,0.59,0.6931471805599453,-2.53,0
Sauber/Alfa Romeo,2021,builtforathletes,Built for Athletes,Apparel & Sportswear,0,2,0,21,13.2,15.02,0.2194,2.53,0.59,0.6931471805599453,-2.53,0
Sauber/Alfa Romeo,2021,carrera,Carrera,Consumer Goods & Retail,0,4,1,21,13.2,15.02,0.2194,2.53,0.59,1.3862943611198906,-2.53,0
Sauber/Alfa Romeo,2021,singha,Singha,Food & Beverage,1,3,0,21,13.2,15.02,0.2194,2.53,0.59,1.0986122886681098,-2.53,0
Sauber/Alfa Romeo,2021,additiveindustries,Additive Industries,Industrial & Aerospace,1,2,0,21,13.2,15.02,0.2194,2.53,0.59,0.6931471805599453,-2.53,0
Sauber/Alfa Romeo,2021,iqoniq,IQONIQ,Apparel & Sportswear,0,1,0,21,13.2,15.02,0.2194,2.53,0.59,0.0,-2.53,0
Sauber/Alfa Romeo,2021,iveco,Iveco,Automotive,1,3,0,21,13.2,15.02,0.2194,2.53,0.59,1.0986122886681098,-2.53,0
Sauber/Alfa Romeo,2021,livinguard,Livinguard,Other,0,1,0,21,13.2,15.02,0.2194,2.53,0.59,0.0,-2.53,0
Sauber/Alfa Romeo,2021,marelli,Marelli,Automotive,1,2,0,21,13.2,15.02,0.2194,2.53,0.59,0.6931471805599453,-2.53,0
Sauber/Alfa Romeo,2021,mitsubishielectric,Mitsubishi Electric,Industrial & Aerospace,1,4,1,21,13.2,15.02,0.2194,2.53,0.59,1.3862943611198906,-2.53,0
Sauber/Alfa Romeo,2021,pirelli,Pirelli,Automotive,1,4,1,21,13.2,15.02,0.2194,2.53,0.59,1.3862943611198906,-2.53,0
Sauber/Alfa Romeo,2021,savethechildren,Save the Children,Other,1,3,0,21,13.2,15.02,0.2194,2.53,0.59,1.0986122886681098,-2.53,0
Sauber/Alfa Romeo,2021,sparco,Sparco,Automotive,0,3,0,21,13.2,15.02,0.2194,2.53,0.59,1.0986122886681098,-2.53,0
Sauber/Alfa Romeo,2021,waltermeier,Walter Meier,Industrial & Aerospace,1,4,1,21,13.2,15.02,0.2194,2.53,0.59,1.3862943611198906,-2.53,0
Sauber/Alfa Romeo,2021,zadara,Zadara,Technology,1,1,0,21,13.2,15.02,0.2194,2.53,0.59,0.0,-2.53,0
Sauber/Alfa Romeo,2021,abdynamics,AB Dynamics,Technology,0,2,0,21,13.2,15.02,0.2194,2.53,0.59,0.6931471805599453,-2.53,0
Sauber/Alfa Romeo,2021,brutschruegger,Brutsch-Ruegger,Industrial & Aerospace,0,4,1,21,13.2,15.02,0.2194,2.53,0.59,1.3862943611198906,-2.53,0
Sauber/Alfa Romeo,2021,riedel,Riedel,Technology,0,4,1,21,13.2,15.02,0.2194,2.53,0.59,1.3862943611198906,-2.53,0
Sauber/Alfa Romeo,2022,pknorlen,PKN Orlen,Energy,0,3,0,29,13.2,13.05,0.2213,3.46,2.41,1.0986122886681098,-3.46,1
Sauber/Alfa Romeo,2022,adlerpelzergroup,Adler,Industrial & Aerospace,0,4,0,29,13.2,13.05,0.2213,3.46,2.41,1.3862943611198906,-3.46,1
Sauber/Alfa Romeo,2022,acer,Acer,Technology,0,3,0,29,13.2,13.05,0.2213,3.46,2.41,1.0986122886681098,-3.46,1
Sauber/Alfa Romeo,2022,acceleron,Accelleron,Industrial & Aerospace,1,1,0,29,13.2,13.05,0.2213,3.46,2.41,0.0,-3.46,1
Sauber/Alfa Romeo,2022,amx,AMX,Technology,1,1,0,29,13.2,13.05,0.2213,3.46,2.41,0.0,-3.46,1
Sauber/Alfa Romeo,2022,camozzi,Camozzi,Industrial & Aerospace,1,1,0,29,13.2,13.05,0.2213,3.46,2.41,0.0,-3.46,1
Sauber/Alfa Romeo,2022,codezero,Code Zero,Apparel & Sportswear,1,1,0,29,13.2,13.05,0.2213,3.46,2.41,0.0,-3.46,1
Sauber/Alfa Romeo,2022,delsey,Delsey,Luxury & Fashion,1,1,0,29,13.2,13.05,0.2213,3.46,2.41,0.0,-3.46,1
Sauber/Alfa Romeo,2022,drfbets,DRF Bets,Other,0,1,0,29,13.2,13.05,0.2213,3.46,2.41,0.0,-3.46,1
Sauber/Alfa Romeo,2022,singha,Singha,Food & Beverage,1,4,0,29,13.2,13.05,0.2213,3.46,2.41,1.3862943611198906,-3.46,1
Sauber/Alfa Romeo,2022,additiveindustries,Additive Industries,Industrial & Aerospace,1,3,0,29,13.2,13.05,0.2213,3.46,2.41,1.0986122886681098,-3.46,1
Sauber/Alfa Romeo,2022,ferraritrento,Ferrari Trento,Food & Beverage,1,1,0,29,13.2,13.05,0.2213,3.46,2.41,0.0,-3.46,1
Sauber/Alfa Romeo,2022,floki,Floki,Crypto & Web3,0,1,0,29,13.2,13.05,0.2213,3.46,2.41,0.0,-3.46,1
Sauber/Alfa Romeo,2022,globeair,Globeair,"Travel, Hospitality & Logistics",1,1,0,29,13.2,13.05,0.2213,3.46,2.41,0.0,-3.46,1
Sauber/Alfa Romeo,2022,hyland,Hyland,Technology,1,1,0,29,13.2,13.05,0.2213,3.46,2.41,0.0,-3.46,1
Sauber/Alfa Romeo,2022,iveco,Iveco,Automotive,0,4,0,29,13.2,13.05,0.2213,3.46,2.41,1.3862943611198906,-3.46,1
Sauber/Alfa Romeo,2022,marelli,Marelli,Automotive,1,3,0,29,13.2,13.05,0.2213,3.46,2.41,1.0986122886681098,-3.46,1
Sauber/Alfa Romeo,2022,mitsubishielectric,Mitsubishi Electric,Industrial & Aerospace,1,5,1,29,13.2,13.05,0.2213,3.46,2.41,1.6094379124341003,-3.46,1
Sauber/Alfa Romeo,2022,modere,Modere,Consumer Goods & Retail,0,1,0,29,13.2,13.05,0.2213,3.46,2.41,0.0,-3.46,1
Sauber/Alfa Romeo,2022,pirelli,Pirelli,Automotive,1,5,1,29,13.2,13.05,0.2213,3.46,2.41,1.6094379124341003,-3.46,1
Sauber/Alfa Romeo,2022,puma,Puma,Apparel & Sportswear,1,1,0,29,13.2,13.05,0.2213,3.46,2.41,0.0,-3.46,1
Sauber/Alfa Romeo,2022,rebellion,Rebellion,Luxury Watches,1,1,0,29,13.2,13.05,0.2213,3.46,2.41,0.0,-3.46,1
Sauber/Alfa Romeo,2022,sabelt,Sabelt,Automotive,1,1,0,29,13.2,13.05,0.2213,3.46,2.41,0.0,-3.46,1
Sauber/Alfa Romeo,2022,savethechildren,Save the Children,Other,1,4,0,29,13.2,13.05,0.2213,3.46,2.41,1.3862943611198906,-3.46,1
Sauber/Alfa Romeo,2022,socioscom,Socios,Crypto & Web3,1,1,0,29,13.2,13.05,0.2213,3.46,2.41,0.0,-3.46,1
Sauber/Alfa Romeo,2022,waltermeier,Walter Meier,Industrial & Aerospace,1,5,1,29,13.2,13.05,0.2213,3.46,2.41,1.6094379124341003,-3.46,1
Sauber/Alfa Romeo,2022,webeyewear,Web Eyewear,Luxury & Fashion,1,1,0,29,13.2,13.05,0.2213,3.46,2.41,0.0,-3.46,1
Sauber/Alfa Romeo,2022,zadara,Zadara,Technology,0,2,0,29,13.2,13.05,0.2213,3.46,2.41,0.6931471805599453,-3.46,1
Sauber/Alfa Romeo,2022,zcg,ZCG,Financial Services,0,1,0,29,13.2,13.05,0.2213,3.46,2.41,0.0,-3.46,1
Sauber/Alfa Romeo,2023,alfaromeo,Alfa Romeo,Automotive,0,1,0,46,14.0,14.86,0.1041,3.77,0.73,0.0,-3.77,2
Sauber/Alfa Romeo,2023,acceleron,Acceleron,Industrial & Aerospace,1,2,0,46,14.0,14.86,0.1041,3.77,0.73,0.6931471805599453,-3.77,2
Sauber/Alfa Romeo,2023,amx,AMX,Technology,0,2,0,46,14.0,14.86,0.1041,3.77,0.73,0.6931471805599453,-3.77,2
Sauber/Alfa Romeo,2023,curamdomi,Curam Domi,Technology,0,1,0,46,14.0,14.86,0.1041,3.77,0.73,0.0,-3.77,2
Sauber/Alfa Romeo,2023,codezero,Code Zero,Apparel & Sportswear,1,2,0,46,14.0,14.86,0.1041,3.77,0.73,0.6931471805599453,-3.77,2
Sauber/Alfa Romeo,2023,camozzi,Camozzi,Industrial & Aerospace,1,2,0,46,14.0,14.86,0.1041,3.77,0.73,0.6931471805599453,-3.77,2
Sauber/Alfa Romeo,2023,delsey,Delsey,Luxury & Fashion,0,2,0,46,14.0,14.86,0.1041,3.77,0.73,0.6931471805599453,-3.77,2
Sauber/Alfa Romeo,2023,ferraritrento,Ferrari Trento,Food & Beverage,0,2,0,46,14.0,14.86,0.1041,3.77,0.73,0.6931471805599453,-3.77,2
Sauber/Alfa Romeo,2023,globeair,Globeair,"Travel, Hospitality & Logistics",1,2,0,46,14.0,14.86,0.1041,3.77,0.73,0.6931471805599453,-3.77,2
Sauber/Alfa Romeo,2023,singha,Singha,Food & Beverage,1,5,0,46,14.0,14.86,0.1041,3.77,0.73,1.6094379124341003,-3.77,2
Sauber/Alfa Romeo,2023,additiveindustries,Additive Industries,Industrial & Aerospace,1,4,0,46,14.0,14.86,0.1041,3.77,0.73,1.3862943611198906,-3.77,2
Sauber/Alfa Romeo,2023,marelli,Marelli,Automotive,1,4,0,46,14.0,14.86,0.1041,3.77,0.73,1.3862943611198906,-3.77,2
Sauber/Alfa Romeo,2023,mitsubishielectric,Mitsubishi Electric,Industrial & Aerospace,1,6,1,46,14.0,14.86,0.1041,3.77,0.73,1.791759469228055,-3.77,2
Sauber/Alfa Romeo,2023,pirelli,Pirelli,Automotive,1,6,1,46,14.0,14.86,0.1041,3.77,0.73,1.791759469228055,-3.77,2
Sauber/Alfa Romeo,2023,savethechildren,Save the Children,Other,1,5,0,46,14.0,14.86,0.1041,3.77,0.73,1.6094379124341003,-3.77,2
Sauber/Alfa Romeo,2023,hyland,Hyland,Technology,1,2,0,46,14.0,14.86,0.1041,3.77,0.73,0.6931471805599453,-3.77,2
Sauber/Alfa Romeo,2023,puma,Puma,Apparel & Sportswear,1,2,0,46,14.0,14.86,0.1041,3.77,0.73,0.6931471805599453,-3.77,2
Sauber/Alfa Romeo,2023,rebellion,Rebellion,Luxury Watches,1,2,0,46,14.0,14.86,0.1041,3.77,0.73,0.6931471805599453,-3.77,2
Sauber/Alfa Romeo,2023,sabelt,Sabelt,Automotive,1,2,0,46,14.0,14.86,0.1041,3.77,0.73,0.6931471805599453,-3.77,2
Sauber/Alfa Romeo,2023,socioscom,Socios.com,Crypto & Web3,1,2,0,46,14.0,14.86,0.1041,3.77,0.73,0.6931471805599453,-3.77,2
Sauber/Alfa Romeo,2023,waltermeier,Walter Meier,Industrial & Aerospace,1,6,1,46,14.0,14.86,0.1041,3.77,0.73,1.791759469228055,-3.77,2
Sauber/Alfa Romeo,2023,webeyewear,Web Eyewear,Luxury & Fashion,1,2,0,46,14.0,14.86,0.1041,3.77,0.73,0.6931471805599453,-3.77,2
Sauber/Alfa Romeo,2023,jigspace,JigSpace,Technology,1,1,0,46,14.0,14.86,0.1041,3.77,0.73,0.0,-3.77,2
Sauber/Alfa Romeo,2023,abdynamics,AB Dynamics,Technology,0,1,0,46,14.0,14.86,0.1041,3.77,0.73,0.0,-3.77,2
Sauber/Alfa Romeo,2023,brutschruegger,Brutsch-Ruegger,Industrial & Aerospace,1,1,0,46,14.0,14.86,0.1041,3.77,0.73,0.0,-3.77,2
Sauber/Alfa Romeo,2023,riedel,Riedel,Technology,1,1,0,46,14.0,14.86,0.1041,3.77,0.73,0.0,-3.77,2
Sauber/Alfa Romeo,2023,mindmaze,MindMaze,Technology,1,1,0,46,14.0,14.86,0.1041,3.77,0.73,0.0,-3.77,2
Sauber/Alfa Romeo,2023,stake,Stake,Other,1,1,0,46,14.0,14.86,0.1041,3.77,0.73,0.0,-3.77,2
Sauber/Alfa Romeo,2023,kick,Kick,Media & Entertainment,1,1,0,46,14.0,14.86,0.1041,3.77,0.73,0.0,-3.77,2
Sauber/Alfa Romeo,2023,agilis,Agilis,Technology,1,1,0,46,14.0,14.86,0.1041,3.77,0.73,0.0,-3.77,2
Sauber/Alfa Romeo,2023,assos,Assos,Apparel & Sportswear,0,1,0,46,14.0,14.86,0.1041,3.77,0.73,0.0,-3.77,2
Sauber/Alfa Romeo,2023,aximtrade,Axim Trade,Financial Services,0,1,0,46,14.0,14.86,0.1041,3.77,0.73,0.0,-3.77,2
Sauber/Alfa Romeo,2023,cielo,Cielo,Financial Services,1,1,0,46,14.0,14.86,0.1041,3.77,0.73,0.0,-3.77,2
Sauber/Alfa Romeo,2023,ciessepiumini,Ciesse Piumini,Apparel & Sportswear,1,1,0,46,14.0,14.86,0.1041,3.77,0.73,0.0,-3.77,2
Sauber/Alfa Romeo,2023,corinthianre,Corinthian Re,Financial Services,0,1,0,46,14.0,14.86,0.1041,3.77,0.73,0.0,-3.77,2
Sauber/Alfa Romeo,2023,diagnostix,Diagnostix,Other,0,1,0,46,14.0,14.86,0.1041,3.77,0.73,0.0,-3.77,2
Sauber/Alfa Romeo,2023,edelweiss,Edelweiss,"Travel, Hospitality & Logistics",0,1,0,46,14.0,14.86,0.1041,3.77,0.73,0.0,-3.77,2
Sauber/Alfa Romeo,2023,everdome,Everdome,Crypto & Web3,1,1,0,46,14.0,14.86,0.1041,3.77,0.73,0.0,-3.77,2
Sauber/Alfa Romeo,2023,georgfischer,Georg Fischer,Industrial & Aerospace,1,1,0,46,14.0,14.86,0.1041,3.77,0.73,0.0,-3.77,2
Sauber/Alfa Romeo,2023,kickoutplastic,Kick Out Plastic,Other,0,1,0,46,14.0,14.86,0.1041,3.77,0.73,0.0,-3.77,2
Sauber/Alfa Romeo,2023,mascotworkwear,Mascot Workwear,Apparel & Sportswear,1,1,0,46,14.0,14.86,0.1041,3.77,0.73,0.0,-3.77,2
Sauber/Alfa Romeo,2023,protech,ProTech,Industrial & Aerospace,0,1,0,46,14.0,14.86,0.1041,3.77,0.73,0.0,-3.77,2
Sauber/Alfa Romeo,2023,salt,Salt,Consumer Goods & Retail,0,1,0,46,14.0,14.86,0.1041,3.77,0.73,0.0,-3.77,2
Sauber/Alfa Romeo,2023,sensetime,SenseTime,Technology,1,1,0,46,14.0,14.86,0.1041,3.77,0.73,0.0,-3.77,2
Sauber/Alfa Romeo,2023,seagate,Seagate,Technology,1,1,0,46,14.0,14.86,0.1041,3.77,0.73,0.0,-3.77,2
Sauber/Alfa Romeo,2023,whistlepig,WhistlePig,Food & Beverage,1,1,0,46,14.0,14.86,0.1041,3.77,0.73,0.0,-3.77,2
Sauber/Alfa Romeo,2024,acceleron,Acceleron,Industrial & Aerospace,0,3,0,39,15.67,16.56,0.3689,2.25,0.17,1.0986122886681098,-2.25,3
Sauber/Alfa Romeo,2024,codezero,Code Zero,Apparel & Sportswear,1,3,0,39,15.67,16.56,0.3689,2.25,0.17,1.0986122886681098,-2.25,3
Sauber/Alfa Romeo,2024,camozzi,Camozzi,Industrial & Aerospace,1,3,0,39,15.67,16.56,0.3689,2.25,0.17,1.0986122886681098,-2.25,3
Sauber/Alfa Romeo,2024,globeair,Globeair,"Travel, Hospitality & Logistics",1,3,0,39,15.67,16.56,0.3689,2.25,0.17,1.0986122886681098,-2.25,3
Sauber/Alfa Romeo,2024,singha,Singha,Food & Beverage,1,6,0,39,15.67,16.56,0.3689,2.25,0.17,1.791759469228055,-2.25,3
Sauber/Alfa Romeo,2024,additiveindustries,Additive Industries,Industrial & Aerospace,1,5,0,39,15.67,16.56,0.3689,2.25,0.17,1.6094379124341003,-2.25,3
Sauber/Alfa Romeo,2024,marelli,Marelli,Automotive,0,5,0,39,15.67,16.56,0.3689,2.25,0.17,1.6094379124341003,-2.25,3
Sauber/Alfa Romeo,2024,mitsubishielectric,Mitsubishi Electric,Industrial & Aerospace,1,7,1,39,15.67,16.56,0.3689,2.25,0.17,1.9459101490553132,-2.25,3
Sauber/Alfa Romeo,2024,pirelli,Pirelli,Automotive,1,7,1,39,15.67,16.56,0.3689,2.25,0.17,1.9459101490553132,-2.25,3
Sauber/Alfa Romeo,2024,savethechildren,Save the Children,Other,0,6,0,39,15.67,16.56,0.3689,2.25,0.17,1.791759469228055,-2.25,3
Sauber/Alfa Romeo,2024,hyland,Hyland,Technology,0,3,0,39,15.67,16.56,0.3689,2.25,0.17,1.0986122886681098,-2.25,3
Sauber/Alfa Romeo,2024,puma,Puma,Apparel & Sportswear,1,3,0,39,15.67,16.56,0.3689,2.25,0.17,1.0986122886681098,-2.25,3
Sauber/Alfa Romeo,2024,rebellion,Rebellion,Luxury Watches,0,3,0,39,15.67,16.56,0.3689,2.25,0.17,1.0986122886681098,-2.25,3
Sauber/Alfa Romeo,2024,sabelt,Sabelt,Automotive,1,3,0,39,15.67,16.56,0.3689,2.25,0.17,1.0986122886681098,-2.25,3
Sauber/Alfa Romeo,2024,socioscom,Socios.com,Crypto & Web3,0,3,0,39,15.67,16.56,0.3689,2.25,0.17,1.0986122886681098,-2.25,3
Sauber/Alfa Romeo,2024,waltermeier,Walter Meier,Industrial & Aerospace,1,7,1,39,15.67,16.56,0.3689,2.25,0.17,1.9459101490553132,-2.25,3
Sauber/Alfa Romeo,2024,webeyewear,Web Eyewear,Luxury & Fashion,1,3,0,39,15.67,16.56,0.3689,2.25,0.17,1.0986122886681098,-2.25,3
Sauber/Alfa Romeo,2024,jigspace,JigSpace,Technology,1,2,0,39,15.67,16.56,0.3689,2.25,0.17,0.6931471805599453,-2.25,3
Sauber/Alfa Romeo,2024,brutschruegger,Brutsch-Ruegger,Industrial & Aerospace,1,2,0,39,15.67,16.56,0.3689,2.25,0.17,0.6931471805599453,-2.25,3
Sauber/Alfa Romeo,2024,riedel,Riedel,Technology,1,2,0,39,15.67,16.56,0.3689,2.25,0.17,0.6931471805599453,-2.25,3
Sauber/Alfa Romeo,2024,mindmaze,MindMaze,Technology,0,2,0,39,15.67,16.56,0.3689,2.25,0.17,0.6931471805599453,-2.25,3
Sauber/Alfa Romeo,2024,stake,Stake,Other,1,2,0,39,15.67,16.56,0.3689,2.25,0.17,0.6931471805599453,-2.25,3
Sauber/Alfa Romeo,2024,kick,Kick,Media & Entertainment,1,2,0,39,15.67,16.56,0.3689,2.25,0.17,0.6931471805599453,-2.25,3
Sauber/Alfa Romeo,2024,agilis,Agilis,Technology,1,2,0,39,15.67,16.56,0.3689,2.25,0.17,0.6931471805599453,-2.25,3
Sauber/Alfa Romeo,2024,cielo,Cielo,Financial Services,1,2,0,39,15.67,16.56,0.3689,2.25,0.17,0.6931471805599453,-2.25,3
Sauber/Alfa Romeo,2024,ciessepiumini,Ciesse Piumini,Apparel & Sportswear,0,2,0,39,15.67,16.56,0.3689,2.25,0.17,0.6931471805599453,-2.25,3
Sauber/Alfa Romeo,2024,everdome,Everdome,Crypto & Web3,0,2,0,39,15.67,16.56,0.3689,2.25,0.17,0.6931471805599453,-2.25,3
Sauber/Alfa Romeo,2024,georgfischer,Georg Fischer,Industrial & Aerospace,0,2,0,39,15.67,16.56,0.3689,2.25,0.17,0.6931471805599453,-2.25,3
Sauber/Alfa Romeo,2024,mascotworkwear,Mascot Workwear,Apparel & Sportswear,1,2,0,39,15.67,16.56,0.3689,2.25,0.17,0.6931471805599453,-2.25,3
Sauber/Alfa Romeo,2024,sensetime,SenseTime,Technology,1,2,0,39,15.67,16.56,0.3689,2.25,0.17,0.6931471805599453,-2.25,3
Sauber/Alfa Romeo,2024,seagate,Seagate,Technology,0,2,0,39,15.67,16.56,0.3689,2.25,0.17,0.6931471805599453,-2.25,3
Sauber/Alfa Romeo,2024,whistlepig,WhistlePig,Food & Beverage,0,2,0,39,15.67,16.56,0.3689,2.25,0.17,0.6931471805599453,-2.25,3
Sauber/Alfa Romeo,2024,fixnetwork,FIX Network,Automotive,1,1,0,39,15.67,16.56,0.3689,2.25,0.17,0.0,-2.25,3
Sauber/Alfa Romeo,2024,sunoco,Sunoco,Energy,1,1,0,39,15.67,16.56,0.3689,2.25,0.17,0.0,-2.25,3
Sauber/Alfa Romeo,2024,extremenetworks,Extreme Networks,Technology,1,1,0,39,15.67,16.56,0.3689,2.25,0.17,0.0,-2.25,3
Sauber/Alfa Romeo,2024,lemo,Lemo,Technology,0,1,0,39,15.67,16.56,0.3689,2.25,0.17,0.0,-2.25,3
Sauber/Alfa Romeo,2024,vibratech,Vibratech,Industrial & Aerospace,0,1,0,39,15.67,16.56,0.3689,2.25,0.17,0.0,-2.25,3
Sauber/Alfa Romeo,2024,scania,Scania,Automotive,1,1,0,39,15.67,16.56,0.3689,2.25,0.17,0.0,-2.25,3
Sauber/Alfa Romeo,2024,hewlettpackardenterprise,Hewlett Packard Enterprise,Technology,1,1,0,39,15.67,16.56,0.3689,2.25,0.17,0.0,-2.25,3
Williams,2018,martini,Martini,Food & Beverage,0,1,1,14,14.9,17.14,0.1891,2.95,0.33,0.0,-2.95,-3
Williams,2018,rexona,Rexona,Consumer Goods & Retail,1,1,1,14,14.9,17.14,0.1891,2.95,0.33,0.0,-2.95,-3
Williams,2018,jcb,JCB,Industrial & Aerospace,0,1,1,14,14.9,17.14,0.1891,2.95,0.33,0.0,-2.95,-3
Williams,2018,smpracing,SMP Racing,Automotive,0,1,1,14,14.9,17.14,0.1891,2.95,0.33,0.0,-2.95,-3
Williams,2018,oris,Oris,Luxury Watches,0,1,1,14,14.9,17.14,0.1891,2.95,0.33,0.0,-2.95,-3
Williams,2018,bt,BT,Telecom,0,1,1,14,14.9,17.14,0.1891,2.95,0.33,0.0,-2.95,-3
Williams,2018,acronis,Acronis,Cybersecurity,1,1,1,14,14.9,17.14,0.1891,2.95,0.33,0.0,-2.95,-3
Williams,2018,financialorg,Financial.org,Financial Services,0,1,1,14,14.9,17.14,0.1891,2.95,0.33,0.0,-2.95,-3
Williams,2018,bombardier,Bombardier,Industrial & Aerospace,0,1,1,14,14.9,17.14,0.1891,2.95,0.33,0.0,-2.95,-3
Williams,2018,canadalife,Canada Life,Financial Services,0,1,1,14,14.9,17.14,0.1891,2.95,0.33,0.0,-2.95,-3
Williams,2018,pirelli,Pirelli,Automotive,1,1,1,14,14.9,17.14,0.1891,2.95,0.33,0.0,-2.95,-3
Williams,2018,symantec,Symantec,Cybersecurity,1,1,1,14,14.9,17.14,0.1891,2.95,0.33,0.0,-2.95,-3
Williams,2018,ppg,PPG,Industrial & Aerospace,0,1,1,14,14.9,17.14,0.1891,2.95,0.33,0.0,-2.95,-3
Williams,2018,alpinestars,Alpinestars,Apparel & Sportswear,1,1,1,14,14.9,17.14,0.1891,2.95,0.33,0.0,-2.95,-3
Williams,2019,rokit,Rokit,Technology,0,1,0,16,16.4,18.9,0.2351,1.83,0.05,0.0,-1.83,-2
Williams,2019,rexona,Rexona,Consumer Goods & Retail,0,2,1,16,16.4,18.9,0.2351,1.83,0.05,0.6931471805599453,-1.83,-2
Williams,2019,orlen,Orlen,Energy,0,1,0,16,16.4,18.9,0.2351,1.83,0.05,0.0,-1.83,-2
Williams,2019,acronis,Acronis,Cybersecurity,1,2,1,16,16.4,18.9,0.2351,1.83,0.05,0.6931471805599453,-1.83,-2
Williams,2019,omnitude,Omnitude,Technology,0,1,0,16,16.4,18.9,0.2351,1.83,0.05,0.0,-1.83,-2
Williams,2019,sofina,Sofina,Financial Services,1,1,0,16,16.4,18.9,0.2351,1.83,0.05,0.0,-1.83,-2
Williams,2019,netjets,Netjets,"Travel, Hospitality & Logistics",1,1,0,16,16.4,18.9,0.2351,1.83,0.05,0.0,-1.83,-2
Williams,2019,symantec,Symantec,Cybersecurity,1,2,1,16,16.4,18.9,0.2351,1.83,0.05,0.6931471805599453,-1.83,-2
Williams,2019,tatacommunications,Tata Communications,Telecom,0,1,0,16,16.4,18.9,0.2351,1.83,0.05,0.0,-1.83,-2
Williams,2019,thales,Thales,Industrial & Aerospace,1,1,0,16,16.4,18.9,0.2351,1.83,0.05,0.0,-1.83,-2
Williams,2019,dtex,Dtex,Cybersecurity,1,1,0,16,16.4,18.9,0.2351,1.83,0.05,0.0,-1.83,-2
Williams,2019,michaelcaines,Michael Caines,"Travel, Hospitality & Logistics",1,1,0,16,16.4,18.9,0.2351,1.83,0.05,0.0,-1.83,-2
Williams,2019,geospatialinsight,Geospatial Insight,Technology,0,1,0,16,16.4,18.9,0.2351,1.83,0.05,0.0,-1.83,-2
Williams,2019,alpinestars,Alpinestars,Apparel & Sportswear,1,2,1,16,16.4,18.9,0.2351,1.83,0.05,0.6931471805599453,-1.83,-2
Williams,2019,cybex,Cybex,Consumer Goods & Retail,0,1,0,16,16.4,18.9,0.2351,1.83,0.05,0.0,-1.83,-2
Williams,2019,pirelli,Pirelli,Automotive,1,2,1,16,16.4,18.9,0.2351,1.83,0.05,0.6931471805599453,-1.83,-2
Williams,2020,acronis,Acronis,Cybersecurity,1,3,1,22,15.74,17.29,-0.3875,3.08,0.0,1.0986122886681098,-3.08,-1
Williams,2020,sofina,Sofina,Financial Services,1,2,0,22,15.74,17.29,-0.3875,3.08,0.0,0.6931471805599453,-3.08,-1
Williams,2020,lavazza,Lavazza,Food & Beverage,1,1,0,22,15.74,17.29,-0.3875,3.08,0.0,0.0,-3.08,-1
Williams,2020,rbc,RBC,Financial Services,0,1,0,22,15.74,17.29,-0.3875,3.08,0.0,0.0,-3.08,-1
Williams,2020,netjets,NetJets,"Travel, Hospitality & Logistics",0,2,0,22,15.74,17.29,-0.3875,3.08,0.0,0.6931471805599453,-3.08,-1
Williams,2020,versa,Versa,Technology,1,1,0,22,15.74,17.29,-0.3875,3.08,0.0,0.0,-3.08,-1
Williams,2020,symantec,Symantec,Cybersecurity,1,3,1,22,15.74,17.29,-0.3875,3.08,0.0,1.0986122886681098,-3.08,-1
Williams,2020,iqoniq,Iqoniq,Apparel & Sportswear,1,1,0,22,15.74,17.29,-0.3875,3.08,0.0,0.0,-3.08,-1
Williams,2020,umbro,Umbro,Apparel & Sportswear,1,1,0,22,15.74,17.29,-0.3875,3.08,0.0,0.0,-3.08,-1
Williams,2020,financialtimes,Financial Times,Media & Entertainment,1,1,0,22,15.74,17.29,-0.3875,3.08,0.0,0.0,-3.08,-1
Williams,2020,ponos,Ponos,Technology,1,1,0,22,15.74,17.29,-0.3875,3.08,0.0,0.0,-3.08,-1
Williams,2020,alpinestars,Alpinestars,Apparel & Sportswear,0,3,1,22,15.74,17.29,-0.3875,3.08,0.0,1.0986122886681098,-3.08,-1
Williams,2020,apl,APL,Apparel & Sportswear,0,1,0,22,15.74,17.29,-0.3875,3.08,0.0,0.0,-3.08,-1
Williams,2020,ppg,PPG,Industrial & Aerospace,1,1,0,22,15.74,17.29,-0.3875,3.08,0.0,0.0,-3.08,-1
Williams,2020,dtex,DTEX,Cybersecurity,1,2,0,22,15.74,17.29,-0.3875,3.08,0.0,0.6931471805599453,-3.08,-1
Williams,2020,thales,Thales,Industrial & Aerospace,1,2,0,22,15.74,17.29,-0.3875,3.08,0.0,0.6931471805599453,-3.08,-1
Williams,2020,precisionhydration,Precision Hydration,Food & Beverage,1,1,0,22,15.74,17.29,-0.3875,3.08,0.0,0.0,-3.08,-1
Williams,2020,crewclothingcompany,Crew Clothing,Apparel & Sportswear,1,1,0,22,15.74,17.29,-0.3875,3.08,0.0,0.0,-3.08,-1
Williams,2020,uearth,U Earth,Consumer Goods & Retail,1,1,0,22,15.74,17.29,-0.3875,3.08,0.0,0.0,-3.08,-1
Williams,2020,michaelcaines,Michael Caines,"Travel, Hospitality & Logistics",0,2,0,22,15.74,17.29,-0.3875,3.08,0.0,0.6931471805599453,-3.08,-1
Williams,2020,lifefitness,Life Fitness,Apparel & Sportswear,1,1,0,22,15.74,17.29,-0.3875,3.08,0.0,0.0,-3.08,-1
Williams,2020,pirelli,Pirelli,Automotive,1,3,1,22,15.74,17.29,-0.3875,3.08,0.0,1.0986122886681098,-3.08,-1
Williams,2021,sofina,Sofina,Financial Services,1,3,0,25,14.73,14.52,0.2638,3.65,1.05,1.0986122886681098,-3.65,0
Williams,2021,lavazza,Lavazza,Food & Beverage,1,2,0,25,14.73,14.52,0.2638,3.65,1.05,0.6931471805599453,-3.65,0
Williams,2021,acronis,Acronis,Cybersecurity,1,4,1,25,14.73,14.52,0.2638,3.65,1.05,1.3862943611198906,-3.65,0
Williams,2021,versa,Versa,Technology,1,2,0,25,14.73,14.52,0.2638,3.65,1.05,0.6931471805599453,-3.65,0
Williams,2021,financialtimes,Financial Times,Media & Entertainment,1,2,0,25,14.73,14.52,0.2638,3.65,1.05,0.6931471805599453,-3.65,0
Williams,2021,ponos,PONOS,Technology,0,2,0,25,14.73,14.52,0.2638,3.65,1.05,0.6931471805599453,-3.65,0
Williams,2021,symantec,Symantec,Cybersecurity,1,4,1,25,14.73,14.52,0.2638,3.65,1.05,1.3862943611198906,-3.65,0
Williams,2021,iqoniq,IQONIQ,Apparel & Sportswear,0,2,0,25,14.73,14.52,0.2638,3.65,1.05,0.6931471805599453,-3.65,0
Williams,2021,pirelli,Pirelli,Automotive,1,4,1,25,14.73,14.52,0.2638,3.65,1.05,1.3862943611198906,-3.65,0
Williams,2021,umbro,Umbro,Apparel & Sportswear,1,2,0,25,14.73,14.52,0.2638,3.65,1.05,0.6931471805599453,-3.65,0
Williams,2021,ppg,PPG,Industrial & Aerospace,1,2,0,25,14.73,14.52,0.2638,3.65,1.05,0.6931471805599453,-3.65,0
Williams,2021,thales,Thales,Industrial & Aerospace,1,3,0,25,14.73,14.52,0.2638,3.65,1.05,1.0986122886681098,-3.65,0
Williams,2021,precisionhydration,Precision Hydration,Food & Beverage,0,2,0,25,14.73,14.52,0.2638,3.65,1.05,0.6931471805599453,-3.65,0
Williams,2021,crewclothingcompany,Crew Clothing,Apparel & Sportswear,1,2,0,25,14.73,14.52,0.2638,3.65,1.05,0.6931471805599453,-3.65,0
Williams,2021,uearth,U-Earth,Consumer Goods & Retail,0,2,0,25,14.73,14.52,0.2638,3.65,1.05,0.6931471805599453,-3.65,0
Williams,2021,lifefitness,Life Fitness,Apparel & Sportswear,1,2,0,25,14.73,14.52,0.2638,3.65,1.05,0.6931471805599453,-3.65,0
Williams,2021,spinalinjuriesassociationsia,Spinal Injuries Association (sia),Other,0,1,0,25,14.73,14.52,0.2638,3.65,1.05,0.0,-3.65,0
Williams,2021,honibe,Honibe,Consumer Goods & Retail,1,1,0,25,14.73,14.52,0.2638,3.65,1.05,0.0,-3.65,0
Williams,2021,bremont,Bremont,Luxury Watches,1,1,0,25,14.73,14.52,0.2638,3.65,1.05,0.0,-3.65,0
Williams,2021,zeiss,Zeiss,Technology,1,1,0,25,14.73,14.52,0.2638,3.65,1.05,0.0,-3.65,0
Williams,2021,kx,KX,Technology,1,1,0,25,14.73,14.52,0.2638,3.65,1.05,0.0,-3.65,0
Williams,2021,dtex,DTEX,Cybersecurity,1,3,0,25,14.73,14.52,0.2638,3.65,1.05,1.0986122886681098,-3.65,0
Williams,2021,br,B&R,Technology,1,1,0,25,14.73,14.52,0.2638,3.65,1.05,0.0,-3.65,0
Williams,2021,nexa3d,Nexa 3D,Technology,1,1,0,25,14.73,14.52,0.2638,3.65,1.05,0.0,-3.65,0
Williams,2021,omp,OMP,Automotive,1,1,0,25,14.73,14.52,0.2638,3.65,1.05,0.0,-3.65,0
Williams,2022,sofina,Sofina,Financial Services,0,4,0,25,14.95,17.02,0.2111,2.4,0.36,1.3862943611198906,-2.4,1
Williams,2022,lavazza,Lavazza,Food & Beverage,0,3,0,25,14.95,17.02,0.2111,2.4,0.36,1.0986122886681098,-2.4,1
Williams,2022,duracell,Duracell,Consumer Goods & Retail,1,1,0,25,14.95,17.02,0.2111,2.4,0.36,0.0,-2.4,1
Williams,2022,acronis,Acronis,Cybersecurity,1,5,1,25,14.95,17.02,0.2111,2.4,0.36,1.6094379124341003,-2.4,1
Williams,2022,doriltonventures,Dorilton Ventures,Financial Services,1,1,0,25,14.95,17.02,0.2111,2.4,0.36,0.0,-2.4,1
Williams,2022,versa,Versa,Technology,0,3,0,25,14.95,17.02,0.2111,2.4,0.36,1.0986122886681098,-2.4,1
Williams,2022,honibe,Honibe,Consumer Goods & Retail,0,2,0,25,14.95,17.02,0.2111,2.4,0.36,0.6931471805599453,-2.4,1
Williams,2022,financialtimes,Financial Times,Media & Entertainment,1,3,0,25,14.95,17.02,0.2111,2.4,0.36,1.0986122886681098,-2.4,1
Williams,2022,symantec,Symantec,Cybersecurity,0,5,1,25,14.95,17.02,0.2111,2.4,0.36,1.6094379124341003,-2.4,1
Williams,2022,bremont,Bremont,Luxury Watches,1,2,0,25,14.95,17.02,0.2111,2.4,0.36,0.6931471805599453,-2.4,1
Williams,2022,pirelli,Pirelli,Automotive,1,5,1,25,14.95,17.02,0.2111,2.4,0.36,1.6094379124341003,-2.4,1
Williams,2022,umbro,Umbro,Apparel & Sportswear,1,3,0,25,14.95,17.02,0.2111,2.4,0.36,1.0986122886681098,-2.4,1
Williams,2022,zeiss,Zeiss,Technology,1,2,0,25,14.95,17.02,0.2111,2.4,0.36,0.6931471805599453,-2.4,1
Williams,2022,crewclothingcompany,Crew Clothing Company,Apparel & Sportswear,1,3,0,25,14.95,17.02,0.2111,2.4,0.36,1.0986122886681098,-2.4,1
Williams,2022,ppg,PPG,Industrial & Aerospace,1,3,0,25,14.95,17.02,0.2111,2.4,0.36,1.0986122886681098,-2.4,1
Williams,2022,omp,OMP,Automotive,1,2,0,25,14.95,17.02,0.2111,2.4,0.36,0.6931471805599453,-2.4,1
Williams,2022,kx,KX,Technology,1,2,0,25,14.95,17.02,0.2111,2.4,0.36,0.6931471805599453,-2.4,1
Williams,2022,nexa3d,Nexa 3D,Technology,0,2,0,25,14.95,17.02,0.2111,2.4,0.36,0.6931471805599453,-2.4,1
Williams,2022,dtex,DTex,Cybersecurity,1,4,0,25,14.95,17.02,0.2111,2.4,0.36,1.3862943611198906,-2.4,1
Williams,2022,br,B&R,Technology,0,2,0,25,14.95,17.02,0.2111,2.4,0.36,0.6931471805599453,-2.4,1
Williams,2022,mei,Mei,Technology,0,1,0,25,14.95,17.02,0.2111,2.4,0.36,0.0,-2.4,1
Williams,2022,lifefitness,Life Fitness,Apparel & Sportswear,1,3,0,25,14.95,17.02,0.2111,2.4,0.36,1.0986122886681098,-2.4,1
Williams,2022,thatsit,That’s It,Food & Beverage,0,1,0,25,14.95,17.02,0.2111,2.4,0.36,0.0,-2.4,1
Williams,2022,sia,Sia,Other,1,1,0,25,14.95,17.02,0.2111,2.4,0.36,0.0,-2.4,1
Williams,2022,thales,Thales,Industrial & Aerospace,0,4,0,25,14.95,17.02,0.2111,2.4,0.36,1.3862943611198906,-2.4,1
Williams,2023,gulf,Gulf,Energy,1,1,0,21,14.11,14.82,0.2592,3.74,1.18,0.0,-3.74,2
Williams,2023,duracell,Duracell,Consumer Goods & Retail,1,2,0,21,14.11,14.82,0.2592,3.74,1.18,0.6931471805599453,-3.74,2
Williams,2023,stephens,Stephens,Financial Services,1,1,0,21,14.11,14.82,0.2592,3.74,1.18,0.0,-3.74,2
Williams,2023,doriltonventures,Dorilton Ventures,Financial Services,1,2,0,21,14.11,14.82,0.2592,3.74,1.18,0.6931471805599453,-3.74,2
Williams,2023,acronis,Acronis,Cybersecurity,0,6,1,21,14.11,14.82,0.2592,3.74,1.18,1.791759469228055,-3.74,2
Williams,2023,michelobultra,Michelob Ultra,Food & Beverage,1,1,0,21,14.11,14.82,0.2592,3.74,1.18,0.0,-3.74,2
Williams,2023,financialtimes,Financial Times,Media & Entertainment,1,4,0,21,14.11,14.82,0.2592,3.74,1.18,1.3862943611198906,-3.74,2
Williams,2023,broadcomsoftware,Broadcom Software,Technology,1,1,0,21,14.11,14.82,0.2592,3.74,1.18,0.0,-3.74,2
Williams,2023,bremont,Bremont,Luxury Watches,0,3,0,21,14.11,14.82,0.2592,3.74,1.18,1.0986122886681098,-3.74,2
Williams,2023,purestream,PureStream,Technology,1,1,0,21,14.11,14.82,0.2592,3.74,1.18,0.0,-3.74,2
Williams,2023,pirelli,Pirelli,Automotive,1,6,1,21,14.11,14.82,0.2592,3.74,1.18,1.791759469228055,-3.74,2
Williams,2023,umbro,Umbro,Apparel & Sportswear,0,4,0,21,14.11,14.82,0.2592,3.74,1.18,1.3862943611198906,-3.74,2
Williams,2023,zeiss,Zeiss,Technology,0,3,0,21,14.11,14.82,0.2592,3.74,1.18,1.0986122886681098,-3.74,2
Williams,2023,crewclothingcompany,Crew Clothing Company,Apparel & Sportswear,1,4,0,21,14.11,14.82,0.2592,3.74,1.18,1.3862943611198906,-3.74,2
Williams,2023,ppg,PPG,Industrial & Aerospace,0,4,0,21,14.11,14.82,0.2592,3.74,1.18,1.3862943611198906,-3.74,2
Williams,2023,omp,OMP,Automotive,0,3,0,21,14.11,14.82,0.2592,3.74,1.18,1.0986122886681098,-3.74,2
Williams,2023,kx,KX,Technology,0,3,0,21,14.11,14.82,0.2592,3.74,1.18,1.0986122886681098,-3.74,2
Williams,2023,dtex,DTex,Cybersecurity,0,5,0,21,14.11,14.82,0.2592,3.74,1.18,1.6094379124341003,-3.74,2
Williams,2023,lifefitness,Life Fitness,Apparel & Sportswear,1,4,0,21,14.11,14.82,0.2592,3.74,1.18,1.3862943611198906,-3.74,2
Williams,2023,sia,SIA,Other,1,2,0,21,14.11,14.82,0.2592,3.74,1.18,0.6931471805599453,-3.74,2
Williams,2023,jumeirahhotelsresorts,Jumeirah Hotels & Resorts,"Travel, Hospitality & Logistics",0,1,0,21,14.11,14.82,0.2592,3.74,1.18,0.0,-3.74,2
Williams,2024,gulf,Gulf,Energy,1,2,0,18,15.04,14.6,0.5719,2.72,0.71,0.6931471805599453,-2.72,3
Williams,2024,duracell,Duracell,Consumer Goods & Retail,1,3,0,18,15.04,14.6,0.5719,2.72,0.71,1.0986122886681098,-2.72,3
Williams,2024,stephens,Stephens,Financial Services,1,2,0,18,15.04,14.6,0.5719,2.72,0.71,0.6931471805599453,-2.72,3
Williams,2024,doriltonventures,Dorilton Ventures,Financial Services,1,3,0,18,15.04,14.6,0.5719,2.72,0.71,1.0986122886681098,-2.72,3
Williams,2024,michelobultra,Michelob Ultra,Food & Beverage,0,2,0,18,15.04,14.6,0.5719,2.72,0.71,0.6931471805599453,-2.72,3
Williams,2024,financialtimes,Financial Times,Media & Entertainment,0,5,0,18,15.04,14.6,0.5719,2.72,0.71,1.6094379124341003,-2.72,3
Williams,2024,broadcomsoftware,Broadcom Software,Technology,0,2,0,18,15.04,14.6,0.5719,2.72,0.71,0.6931471805599453,-2.72,3
Williams,2024,purestream,PureStream,Technology,0,2,0,18,15.04,14.6,0.5719,2.72,0.71,0.6931471805599453,-2.72,3
Williams,2024,pirelli,Pirelli,Automotive,1,7,1,18,15.04,14.6,0.5719,2.72,0.71,1.9459101490553132,-2.72,3
Williams,2024,crewclothingcompany,Crew Clothing Company,Apparel & Sportswear,0,5,0,18,15.04,14.6,0.5719,2.72,0.71,1.6094379124341003,-2.72,3
Williams,2024,lifefitness,Life Fitness,Apparel & Sportswear,1,5,0,18,15.04,14.6,0.5719,2.72,0.71,1.6094379124341003,-2.72,3
Williams,2024,sia,SIA,Other,1,3,0,18,15.04,14.6,0.5719,2.72,0.71,1.0986122886681098,-2.72,3
Williams,2024,kraken,Kraken,Crypto & Web3,1,1,0,18,15.04,14.6,0.5719,2.72,0.71,0.0,-2.72,3
Williams,2024,komatsu,Komatsu,Industrial & Aerospace,1,1,0,18,15.04,14.6,0.5719,2.72,0.71,0.0,-2.72,3
Williams,2024,myprotein,MyProtein,Apparel & Sportswear,1,1,0,18,15.04,14.6,0.5719,2.72,0.71,0.0,-2.72,3
Williams,2024,vast,VAST,Technology,1,1,0,18,15.04,14.6,0.5719,2.72,0.71,0.0,-2.72,3
Williams,2024,ingenuitycommerce,Ingenuity Commerce,Technology,0,1,0,18,15.04,14.6,0.5719,2.72,0.71,0.0,-2.72,3
Williams,2024,puma,Puma,Apparel & Sportswear,1,1,0,18,15.04,14.6,0.5719,2.72,0.71,0.0,-2.72,3
