Team,Season,SponsorName,SponsorIndustry,OriginalSponsorName,CorrectionID,Industry,Key
Alpine/Renault,2018,Renault,Automotive,Renault,,Automotive,renault
Alpine/Renault,2018,Castrol,Energy/Oil,Castrol,,Energy,castrol
Alpine/Renault,2018,Infiniti,Automotive,Infiniti,,Automotive,infiniti
Alpine/Renault,2018,RCI Bank and Services,Finance,RCI Bank and Services,,Financial Services,rcibankandservices
Alpine/Renault,2018,Estrella Galicia,Beverages/Food,Estrella Galicia,,Food & Beverage,estrellagalicia
Alpine/Renault,2018,Mapfre,Insurance,Mapfre,,Financial Services,mapfre
Alpine/Renault,2018,Microsoft,Technology,Microsoft,,Technology,microsoft
Alpine/Renault,2018,Eurodatacar,Technology,Eurodatacar,,Technology,eurodatacar
Alpine/Renault,2018,Bell & Ross,Luxury Watches,Bell & Ross,,Luxury Watches,bellross
Alpine/Renault,2018,BP Ultimate,Energy/Oil,BP Ultimate,,Energy,bpultimate
Alpine/Renault,2018,Tmall,E-commerce,Tmall,,Technology,tmall
Alpine/Renault,2018,LaLiga,Sports/League,LaLiga,,Media & Entertainment,laliga
Alpine/Renault,2018,Genii,Investment,Genii,,Financial Services,geniicapital
Alpine/Renault,2018,3D Systems,Technology,3D Systems,,Technology,3dsystems
Alpine/Renault,2018,Alpinestars,Apparel,Alpinestars,,Apparel & Sportswear,alpinestars
Alpine/Renault,2018,Athletic Propulsion Labs,Apparel,Athletic Propulsion Labs,,Apparel & Sportswear,athleticpropulsionlabs
Alpine/Renault,2018,Boeing,Aerospace,Boeing,,Industrial & Aerospace,boeing
Alpine/Renault,2018,Breton,Industrial,Breton,,Industrial & Aerospace,breton
Alpine/Renault,2018,Elysium,Technology,Elysium,,Technology,elysium
Alpine/Renault,2018,GF Machining Solutions,Industrial,GF Machining Solutions,,Industrial & Aerospace,gfmachiningsolutions
Alpine/Renault,2018,Goodwill Private Jets,Aviation,Goodwill Private Jets,,"Travel, Hospitality & Logistics",goodwillprivatejets
Alpine/Renault,2018,Hechter,Apparel,Hechter,,Apparel & Sportswear,hechter
Alpine/Renault,2018,Ixell,Automotive,Ixell,,Automotive,ixell
Alpine/Renault,2018,Le Coq Sportif,Apparel,Le Coq Sportif,,Apparel & Sportswear,lecoqsportif
Alpine/Renault,2018,Matrix,Technology,Matrix,,Technology,matrix
Alpine/Renault,2018,OZ,Automotive,OZ,,Automotive,oz
Alpine/Renault,2018,PerkinElmer,Life Sciences,PerkinElmer,,Other,perkinelmer
Alpine/Renault,2018,Pirelli,Automotive,Pirelli,,Automotive,pirelli
Alpine/Renault,2018,Siemens,Industrial,Siemens,,Industrial & Aerospace,siemens
Alpine/Renault,2018,YXLON,Industrial,YXLON,,Industrial & Aerospace,yxlon
Aston Martin/Racing Point/Force India,2018,Sahara,Finance,Sahara,,Financial Services,sahara
Aston Martin/Racing Point/Force India,2018,BWT,Water Technology,BWT,,Industrial & Aerospace,bwt
Aston Martin/Racing Point/Force India,2018,Claro,Telecom,Claro,,Telecom,claro
Aston Martin/Racing Point/Force India,2018,Duo Group,Industrial,Duo Group,,Industrial & Aerospace,duogroup
Aston Martin/Racing Point/Force India,2018,Hype Energy,Beverages/Food,Hype Energy,,Food & Beverage,hypeenergy
Aston Martin/Racing Point/Force India,2018,Infinitum,Telecom,Infinitum,,Telecom,infinitum
Aston Martin/Racing Point/Force India,2018,Kingfisher,Beverages/Food,Kingfisher,,Food & Beverage,kingfisher
Aston Martin/Racing Point/Force India,2018,Magnesium Mineralised Water,Beverages/Food,Magnesium Mineralised Water,,Food & Beverage,magnesium
Aston Martin/Racing Point/Force India,2018,NEC Corporation,Technology,NEC Corporation,,Technology,neccorporation
Aston Martin/Racing Point/Force India,2018,Pemex,Energy/Oil,Pemex,,Energy,pemex
Aston Martin/Racing Point/Force India,2018,Telcel,Telecom,Telcel,,Telecom,telcel
Aston Martin/Racing Point/Force India,2018,Telmex,Telecom,Telmex,,Telecom,telmex
Aston Martin/Racing Point/Force India,2018,Vonhaucke,Industrial,Vonhaucke,,Industrial & Aerospace,vonhaucke
Aston Martin/Racing Point/Force India,2018,Adaptavist,Technology,Adaptavist,,Technology,adaptavist
Aston Martin/Racing Point/Force India,2018,Alpinestars,Apparel,Alpinestars,,Apparel & Sportswear,alpinestars
Aston Martin/Racing Point/Force India,2018,Koni,Automotive,Koni,,Automotive,koni
Aston Martin/Racing Point/Force India,2018,Orange Bus,Technology,Orange Bus,,Technology,orangebus
Aston Martin/Racing Point/Force India,2018,Pirelli,Automotive,Pirelli,,Automotive,pirelli
Aston Martin/Racing Point/Force India,2018,Ravenol,Energy/Oil,Ravenol,,Energy,ravenol
Aston Martin/Racing Point/Force India,2018,Univa,Technology,Univa,,Technology,univa
Aston Martin/Racing Point/Force India,2018,3D Systems,Technology,3D Systems,,Technology,3dsystems
Aston Martin/Racing Point/Force India,2018,Apsley,Consumer Goods,Apsley,,Consumer Goods & Retail,apsley
Aston Martin/Racing Point/Force India,2018,Condeco,Technology,Condeco,,Technology,condeco
Aston Martin/Racing Point/Force India,2018,Branded Designs,Marketing,Branded Designs,,Media & Entertainment,brandeddesigns
Aston Martin/Racing Point/Force India,2018,Farah,Apparel,Farah,,Apparel & Sportswear,farah
Aston Martin/Racing Point/Force India,2018,Gtechniq,Automotive,Gtechniq,,Automotive,gtechniq
Aston Martin/Racing Point/Force India,2018,ITEC,Technology,ITEC,,Technology,itec
Aston Martin/Racing Point/Force India,2018,SAS Global,Industrial,SAS Global,,Industrial & Aerospace,sasglobal
Aston Martin/Racing Point/Force India,2018,Schuberth,Automotive,Schuberth,,Automotive,schuberth
Aston Martin/Racing Point/Force India,2018,STL,Technology,STL,,Technology,stl
Aston Martin/Racing Point/Force India,2018,Still,Industrial,Still,,Industrial & Aerospace,still
Aston Martin/Racing Point/Force India,2018,The Roastery,Beverages/Food,The Roastery,,Food & Beverage,theroastery
Aston Martin/Racing Point/Force India,2018,UPS Direct,Logistics,UPS Direct,,"Travel, Hospitality & Logistics",upsdirect
Aston Martin/Racing Point/Force India,2018,Voip Unlimited,Telecom,Voip Unlimited,,Telecom,voipunlimited
Aston Martin/Racing Point/Force India,2018,WyndyMilla,Consumer Goods,WyndyMilla,,Consumer Goods & Retail,wyndymilla
Ferrari,2018,Shell,Energy/Oil,Shell,,Energy,shell
Ferrari,2018,Ray Ban,Fashion,Ray Ban,,Luxury & Fashion,rayban
Ferrari,2018,Alfa Romeo,Automotive,Alfa Romeo,,Automotive,alfaromeo
Ferrari,2018,Kaspersky Lab,Cybersecurity,Kaspersky Lab,,Cybersecurity,kaspersky
Ferrari,2018,UPS,Logistics,UPS,,"Travel, Hospitality & Logistics",ups
Ferrari,2018,Lenovo,Technology,Lenovo,,Technology,lenovo
Ferrari,2018,Weichai,Industrial,Weichai,,Industrial & Aerospace,weichai
Ferrari,2018,Hublot,Luxury Watches,Hublot,,Luxury Watches,hublot
Ferrari,2018,Mahle,Automotive,Mahle,,Automotive,mahle
Ferrari,2018,OMR,Media,OMR,,Media & Entertainment,omr
Ferrari,2018,AMD,Technology,AMD,,Technology,amd
Ferrari,2018,Singha,Beverages/Food,Singha,,Food & Beverage,singha
Ferrari,2018,Pirelli,Automotive,Pirelli,,Automotive,pirelli
Ferrari,2018,Puma Swisse,Health/Supplements,Puma Swisse,,Food & Beverage,pumaswisse
Ferrari,2018,Experis,Staffing,Experis,,Business Services,experis
Ferrari,2018,SKF,Industrial,SKF,,Industrial & Aerospace,skf
Ferrari,2018,Magneti Marelli,Automotive,Magneti Marelli,,Automotive,marelli
Ferrari,2018,NGK,Automotive,NGK,,Automotive,ngk
Ferrari,2018,Brembo,Automotive,Brembo,,Automotive,brembo
Ferrari,2018,Riedel,Technology,Riedel,,Technology,riedel
Ferrari,2018,Iveco,Automotive,Iveco,,Automotive,iveco
Ferrari,2018,Bell,Automotive,Bell,,Automotive,bell
Ferrari,2018,Oz,Automotive,Oz,,Automotive,oz
Ferrari,2018,Honeywell,Industrial,Honeywell,,Industrial & Aerospace,honeywell
Ferrari,2018,Veuve Clicquot,Beverages/Food,Veuve Clicquot,,Food & Beverage,veuveclicquot
Haas,2018,Haas Automation,Industrial,Haas Automation,,Industrial & Aerospace,haasautomation
Haas,2018,Alpinestars,Apparel,Alpinestars,,Apparel & Sportswear,alpinestars
Haas,2018,Pirelli,Automotive,Pirelli,,Automotive,pirelli
Haas,2018,Jack & Jones,Apparel,Jack & Jones,,Apparel & Sportswear,jackjones
Haas,2018,Richard Mille,Luxury Watches,Richard Mille,,Luxury Watches,richardmille
Haas,2018,Wind Shear,Aerospace,Wind Shear,,Industrial & Aerospace,windshear
Haas,2018,Peak,Automotive,,S005,Apparel & Sportswear,peak
Haas,2018,BlueDEF,Automotive,,S006,Automotive,bluedef
McLaren,2018,Dell Technologies,Technology,Dell Technologies,,Technology,delltechnologies
McLaren,2018,NTT Communications,Telecom,NTT Communications,,Telecom,nttcommunications
McLaren,2018,Petrobras,Energy/Oil,Petrobras,,Energy,petrobras
McLaren,2018,Logitech,Technology,Logitech,,Technology,logitech
McLaren,2018,Airgain,Technology,Airgain,,Technology,airgain
McLaren,2018,Pirelli,Automotive,Pirelli,,Automotive,pirelli
McLaren,2018,SAP,Technology,SAP,,Technology,sap
McLaren,2018,Akebono,Automotive,Akebono,,Automotive,akebono
McLaren,2018,Chandon,Beverages/Food,Chandon,,Food & Beverage,chandon
McLaren,2018,Richard Mille,Luxury Watches,Richard Mille,,Luxury Watches,richardmille
McLaren,2018,Kimoa,Apparel,Kimoa,,Apparel & Sportswear,kimoa
McLaren,2018,Hilton,Hospitality,Hilton,,"Travel, Hospitality & Logistics",hilton
McLaren,2018,Norton Rose Fulbright,Legal,Norton Rose Fulbright,,Business Services,nortonrosefulbright
McLaren,2018,CNBC,Media,CNBC,,Media & Entertainment,cnbc
McLaren,2018,Stratasys,Technology,Stratasys,,Technology,stratasys
McLaren,2018,Enkei,Automotive,Enkei,,Automotive,enkei
McLaren,2018,Mazak Machine Tools,Industrial,Mazak Machine Tools,,Industrial & Aerospace,mazak
McLaren,2018,Kenwood,Consumer Electronics,Kenwood,,Technology,kenwood
McLaren,2018,TechnoGym,Fitness,TechnoGym,,Apparel & Sportswear,technogym
McLaren,2018,Volvo Trucks,Automotive,Volvo Trucks,,Automotive,volvotrucks
McLaren,2018,Sparco,Automotive,Sparco,,Automotive,sparco
McLaren,2018,AkzoNobel-Sikkens,Industrial,AkzoNobel-Sikkens,,Industrial & Aerospace,akzonobelsikkens
McLaren,2018,LAT_56,Technology,LAT_56,,Technology,lat56
McLaren,2018,Hookit,Technology,Hookit,,Technology,hookit
McLaren,2018,Calsonic Kansei,Automotive,Calsonic Kansei,,Automotive,calsonickansei
Mercedes,2018,AMG Petronas,Energy/Oil,AMG Petronas,,Energy,amgpetronas
Mercedes,2018,UBS,Finance,UBS,,Financial Services,ubs
Mercedes,2018,Qualcomm,Technology,Qualcomm,,Technology,qualcomm
Mercedes,2018,Epson,Technology,Epson,,Technology,epson
Mercedes,2018,Bose,Consumer Electronics,Bose,,Technology,bose
Mercedes,2018,Tommy Hilfiger,Fashion,Tommy Hilfiger,,Luxury & Fashion,tommyhilfiger
Mercedes,2018,IWC Schaffhausen,Luxury Watches,IWC Schaffhausen,,Luxury Watches,iwcschaffhausen
Mercedes,2018,Wihuri,Industrial,Wihuri,,Industrial & Aerospace,wihuri
Mercedes,2018,Monster Energy,Beverages/Food,Monster Energy,,Food & Beverage,monsterenergy
Mercedes,2018,Pure Storage,Technology,Pure Storage,,Technology,purestorage
Mercedes,2018,TIBCO,Technology,TIBCO,,Technology,tibco
Mercedes,2018,Starwood,Hospitality,Starwood,,"Travel, Hospitality & Logistics",starwood
Mercedes,2018,Puma,Apparel,Puma,,Apparel & Sportswear,puma
Mercedes,2018,ebmpapst,Industrial,ebmpapst,,Industrial & Aerospace,ebmpapst
Mercedes,2018,Tata Communications,Telecom,Tata Communications,,Telecom,tatacommunications
Mercedes,2018,NetJets,Aviation,NetJets,,"Travel, Hospitality & Logistics",netjets
Mercedes,2018,DB Schenker,Logistics,DB Schenker,,"Travel, Hospitality & Logistics",dbschenker
Mercedes,2018,Rubrik,Cybersecurity,Rubrik,,Cybersecurity,rubrik
Mercedes,2018,OMP,Automotive,OMP,,Automotive,omp
Mercedes,2018,Spies Hecker,Industrial,Spies Hecker,,Industrial & Aerospace,spieshecker
Mercedes,2018,Assos,Apparel,Assos,,Apparel & Sportswear,assos
Mercedes,2018,OZ Racing,Automotive,OZ Racing,,Automotive,ozracing
Mercedes,2018,Endless,Automotive,Endless,,Automotive,endless
Mercedes,2018,Pirelli,Automotive,Pirelli,,Automotive,pirelli
RB/AlphaTauri/Toro Rosso,2018,Red Bull,Beverages/Food,Red Bull,,Food & Beverage,redbull
RB/AlphaTauri/Toro Rosso,2018,Acronis,Cybersecurity,Acronis,,Cybersecurity,acronis
RB/AlphaTauri/Toro Rosso,2018,Edifice Casio,Consumer Electronics,Edifice Casio,,Technology,edificecasio
RB/AlphaTauri/Toro Rosso,2018,Honda,Automotive,Honda,,Automotive,honda
RB/AlphaTauri/Toro Rosso,2018,Pirelli,Automotive,Pirelli,,Automotive,pirelli
RB/AlphaTauri/Toro Rosso,2018,Siemens,Industrial,Siemens,,Industrial & Aerospace,siemens
RB/AlphaTauri/Toro Rosso,2018,Riedel,Technology,Riedel,,Technology,riedel
RB/AlphaTauri/Toro Rosso,2018,Gi Group,Staffing,Gi Group,,Business Services,gigroup
RB/AlphaTauri/Toro Rosso,2018,Hangar-7,Hospitality,Hangar-7,,"Travel, Hospitality & Logistics",hangar7
RB/AlphaTauri/Toro Rosso,2018,APP Tech,Technology,APP Tech,,Technology,apptech
Red Bull Racing,2018,Aston Martin,Automotive,Aston Martin,,Automotive,astonmartin
Red Bull Racing,2018,ExxonMobil,Energy/Oil,ExxonMobil,,Energy,exxonmobil
Red Bull Racing,2018,Tag Heuer,Luxury Watches,Tag Heuer,,Luxury Watches,tagheuer
Red Bull Racing,2018,Puma,Apparel,Puma,,Apparel & Sportswear,puma
Red Bull Racing,2018,Citrix,Technology,Citrix,,Technology,citrix
Red Bull Racing,2018,Rauch,Beverages/Food,Rauch,,Food & Beverage,rauch
Red Bull Racing,2018,Hisense,Consumer Electronics,Hisense,,Technology,hisense
Red Bull Racing,2018,AT&T,Telecom,AT&T,,Telecom,att
Red Bull Racing,2018,Siemens,Industrial,Siemens,,Industrial & Aerospace,siemens
Red Bull Racing,2018,IBM Spectrum,Technology,IBM Spectrum,,Technology,ibmspectrum
Red Bull Racing,2018,Hexagon,Technology,Hexagon,,Technology,hexagon
Red Bull Racing,2018,DMG Mori,Industrial,DMG Mori,,Industrial & Aerospace,dmgmori
Red Bull Racing,2018,PWR,Automotive,PWR,,Automotive,pwr
Red Bull Racing,2018,Ansys,Technology,Ansys,,Technology,ansys
Red Bull Racing,2018,Pirelli,Automotive,Pirelli,,Automotive,pirelli
Red Bull Racing,2018,Sabelt,Automotive,Sabelt,,Automotive,sabelt
Red Bull Racing,2018,Flir,Technology,Flir,,Technology,flir
Red Bull Racing,2018,OZ Racing,Automotive,OZ Racing,,Automotive,ozracing
Red Bull Racing,2018,HPE Simplivity,Technology,HPE Simplivity,,Technology,hpesimplivity
Red Bull Racing,2018,Earin,Consumer Electronics,Earin,,Technology,earin
Red Bull Racing,2018,Mitie,Services,Mitie,,Business Services,mitie
Sauber/Alfa Romeo,2018,Alfa Romeo,Automotive,Alfa Romeo,,Automotive,alfaromeo
Sauber/Alfa Romeo,2018,Silanna,Technology,Silanna,,Technology,silanna
Sauber/Alfa Romeo,2018,Carrera,Consumer Goods,Carrera,,Consumer Goods & Retail,carrera
Sauber/Alfa Romeo,2018,Claro,Telecom,Claro,,Telecom,claro
Sauber/Alfa Romeo,2018,Richard Mille,Luxury Watches,Richard Mille,,Luxury Watches,richardmille
Sauber/Alfa Romeo,2018,Additive Industries,Industrial,Additive Industries,,Industrial & Aerospace,additiveindustries
Sauber/Alfa Romeo,2018,Hewlett Packard Enterprises,Technology,Hewlett Packard Enterprises,,Technology,hewlettpackardenterprise
Sauber/Alfa Romeo,2018,Kappa,Apparel,Kappa,,Apparel & Sportswear,kappa
Sauber/Alfa Romeo,2018,Mitsubishi Electric,Industrial,Mitsubishi Electric,,Industrial & Aerospace,mitsubishielectric
Sauber/Alfa Romeo,2018,OMP,Automotive,OMP,,Automotive,omp
Sauber/Alfa Romeo,2018,Pirelli,Automotive,Pirelli,,Automotive,pirelli
Sauber/Alfa Romeo,2018,Walter Meier,Industrial,Walter Meier,,Industrial & Aerospace,waltermeier
Sauber/Alfa Romeo,2018,Thomann Nutzfahrzeuge,Automotive,Thomann Nutzfahrzeuge,,Automotive,thomannnutzfahrzeuge
Sauber/Alfa Romeo,2018,Brütsch/Rüegger,Industrial,Brütsch/Rüegger,,Industrial & Aerospace,brutschruegger
Sauber/Alfa Romeo,2018,Carbon-Connect,Industrial,Carbon-Connect,,Industrial & Aerospace,carbonconnect
Sauber/Alfa Romeo,2018,Interroll,Industrial,Interroll,,Industrial & Aerospace,interroll
Sauber/Alfa Romeo,2018,MTO,Industrial,MTO,,Industrial & Aerospace,mto
Sauber/Alfa Romeo,2018,Riedel,Technology,Riedel,,Technology,riedel
Sauber/Alfa Romeo,2018,Singapore Airlines,Aviation,Singapore Airlines,,"Travel, Hospitality & Logistics",singaporeairlines
Sauber/Alfa Romeo,2018,Garage Italia,Automotive,Garage Italia,,Automotive,garageitalia
Williams,2018,Martini,Beverages/Food,Martini,,Food & Beverage,martini
Williams,2018,Rexona,Consumer Goods,Rexona,,Consumer Goods & Retail,rexona
Williams,2018,JCB,Industrial,JCB,,Industrial & Aerospace,jcb
Williams,2018,SMP Racing,Automotive,SMP Racing,,Automotive,smpracing
Williams,2018,Oris,Luxury Watches,Oris,,Luxury Watches,oris
Williams,2018,BT,Telecom,BT,,Telecom,bt
Williams,2018,Acronis,Cybersecurity,Acronis,,Cybersecurity,acronis
Williams,2018,Financial.org,Finance,Financial.org,,Financial Services,financialorg
Williams,2018,Bombardier,Aerospace,Bombardier,,Industrial & Aerospace,bombardier
Williams,2018,Canada Life,Finance,Canada Life,,Financial Services,canadalife
Williams,2018,Pirelli,Automotive,Pirelli,,Automotive,pirelli
Williams,2018,Symantec,Cybersecurity,Symantec,,Cybersecurity,symantec
Williams,2018,PPG,Industrial,PPG,,Industrial & Aerospace,ppg
Williams,2018,Alpinestars,Apparel,Alpinestars,,Apparel & Sportswear,alpinestars
Alpine/Renault,2019,Castrol,Energy/Oil,Castrol,,Energy,castrol
Alpine/Renault,2019,Infiniti,Automotive,Infiniti,,Automotive,infiniti
Alpine/Renault,2019,RCI,Finance,RCI,,Financial Services,rci
Alpine/Renault,2019,Mapfre,Insurance,Mapfre,,Financial Services,mapfre
Alpine/Renault,2019,BP Ultimate,Energy/Oil,BP Ultimate,,Energy,bpultimate
Alpine/Renault,2019,Euro DataCar,Technology,Euro DataCar,,Technology,eurodatacar
Alpine/Renault,2019,Bell & Ross,Luxury Watches,Bell & Ross,,Luxury Watches,bellross
Alpine/Renault,2019,Tmall,Ecommerce,Tmall,,Technology,tmall
Alpine/Renault,2019,Genii,Investment,Genii,,Financial Services,geniicapital
Alpine/Renault,2019,3D Systems,Technology,3D Systems,,Technology,3dsystems
Alpine/Renault,2019,Boeing,Aerospace,Boeing,,Industrial & Aerospace,boeing
Alpine/Renault,2019,Breton,Industrial,Breton,,Industrial & Aerospace,breton
Alpine/Renault,2019,Elysium,Other,Elysium,,Technology,elysium
Alpine/Renault,2019,GF+,Industrial,GF+,,Industrial & Aerospace,gf
Alpine/Renault,2019,Siemens,Industrial,Siemens,,Industrial & Aerospace,siemens
Alpine/Renault,2019,Alpinestars,Apparel,Alpinestars,,Apparel & Sportswear,alpinestars
Alpine/Renault,2019,Pirelli,Automotive,Pirelli,,Automotive,pirelli
Alpine/Renault,2019,Le Coq Sportif,Apparel,Le Coq Sportif,,Apparel & Sportswear,lecoqsportif
Alpine/Renault,2019,Oz Racing,Automotive,Oz Racing,,Automotive,ozracing
Alpine/Renault,2019,Renault Pro+,Automotive,Renault Pro+,,Automotive,renaultpro
Aston Martin/Racing Point/Force India,2019,SportsPesa,Gambling/Betting,SportsPesa,,Other,sportspesa
Aston Martin/Racing Point/Force India,2019,BWT,Water Technology,BWT,,Industrial & Aerospace,bwt
Aston Martin/Racing Point/Force India,2019,Bombardier,Aerospace,Bombardier,,Industrial & Aerospace,bombardier
Aston Martin/Racing Point/Force India,2019,Breast Cancer Care,Nonprofit,Breast Cancer Care,,Other,breastcancercare
Aston Martin/Racing Point/Force India,2019,Canada Life,Insurance,Canada Life,,Financial Services,canadalife
Aston Martin/Racing Point/Force India,2019,Claro,Telecom,Claro,,Telecom,claro
Aston Martin/Racing Point/Force India,2019,Infinitum,Industrial,Infinitum,,Telecom,infinitum
Aston Martin/Racing Point/Force India,2019,JCB,Industrial,JCB,,Industrial & Aerospace,jcb
Aston Martin/Racing Point/Force India,2019,NEC,Technology,NEC,,Technology,nec
Aston Martin/Racing Point/Force India,2019,Telcel,Telecom,Telcel,,Telecom,telcel
Aston Martin/Racing Point/Force India,2019,Acronis,Technology,Acronis,,Cybersecurity,acronis
Aston Martin/Racing Point/Force India,2019,Orangebus,Technology,Orangebus,,Technology,orangebus
Aston Martin/Racing Point/Force India,2019,Pirelli,Automotive,Pirelli,,Automotive,pirelli
Aston Martin/Racing Point/Force India,2019,Ravenol,Automotive,Ravenol,,Energy,ravenol
Aston Martin/Racing Point/Force India,2019,Univa,Technology,Univa,,Technology,univa
Aston Martin/Racing Point/Force India,2019,3D Systems,Technology,3D Systems,,Technology,3dsystems
Aston Martin/Racing Point/Force India,2019,Condeco,Technology,Condeco,,Technology,condeco
Aston Martin/Racing Point/Force India,2019,Gtechniq,Automotive,Gtechniq,,Automotive,gtechniq
Aston Martin/Racing Point/Force India,2019,Hackett,Fashion,Hackett,,Luxury & Fashion,hackettlondon
Aston Martin/Racing Point/Force India,2019,ITEC,Industrial,ITEC,,Technology,itec
Aston Martin/Racing Point/Force India,2019,RNT,Other,RNT,,Other,rnt
Aston Martin/Racing Point/Force India,2019,SAS,Technology,SAS,,Technology,sas
Aston Martin/Racing Point/Force India,2019,Schuberth,Automotive,Schuberth,,Automotive,schuberth
Aston Martin/Racing Point/Force India,2019,STL,Other,STL,,Technology,stl
Aston Martin/Racing Point/Force India,2019,UPS Direct,Power/UPS,UPS Direct,,"Travel, Hospitality & Logistics",upsdirect
Aston Martin/Racing Point/Force India,2019,Voip Unlimited,Telecom,Voip Unlimited,,Telecom,voipunlimited
Ferrari,2019,Phillip Morris International,Tobacco,Phillip Morris International,,Other,philipmorrisinternational
Ferrari,2019,Shell,Energy/Oil,Shell,,Energy,shell
Ferrari,2019,Ray-Ban,Fashion,Ray-Ban,,Luxury & Fashion,rayban
Ferrari,2019,Kaspersky,Cybersecurity,Kaspersky,,Cybersecurity,kaspersky
Ferrari,2019,UPS,Logistics,UPS,,"Travel, Hospitality & Logistics",ups
Ferrari,2019,Lenovo,Technology,Lenovo,,Technology,lenovo
Ferrari,2019,Weichei,Other,Weichei,,Industrial & Aerospace,weichai
Ferrari,2019,Hublot,Luxury Watches,Hublot,,Luxury Watches,hublot
Ferrari,2019,MAHLE,Automotive,MAHLE,,Automotive,mahle
Ferrari,2019,OMR,Automotive,OMR,,Media & Entertainment,omr
Ferrari,2019,AMD,Technology,AMD,,Technology,amd
Ferrari,2019,Pirelli,Automotive,Pirelli,,Automotive,pirelli
Ferrari,2019,Puma,Apparel,Puma,,Apparel & Sportswear,puma
Ferrari,2019,Eightcap,Finance,Eightcap,,Financial Services,eightcap
Ferrari,2019,Laszmoe,Other,Laszmoe,,Other,laszmoe
Ferrari,2019,Infor,Technology,Infor,,Technology,infor
Ferrari,2019,Experis,Staffing,Experis,,Business Services,experis
Ferrari,2019,SKF,Industrial,SKF,,Industrial & Aerospace,skf
Ferrari,2019,Magneti-Marelli,Automotive,Magneti-Marelli,,Automotive,marelli
Ferrari,2019,NGK,Automotive,NGK,,Automotive,ngk
Ferrari,2019,Brembo,Automotive,Brembo,,Automotive,brembo
Ferrari,2019,Riedel,Technology,Riedel,,Technology,riedel
Ferrari,2019,VistaJet,Aviation,VistaJet,,"Travel, Hospitality & Logistics",vistajet
Ferrari,2019,Iveco,Automotive,Iveco,,Automotive,iveco
Haas,2019,Rich Energy,Beverages/Food,Rich Energy,,Food & Beverage,richenergy
Haas,2019,Jack & Jones,Fashion,Jack & Jones,,Apparel & Sportswear,jackjones
Haas,2019,Peak,Apparel,Peak,,Apparel & Sportswear,peak
Haas,2019,BlueDEF,Automotive,Blue Def,S002,Automotive,bluedef
Haas,2019,Branded London,Other,Branded London,,Other,brandedlondon
Haas,2019,Richard Mille,Luxury Watches,Richard Mille,,Luxury Watches,richardmille
Haas,2019,Alpinestars,Apparel,Alpinestars,,Apparel & Sportswear,alpinestars
Haas,2019,Pirelli,Automotive,Pirelli,,Automotive,pirelli
McLaren,2019,Dell,Technology,Dell,,Technology,delltechnologies
McLaren,2019,Petrobas,Energy/Oil,Petrobas,,Energy,petrobras
McLaren,2019,Logitech,Technology,Logitech,,Technology,logitech
McLaren,2019,British American Tobacco,Tobacco,British American Tobacco,,Other,britishamericantobaccoabettertomorrow
McLaren,2019,Vive,Technology,Vive,,Technology,vive
McLaren,2019,Estrella Galicia,Beverages/Food,Estrella Galicia,,Food & Beverage,estrellagalicia
McLaren,2019,Hilton,Hospitality,Hilton,,"Travel, Hospitality & Logistics",hilton
McLaren,2019,FxPro,Finance,FxPro,,Financial Services,fxpro
McLaren,2019,CNBC,Media,CNBC,,Media & Entertainment,cnbc
McLaren,2019,SAP,Technology,SAP,,Technology,sap
McLaren,2019,KAUST,Education,KAUST,,Business Services,kaust
McLaren,2019,Huski Chocolate,Beverages/Food,Huski Chocolate,,Food & Beverage,huskichocolate
McLaren,2019,Richard Mille,Luxury Watches,Richard Mille,,Luxury Watches,richardmille
McLaren,2019,Sparco,Automotive,Sparco,,Automotive,sparco
McLaren,2019,Volvo Trucks,Automotive,Volvo,S001,Automotive,volvotrucks
McLaren,2019,Sikkens,Industrial,Sikkens,,Industrial & Aerospace,sikkens
McLaren,2019,Enkei,Automotive,Enkei,,Automotive,enkei
McLaren,2019,Mazak,Industrial,Mazak,,Industrial & Aerospace,mazak
McLaren,2019,Calsonic Kansei,Automotive,Calsonic Kansei,,Automotive,calsonickansei
McLaren,2019,Technogym,Fitness,Technogym,,Apparel & Sportswear,technogym
McLaren,2019,Hookit,Technology,Hookit,,Technology,hookit
McLaren,2019,Kenwood,Consumer Electronics,Kenwood,,Technology,kenwood
McLaren,2019,Stratasys,Technology,Stratasys,,Technology,stratasys
McLaren,2019,Pirelli,Automotive,Pirelli,,Automotive,pirelli
McLaren,2019,IT Lab,Technology,IT Lab,,Technology,itlab
Mercedes,2019,Petronas,Energy/Oil,Petronas,,Energy,petronas
Mercedes,2019,UBS,Finance,UBS,,Financial Services,ubs
Mercedes,2019,Qualcomm,Technology,Qualcomm,,Technology,qualcomm
Mercedes,2019,Epson,Technology,Epson,,Technology,epson
Mercedes,2019,Bose,Consumer Electronics,Bose,,Technology,bose
Mercedes,2019,Tommy Hilfiger,Fashion,Tommy Hilfiger,,Luxury & Fashion,tommyhilfiger
Mercedes,2019,IWC Schaffhausen,Luxury Watches,IWC Schaffhausen,,Luxury Watches,iwcschaffhausen
Mercedes,2019,Hewlett Packard Enterprise,Technology,Hewlett Packard Enterprise,,Technology,hewlettpackardenterprise
Mercedes,2019,Marriott Bonvoy,Hospitality,Marriott Bonvoy,,"Travel, Hospitality & Logistics",marriottbonvoy
Mercedes,2019,Monster Energy,Beverages/Food,Monster Energy,,Food & Beverage,monsterenergy
Mercedes,2019,Pure Storage,Technology,Pure Storage,,Technology,purestorage
Mercedes,2019,CrowdStrike,Cybersecurity,CrowdStrike,,Cybersecurity,crowdstrike
Mercedes,2019,Tibco,Technology,Tibco,,Technology,tibco
Mercedes,2019,Puma,Apparel,Puma,,Apparel & Sportswear,puma
Mercedes,2019,Ebmpapst,Industrial,Ebmpapst,,Industrial & Aerospace,ebmpapst
Mercedes,2019,Tata Communications,Telecom,Tata Communications,,Telecom,tatacommunications
Mercedes,2019,Konecranes,Industrial,Konecranes,,Industrial & Aerospace,konecranes
Mercedes,2019,OMP,Automotive,OMP,,Automotive,omp
Mercedes,2019,Axalta,Industrial,Axalta,,Industrial & Aerospace,axalta
Mercedes,2019,Assos,Apparel,Assos,,Apparel & Sportswear,assos
Mercedes,2019,Oz Racing,Automotive,Oz Racing,,Automotive,ozracing
Mercedes,2019,Endless,Automotive,Endless,,Automotive,endless
Mercedes,2019,Pirelli,Automotive,Pirelli,,Automotive,pirelli
Mercedes,2019,Seedlip,Beverages/Food,Seedlip,,Food & Beverage,seedlip
RB/AlphaTauri/Toro Rosso,2019,Red Bull,Beverages/Food,Red Bull,,Food & Beverage,redbull
RB/AlphaTauri/Toro Rosso,2019,Honda,Automotive,Honda,,Automotive,honda
RB/AlphaTauri/Toro Rosso,2019,MyWorld,Other,MyWorld,,Financial Services,myworld
RB/AlphaTauri/Toro Rosso,2019,Pirelli,Automotive,Pirelli,,Automotive,pirelli
RB/AlphaTauri/Toro Rosso,2019,Siemens,Industrial,Siemens,,Industrial & Aerospace,siemens
RB/AlphaTauri/Toro Rosso,2019,Randstad,Staffing,Randstad,,Business Services,randstad
RB/AlphaTauri/Toro Rosso,2019,Red Bull Mobile,Telecom,Red Bull Mobile,,Telecom,redbullmobile
RB/AlphaTauri/Toro Rosso,2019,Riedel,Technology,Riedel,,Technology,riedel
RB/AlphaTauri/Toro Rosso,2019,Edifice Casio,Luxury Watches,Edifice Casio,,Technology,edificecasio
Red Bull Racing,2019,Aston Martin,Automotive,Aston Martin,,Automotive,astonmartin
Red Bull Racing,2019,Rauch,Beverages/Food,Rauch,,Food & Beverage,rauch
Red Bull Racing,2019,Honda,Automotive,Honda,,Automotive,honda
Red Bull Racing,2019,Mobil1,Energy/Oil,Mobil1,,Energy,mobil1
Red Bull Racing,2019,Esso,Energy/Oil,Esso,,Energy,esso
Red Bull Racing,2019,Tag Heuer,Luxury Watches,Tag Heuer,,Luxury Watches,tagheuer
Red Bull Racing,2019,Citrix,Technology,Citrix,,Technology,citrix
Red Bull Racing,2019,Siemens,Industrial,Siemens,,Industrial & Aerospace,siemens
Red Bull Racing,2019,HP,Technology,HP,,Technology,hp
Red Bull Racing,2019,AT&T,Telecom,AT&T,,Telecom,att
Red Bull Racing,2019,IBM,Technology,IBM,,Technology,ibm
Red Bull Racing,2019,W66.com,Gambling/Betting,W66.com,,Other,w66com
Red Bull Racing,2019,Puma,Apparel,Puma,,Apparel & Sportswear,puma
Red Bull Racing,2019,Dita Eyewear,Fashion,Dita Eyewear,,Luxury & Fashion,ditaeyewear
Red Bull Racing,2019,Pirelli,Automotive,Pirelli,,Automotive,pirelli
Sauber/Alfa Romeo,2019,Alfa Romeo,Automotive,Alfa Romeo,,Automotive,alfaromeo
Sauber/Alfa Romeo,2019,Adler,Industrial,Adler,,Industrial & Aerospace,adlerpelzergroup
Sauber/Alfa Romeo,2019,Carrera,Fashion,Carrera,,Consumer Goods & Retail,carrera
Sauber/Alfa Romeo,2019,Claro,Telecom,Claro,,Telecom,claro
Sauber/Alfa Romeo,2019,Richard Mille,Luxury Watches,Richard Mille,,Luxury Watches,richardmille
Sauber/Alfa Romeo,2019,Singha,Beverages/Food,Singha,,Food & Beverage,singha
Sauber/Alfa Romeo,2019,EGV,Other,EGV,,Other,egv1
Sauber/Alfa Romeo,2019,Globeair,Aviation,Globeair,,"Travel, Hospitality & Logistics",globeair
Sauber/Alfa Romeo,2019,HP,Technology,HP,,Technology,hp
Sauber/Alfa Romeo,2019,Iveco,Automotive,Iveco,,Automotive,iveco
Sauber/Alfa Romeo,2019,Mitsubishi,Industrial,Mitsubishi,,Industrial & Aerospace,mitsubishielectric
Sauber/Alfa Romeo,2019,New Balance,Apparel,New Balance,,Apparel & Sportswear,newbalance
Sauber/Alfa Romeo,2019,Pirelli,Automotive,Pirelli,,Automotive,pirelli
Sauber/Alfa Romeo,2019,Save the Children,Nonprofit,Save the Children,,Other,savethechildren
Sauber/Alfa Romeo,2019,Sparco,Automotive,Sparco,,Automotive,sparco
Sauber/Alfa Romeo,2019,Walter Meier,Industrial,Walter Meier,,Industrial & Aerospace,waltermeier
Sauber/Alfa Romeo,2019,3D Systems,Technology,3D Systems,,Technology,3dsystems
Sauber/Alfa Romeo,2019,Brutsch-Ruegger,Industrial,Brutsch-Ruegger,,Industrial & Aerospace,brutschruegger
Sauber/Alfa Romeo,2019,Carbon Connect,Industrial,Carbon Connect,,Industrial & Aerospace,carbonconnect
Sauber/Alfa Romeo,2019,Interroll,Industrial,Interroll,,Industrial & Aerospace,interroll
Sauber/Alfa Romeo,2019,Riedel,Technology,Riedel,,Technology,riedel
Sauber/Alfa Romeo,2019,Singapore Airlines,Aviation,Singapore Airlines,,"Travel, Hospitality & Logistics",singaporeairlines
Williams,2019,Rokit,Technology,Rokit,,Technology,rokit
Williams,2019,Rexona,Consumer Goods,Rexona,,Consumer Goods & Retail,rexona
Williams,2019,Orlen,Energy/Oil,Orlen,,Energy,orlen
Williams,2019,Acronis,Technology,Acronis,,Cybersecurity,acronis
Williams,2019,Omnitude,Technology,Omnitude,,Technology,omnitude
Williams,2019,Sofina,Investment,Sofina,,Financial Services,sofina
Williams,2019,Netjets,Aviation,Netjets,,"Travel, Hospitality & Logistics",netjets
Williams,2019,Symantec,Cybersecurity,Symantec,,Cybersecurity,symantec
Williams,2019,Tata Communications,Telecom,Tata Communications,,Telecom,tatacommunications
Williams,2019,Thales,Technology,Thales,,Industrial & Aerospace,thales
Williams,2019,Dtex,Cybersecurity,Dtex,,Cybersecurity,dtex
Williams,2019,Michael Caines,Hospitality,Michael Caines,,"Travel, Hospitality & Logistics",michaelcaines
Williams,2019,Geospatial Insight,Technology,Geospatial Insight,,Technology,geospatialinsight
Williams,2019,Alpinestars,Apparel,Alpinestars,,Apparel & Sportswear,alpinestars
Williams,2019,Cybex,Consumer Goods,Cybex,,Consumer Goods & Retail,cybex
Williams,2019,Pirelli,Automotive,Pirelli,,Automotive,pirelli
Alpine/Renault,2020,DP World,Logistics,DP World,,"Travel, Hospitality & Logistics",dpworld
Alpine/Renault,2020,Castrol,Energy/Oil,Castrol,,Energy,castrol
Alpine/Renault,2020,Infiniti,Automotive,Infiniti,,Automotive,infiniti
Alpine/Renault,2020,RCi,Finance,RCi,,Financial Services,rci
Alpine/Renault,2020,MAPFRE,Insurance,MAPFRE,,Financial Services,mapfre
Alpine/Renault,2020,BP Ultimate,Energy/Oil,BP Ultimate,,Energy,bpultimate
Alpine/Renault,2020,Dupont,Chemicals,Dupont,,Industrial & Aerospace,dupont
Alpine/Renault,2020,Microsoft,Technology,Microsoft,,Technology,microsoft
Alpine/Renault,2020,Bell & Ross,Luxury Watches,Bell & Ross,,Luxury Watches,bellross
Alpine/Renault,2020,TMALL,E-commerce,TMALL,,Technology,tmall
Alpine/Renault,2020,Eurodatacar,Technology,Eurodatacar,,Technology,eurodatacar
Alpine/Renault,2020,Genii Capital,Investment,Genii Capital,,Financial Services,geniicapital
Alpine/Renault,2020,Le coq sportif,Apparel,Le coq sportif,,Apparel & Sportswear,lecoqsportif
Alpine/Renault,2020,3D systems,Technology,3D systems,,Technology,3dsystems
Alpine/Renault,2020,Alpinestars,Apparel,Alpinestars,,Apparel & Sportswear,alpinestars
Alpine/Renault,2020,Boeing,Aerospace,Boeing,,Industrial & Aerospace,boeing
Alpine/Renault,2020,Breton,Industrial,Breton,,Industrial & Aerospace,breton
Alpine/Renault,2020,Cannondale,Consumer Goods,Cannondale,,Consumer Goods & Retail,cannondale
Alpine/Renault,2020,Elysium,Technology,Elysium,,Technology,elysium
Alpine/Renault,2020,GF Machining solutions,Industrial,GF Machining solutions,,Industrial & Aerospace,gfmachiningsolutions
Alpine/Renault,2020,Hechter,Apparel,Hechter,,Apparel & Sportswear,hechter
Alpine/Renault,2020,Hexis,Industrial,Hexis,,Industrial & Aerospace,hexis
Alpine/Renault,2020,HP,Technology,HP,,Technology,hp
Alpine/Renault,2020,ixell,Automotive,ixell,,Automotive,ixell
Alpine/Renault,2020,Jabil,Technology,Jabil,,Technology,jabil
Alpine/Renault,2020,Matrix,Technology,Matrix,,Technology,matrix
Alpine/Renault,2020,OZ Racing,Automotive,OZ Racing,,Automotive,ozracing
Alpine/Renault,2020,PerkinElmer,Life Sciences,PerkinElmer,,Other,perkinelmer
Alpine/Renault,2020,Siemens,Industrial,Siemens,,Industrial & Aerospace,siemens
Alpine/Renault,2020,Verizon Media,Media,Verizon Media,,Media & Entertainment,verizonmedia
Alpine/Renault,2020,Volume Graphics,Technology,Volume Graphics,,Technology,volumegraphics
Alpine/Renault,2020,Yxlon,Industrial,Yxlon,,Industrial & Aerospace,yxlon
Alpine/Renault,2020,Pirelli,Automotive,Pirelli,,Automotive,pirelli
Aston Martin/Racing Point/Force India,2020,Bombardier,Aerospace,Bombardier,,Industrial & Aerospace,bombardier
Aston Martin/Racing Point/Force India,2020,Breast Cancer Care,Nonprofit,Breast Cancer Care,,Other,breastcancercare
Aston Martin/Racing Point/Force India,2020,BWT,Water Technology,BWT,,Industrial & Aerospace,bwt
Aston Martin/Racing Point/Force India,2020,Canadalife,Finance,Canadalife,,Financial Services,canadalife
Aston Martin/Racing Point/Force India,2020,Claro,Telecom,Claro,,Telecom,claro
Aston Martin/Racing Point/Force India,2020,Infinitum,Telecom,Infinitum,,Telecom,infinitum
Aston Martin/Racing Point/Force India,2020,JCB,Industrial,JCB,,Industrial & Aerospace,jcb
Aston Martin/Racing Point/Force India,2020,Magnesium,Beverages/Food,Magnesium,,Food & Beverage,magnesium
Aston Martin/Racing Point/Force India,2020,NEC,Technology,NEC,,Technology,nec
Aston Martin/Racing Point/Force India,2020,SpScore.com,Technology,SpScore.com,,Technology,spscorecom
Aston Martin/Racing Point/Force India,2020,Sport Pesa,Gambling/Betting,Sport Pesa,,Other,sportspesa
Aston Martin/Racing Point/Force India,2020,Telcel,Telecom,Telcel,,Telecom,telcel
Aston Martin/Racing Point/Force India,2020,Telmex,Telecom,Telmex,,Telecom,telmex
Aston Martin/Racing Point/Force India,2020,Acronis,Cybersecurity,Acronis,,Cybersecurity,acronis
Aston Martin/Racing Point/Force India,2020,Adaptavist,Technology,Adaptavist,,Technology,adaptavist
Aston Martin/Racing Point/Force India,2020,Alpinestars,Apparel,Alpinestars,,Apparel & Sportswear,alpinestars
Aston Martin/Racing Point/Force India,2020,IFS,Technology,IFS,,Technology,ifs
Aston Martin/Racing Point/Force India,2020,OrangeBus,Technology,OrangeBus,,Technology,orangebus
Aston Martin/Racing Point/Force India,2020,Ravenol,Energy/Oil,Ravenol,,Energy,ravenol
Aston Martin/Racing Point/Force India,2020,Univa,Technology,Univa,,Technology,univa
Aston Martin/Racing Point/Force India,2020,3D Systems,Technology,3D Systems,,Technology,3dsystems
Aston Martin/Racing Point/Force India,2020,Condeco,Technology,Condeco,,Technology,condeco
Aston Martin/Racing Point/Force India,2020,EBB3,Technology,EBB3,,Technology,ebb3
Aston Martin/Racing Point/Force India,2020,GTECHNIQ,Automotive,GTECHNIQ,,Automotive,gtechniq
Aston Martin/Racing Point/Force India,2020,Hackett,Apparel,Hackett,,Luxury & Fashion,hackettlondon
Aston Martin/Racing Point/Force India,2020,Macauley,Consumer Goods,Macauley,,Consumer Goods & Retail,macauley
Aston Martin/Racing Point/Force India,2020,RNT Rausch,Industrial,RNT Rausch,,Industrial & Aerospace,rntrausch
Aston Martin/Racing Point/Force India,2020,SAS,Industrial,SAS,,Technology,sas
Aston Martin/Racing Point/Force India,2020,Schuberth,Automotive,Schuberth,,Automotive,schuberth
Aston Martin/Racing Point/Force India,2020,STL,Technology,STL,,Technology,stl
Aston Martin/Racing Point/Force India,2020,UPS Direct,Logistics,UPS Direct,,"Travel, Hospitality & Logistics",upsdirect
Aston Martin/Racing Point/Force India,2020,Voip Unlimited,Telecom,Voip Unlimited,,Telecom,voipunlimited
Aston Martin/Racing Point/Force India,2020,Pirelli,Automotive,Pirelli,,Automotive,pirelli
Ferrari,2020,Philip Morris International,Tobacco,Philip Morris International,,Other,philipmorrisinternational
Ferrari,2020,Shell,Energy/Oil,Shell,,Energy,shell
Ferrari,2020,Ray Ban,Fashion,Ray Ban,,Luxury & Fashion,rayban
Ferrari,2020,Kapersky,Cybersecurity,Kapersky,,Cybersecurity,kaspersky
Ferrari,2020,UPS,Logistics,UPS,,"Travel, Hospitality & Logistics",ups
Ferrari,2020,Hublot,Luxury Watches,Hublot,,Luxury Watches,hublot
Ferrari,2020,Mahle,Automotive,Mahle,,Automotive,mahle
Ferrari,2020,OMR,Media,OMR,,Media & Entertainment,omr
Ferrari,2020,Puma,Apparel,Puma,,Apparel & Sportswear,puma
Ferrari,2020,Eightcap,Finance,Eightcap,,Financial Services,eightcap
Ferrari,2020,Infor,Technology,Infor,,Technology,infor
Ferrari,2020,SKF,Industrial,SKF,,Industrial & Aerospace,skf
Ferrari,2020,Marelli,Automotive,Marelli,,Automotive,marelli
Ferrari,2020,NGK,Automotive,NGK,,Automotive,ngk
Ferrari,2020,VistaJet,Aviation,VistaJet,,"Travel, Hospitality & Logistics",vistajet
Ferrari,2020,Brembo,Automotive,Brembo,,Automotive,brembo
Ferrari,2020,Experis,Staffing,Experis,,Business Services,experis
Ferrari,2020,Riedel,Technology,Riedel,,Technology,riedel
Ferrari,2020,Iveco,Automotive,Iveco,,Automotive,iveco
Ferrari,2020,OZ racing,Automotive,OZ racing,,Automotive,ozracing
Ferrari,2020,Sabelt,Automotive,Sabelt,,Automotive,sabelt
Ferrari,2020,Bell,Automotive,Bell,,Automotive,bell
Ferrari,2020,Palantir,Technology,Palantir,,Technology,palantir
Ferrari,2020,Alfa Romeo,Automotive,Alfa Romeo,,Automotive,alfaromeo
Ferrari,2020,Garrett,Automotive,Garrett,,Automotive,garrett
Ferrari,2020,Technogym,Fitness,Technogym,,Apparel & Sportswear,technogym
Ferrari,2020,Pirelli,Automotive,Pirelli,,Automotive,pirelli
Haas,2020,Haas Automation,Industrial,Haas Automation,,Industrial & Aerospace,haasautomation
Haas,2020,Jack & Jones,Apparel,Jack & Jones,,Apparel & Sportswear,jackjones
Haas,2020,Peak,Apparel,Peak,,Apparel & Sportswear,peak
Haas,2020,BlueDEF,Automotive,Blue | DEF,S003 | S004,Automotive,bluedef
Haas,2020,Stichd,Apparel,Stichd,,Apparel & Sportswear,stichd
Haas,2020,Alpinestars,Apparel,Alpinestars,,Apparel & Sportswear,alpinestars
Haas,2020,Richard Mille,Luxury Watches,Richard Mille,,Luxury Watches,richardmille
Haas,2020,Nominet Cyber,Cybersecurity,Nominet Cyber,,Cybersecurity,nominetcyber
Haas,2020,MindMaze,Technology,MindMaze,,Technology,mindmaze
Haas,2020,Windshear,Aerospace,Windshear,,Industrial & Aerospace,windshear
Haas,2020,Pirelli,Automotive,Pirelli,,Automotive,pirelli
McLaren,2020,British-American Tobacco,Tobacco,British-American Tobacco,,Other,britishamericantobaccoabettertomorrow
McLaren,2020,Splunk,Technology,Splunk,,Technology,splunk
McLaren,2020,DarkTrace,Cybersecurity,DarkTrace,,Cybersecurity,darktrace
McLaren,2020,Dell,Technology,Dell,,Technology,delltechnologies
McLaren,2020,Huski Chocolate,Beverages/Food,Huski Chocolate,,Food & Beverage,huskichocolate
McLaren,2020,Gulf,Energy/Oil,Gulf,,Energy,gulf
McLaren,2020,Arrow,Technology,Arrow,,Technology,arrowelectronics
McLaren,2020,Estrella Galicia,Beverages/Food,Estrella Galicia,,Food & Beverage,estrellagalicia
McLaren,2020,Automation Anywhere,Technology,Automation Anywhere,,Technology,automationanywhere
McLaren,2020,Richard Mille,Luxury Watches,Richard Mille,,Luxury Watches,richardmille
McLaren,2020,Hilton,Hospitality,Hilton,,"Travel, Hospitality & Logistics",hilton
McLaren,2020,Coca Cola,Beverages/Food,Coca Cola,,Food & Beverage,cocacola
McLaren,2020,Unilever,Consumer Goods,Unilever,,Consumer Goods & Retail,unilever
McLaren,2020,FxPro,Finance,FxPro,,Financial Services,fxpro
McLaren,2020,Deloitte,Professional Services,Deloitte,,Business Services,deloitte
McLaren,2020,TUMI,Fashion,TUMI,,Luxury & Fashion,tumi
McLaren,2020,Iqoniq,Apparel,Iqoniq,,Apparel & Sportswear,iqoniq
McLaren,2020,Mind,Technology,Mind,,Technology,mind
McLaren,2020,CNBC,Media,CNBC,,Media & Entertainment,cnbc
McLaren,2020,Oneplus,Technology,Oneplus,,Technology,oneplus
McLaren,2020,Mindmaze,Technology,Mindmaze,,Technology,mindmaze
McLaren,2020,Klipsch,Consumer Electronics,Klipsch,,Technology,klipsch
McLaren,2020,Akebono,Automotive,Akebono,,Automotive,akebono
McLaren,2020,Sparco,Automotive,Sparco,,Automotive,sparco
McLaren,2020,Volvo trucks,Automotive,Volvo trucks,,Automotive,volvotrucks
McLaren,2020,Sikkens,Industrial,Sikkens,,Industrial & Aerospace,sikkens
McLaren,2020,Enkei,Automotive,Enkei,,Automotive,enkei
McLaren,2020,Mazak,Industrial,Mazak,,Industrial & Aerospace,mazak
McLaren,2020,Marelli,Automotive,Marelli,,Automotive,marelli
McLaren,2020,Technogym,Fitness,Technogym,,Apparel & Sportswear,technogym
McLaren,2020,Ashurst,Legal,Ashurst,,Business Services,ashurst
McLaren,2020,Stratasys,Technology,Stratasys,,Technology,stratasys
McLaren,2020,Kaust,Education,Kaust,,Business Services,kaust
McLaren,2020,Hookit,Technology,Hookit,,Technology,hookit
McLaren,2020,wipro,Technology,wipro,,Technology,wipro
McLaren,2020,Alienware,Technology,Alienware,,Technology,alienware
McLaren,2020,Veloce Esports,Esports,Veloce Esports,,Media & Entertainment,veloceesports
McLaren,2020,Ultimotive,Automotive,Ultimotive,,Automotive,ultimotive
McLaren,2020,NEW ERA,Apparel,NEW ERA,,Apparel & Sportswear,newera
McLaren,2020,FAI Aviation Group,Aviation,FAI Aviation Group,,"Travel, Hospitality & Logistics",faiaviationgroup
McLaren,2020,Pirelli,Automotive,Pirelli,,Automotive,pirelli
Mercedes,2020,Petronas,Energy/Oil,Petronas,,Energy,petronas
Mercedes,2020,INEOS,Chemicals,INEOS,,Industrial & Aerospace,ineos
Mercedes,2020,UBS,Finance,UBS,,Financial Services,ubs
Mercedes,2020,Epson,Technology,Epson,,Technology,epson
Mercedes,2020,Bose,Consumer Electronics,Bose,,Technology,bose
Mercedes,2020,Tommy Hilfiger,Fashion,Tommy Hilfiger,,Luxury & Fashion,tommyhilfiger
Mercedes,2020,IWC,Luxury Watches,IWC,,Luxury Watches,iwc
Mercedes,2020,Hewlett Packard,Technology,Hewlett Packard,,Technology,hewlettpackard
Mercedes,2020,The Ritz-Carlton,Hospitality,The Ritz-Carlton,,"Travel, Hospitality & Logistics",theritzcarlton
Mercedes,2020,Monster Energy,Beverages/Food,Monster Energy,,Food & Beverage,monsterenergy
Mercedes,2020,Pure Storage,Technology,Pure Storage,,Technology,purestorage
Mercedes,2020,CrowdStrike,Cybersecurity,CrowdStrike,,Cybersecurity,crowdstrike
Mercedes,2020,TIBCO,Technology,TIBCO,,Technology,tibco
Mercedes,2020,AMD,Technology,AMD,,Technology,amd
Mercedes,2020,Puma,Apparel,Puma,,Apparel & Sportswear,puma
Mercedes,2020,Police,Fashion,Police,,Luxury & Fashion,policeeyewear
Mercedes,2020,OMP,Automotive,OMP,,Automotive,omp
Mercedes,2020,OZ Racing,Automotive,OZ Racing,,Automotive,ozracing
Mercedes,2020,Endless,Automotive,Endless,,Automotive,endless
Mercedes,2020,Stilo,Automotive,Stilo,,Automotive,stilo
Mercedes,2020,Seedlip,Beverages/Food,Seedlip,,Food & Beverage,seedlip
Mercedes,2020,Pirelli,Automotive,Pirelli,,Automotive,pirelli
RB/AlphaTauri/Toro Rosso,2020,myWorld,Finance,myWorld,,Financial Services,myworld
RB/AlphaTauri/Toro Rosso,2020,MOOSE,Consumer Goods,MOOSE,,Consumer Goods & Retail,moose
RB/AlphaTauri/Toro Rosso,2020,AlphaTauri,Apparel,AlphaTauri,,Apparel & Sportswear,alphatauri
RB/AlphaTauri/Toro Rosso,2020,Red Bull,Beverages/Food,Red Bull,,Food & Beverage,redbull
RB/AlphaTauri/Toro Rosso,2020,Honda,Automotive,Honda,,Automotive,honda
RB/AlphaTauri/Toro Rosso,2020,Edifice Casio,Consumer Electronics,Edifice Casio,,Technology,edificecasio
RB/AlphaTauri/Toro Rosso,2020,Randstad,Staffing,Randstad,,Business Services,randstad
RB/AlphaTauri/Toro Rosso,2020,RDS,Technology,RDS,,Technology,rds
RB/AlphaTauri/Toro Rosso,2020,Riedel,Technology,Riedel,,Technology,riedel
RB/AlphaTauri/Toro Rosso,2020,Siemens,Industrial,Siemens,,Industrial & Aerospace,siemens
RB/AlphaTauri/Toro Rosso,2020,Red Bull Mobile,Telecom,Red Bull Mobile,,Telecom,redbullmobile
RB/AlphaTauri/Toro Rosso,2020,Hangar 7,Hospitality,Hangar 7,,"Travel, Hospitality & Logistics",hangar7
RB/AlphaTauri/Toro Rosso,2020,Pirelli,Automotive,Pirelli,,Automotive,pirelli
Red Bull Racing,2020,Rauch,Beverages/Food,Rauch,,Food & Beverage,rauch
Red Bull Racing,2020,Honda,Automotive,Honda,,Automotive,honda
Red Bull Racing,2020,Mobil 1 Esso,Energy/Oil,Mobil 1 Esso,,Energy,mobil1esso
Red Bull Racing,2020,Aston Martin,Automotive,Aston Martin,,Automotive,astonmartin
Red Bull Racing,2020,Puma,Apparel,Puma,,Apparel & Sportswear,puma
Red Bull Racing,2020,Tag Heuer,Luxury Watches,Tag Heuer,,Luxury Watches,tagheuer
Red Bull Racing,2020,Citrix,Technology,Citrix,,Technology,citrix
Red Bull Racing,2020,Piquadro,Fashion,Piquadro,,Luxury & Fashion,piquadro
Red Bull Racing,2020,Siemens,Industrial,Siemens,,Industrial & Aerospace,siemens
Red Bull Racing,2020,AT&T,Telecom,AT&T,,Telecom,att
Red Bull Racing,2020,Hewlett Packard,Technology,Hewlett Packard,,Technology,hewlettpackard
Red Bull Racing,2020,Iris,Technology,Iris,,Technology,iris
Red Bull Racing,2020,AlphaTauri,Apparel,AlphaTauri,,Apparel & Sportswear,alphatauri
Red Bull Racing,2020,IBM,Technology,IBM,,Technology,ibm
Red Bull Racing,2020,Dita,Fashion,Dita,,Luxury & Fashion,ditaeyewear
Red Bull Racing,2020,W66.com,Gambling/Betting,W66.com,,Other,w66com
Red Bull Racing,2020,PayVoo,Payments,PayVoo,,Financial Services,payvoo
Red Bull Racing,2020,myWorld,Finance,myWorld,,Financial Services,myworld
Red Bull Racing,2020,Hexagon,Technology,Hexagon,,Technology,hexagon
Red Bull Racing,2020,DMG Mori,Industrial,DMG Mori,,Industrial & Aerospace,dmgmori
Red Bull Racing,2020,PWR,Automotive,PWR,,Automotive,pwr
Red Bull Racing,2020,Snowflake,Technology,Snowflake,,Technology,snowflake
Red Bull Racing,2020,Ansys,Technology,Ansys,,Technology,ansys
Red Bull Racing,2020,Sabelt,Automotive,Sabelt,,Automotive,sabelt
Red Bull Racing,2020,OZ,Automotive,OZ,,Automotive,oz
Red Bull Racing,2020,Mitie,Services,Mitie,,Business Services,mitie
Red Bull Racing,2020,kx technology,Technology,kx technology,,Technology,kxtechnology
Red Bull Racing,2020,GoldStandard,Finance,GoldStandard,,Financial Services,goldstandard
Red Bull Racing,2020,Pirelli,Automotive,Pirelli,,Automotive,pirelli
Sauber/Alfa Romeo,2020,Alfa Romeo,Automotive,Alfa Romeo,,Automotive,alfaromeo
Sauber/Alfa Romeo,2020,PKN ORLEN,Energy/Oil,PKN ORLEN,,Energy,pknorlen
Sauber/Alfa Romeo,2020,Adler Pelzer Group,Industrial,Adler Pelzer Group,,Industrial & Aerospace,adlerpelzergroup
Sauber/Alfa Romeo,2020,Carrera,Consumer Goods,Carrera,,Consumer Goods & Retail,carrera
Sauber/Alfa Romeo,2020,Claro,Telecom,Claro,,Telecom,claro
Sauber/Alfa Romeo,2020,Richard Mille,Luxury Watches,Richard Mille,,Luxury Watches,richardmille
Sauber/Alfa Romeo,2020,Acer,Technology,Acer,,Technology,acer
Sauber/Alfa Romeo,2020,Built for Athletes,Apparel,Built for Athletes,,Apparel & Sportswear,builtforathletes
Sauber/Alfa Romeo,2020,Singha,Beverages/Food,Singha,,Food & Beverage,singha
Sauber/Alfa Romeo,2020,Additive industries,Industrial,Additive industries,,Industrial & Aerospace,additiveindustries
Sauber/Alfa Romeo,2020,EGV1,Technology,EGV1,,Other,egv1
Sauber/Alfa Romeo,2020,GlobeAir,Aviation,GlobeAir,,"Travel, Hospitality & Logistics",globeair
Sauber/Alfa Romeo,2020,Hewlett Packard,Technology,Hewlett Packard,,Technology,hewlettpackard
Sauber/Alfa Romeo,2020,Iveco,Automotive,Iveco,,Automotive,iveco
Sauber/Alfa Romeo,2020,Marelli,Automotive,Marelli,,Automotive,marelli
Sauber/Alfa Romeo,2020,Mitsubishi Electric,Industrial,Mitsubishi Electric,,Industrial & Aerospace,mitsubishielectric
Sauber/Alfa Romeo,2020,Save the Children,Nonprofit,Save the Children,,Other,savethechildren
Sauber/Alfa Romeo,2020,Sparco,Automotive,Sparco,,Automotive,sparco
Sauber/Alfa Romeo,2020,Walter Meier,Industrial,Walter Meier,,Industrial & Aerospace,waltermeier
Sauber/Alfa Romeo,2020,3D Systems,Technology,3D Systems,,Technology,3dsystems
Sauber/Alfa Romeo,2020,AB Dynamic,Technology,AB Dynamic,,Technology,abdynamics
Sauber/Alfa Romeo,2020,Brutsch-Ruegger,Industrial,Brutsch-Ruegger,,Industrial & Aerospace,brutschruegger
Sauber/Alfa Romeo,2020,Carbon Connect,Industrial,Carbon Connect,,Industrial & Aerospace,carbonconnect
Sauber/Alfa Romeo,2020,Interoll,Industrial,Interoll,,Industrial & Aerospace,interroll
Sauber/Alfa Romeo,2020,Quintus,Industrial,Quintus,,Industrial & Aerospace,quintus
Sauber/Alfa Romeo,2020,Riedel,Technology,Riedel,,Technology,riedel
Sauber/Alfa Romeo,2020,Singapore Airlines,Aviation,Singapore Airlines,,"Travel, Hospitality & Logistics",singaporeairlines
Sauber/Alfa Romeo,2020,Pirelli,Automotive,Pirelli,,Automotive,pirelli
Williams,2020,Acronis,Cybersecurity,Acronis,,Cybersecurity,acronis
Williams,2020,Sofina,Investment,Sofina,,Financial Services,sofina
Williams,2020,Lavazza,Beverages/Food,Lavazza,,Food & Beverage,lavazza
Williams,2020,RBC,Finance,RBC,,Financial Services,rbc
Williams,2020,NetJets,Aviation,NetJets,,"Travel, Hospitality & Logistics",netjets
Williams,2020,Versa,Technology,Versa,,Technology,versa
Williams,2020,Symantec,Cybersecurity,Symantec,,Cybersecurity,symantec
Williams,2020,Iqoniq,Apparel,Iqoniq,,Apparel & Sportswear,iqoniq
Williams,2020,Umbro,Apparel,Umbro,,Apparel & Sportswear,umbro
Williams,2020,Financial Times,Media,Financial Times,,Media & Entertainment,financialtimes
Williams,2020,Ponos,Technology,Ponos,,Technology,ponos
Williams,2020,Alpinestars,Apparel,Alpinestars,,Apparel & Sportswear,alpinestars
Williams,2020,APL,Apparel,APL,,Apparel & Sportswear,apl
Williams,2020,PPG,Industrial,PPG,,Industrial & Aerospace,ppg
Williams,2020,DTEX,Cybersecurity,DTEX,,Cybersecurity,dtex
Williams,2020,Thales,Aerospace,Thales,,Industrial & Aerospace,thales
Williams,2020,Precision Hydration,Beverages/Food,Precision Hydration,,Food & Beverage,precisionhydration
Williams,2020,Crew Clothing,Apparel,Crew Clothing,,Apparel & Sportswear,crewclothingcompany
Williams,2020,U Earth,Consumer Goods,U Earth,,Consumer Goods & Retail,uearth
Williams,2020,Michael Caines,Hospitality,Michael Caines,,"Travel, Hospitality & Logistics",michaelcaines
Williams,2020,Life Fitness,Fitness,Life Fitness,,Apparel & Sportswear,lifefitness
Williams,2020,Pirelli,Automotive,Pirelli,,Automotive,pirelli
Alpine/Renault,2021,Castrol,Energy/Oil,Castrol,,Energy,castrol
Alpine/Renault,2021,RCi,Finance,RCi,,Financial Services,rci
Alpine/Renault,2021,MAPFRE,Insurance,MAPFRE,,Financial Services,mapfre
Alpine/Renault,2021,bp Ultimate,Energy/Oil,bp Ultimate,,Energy,bpultimate
Alpine/Renault,2021,Dupont,Chemicals,Dupont,,Industrial & Aerospace,dupont
Alpine/Renault,2021,Microsoft,Technology,Microsoft,,Technology,microsoft
Alpine/Renault,2021,Bell & Ross,Luxury Watches,Bell & Ross,,Luxury Watches,bellross
Alpine/Renault,2021,Eurodatacar,Technology,Eurodatacar,,Technology,eurodatacar
Alpine/Renault,2021,Pirelli,Automotive,Pirelli,,Automotive,pirelli
Alpine/Renault,2021,GENII,Investment,GENII,,Financial Services,geniicapital
Alpine/Renault,2021,Renault E-Tech,Automotive,Renault E-Tech,,Automotive,renaultetech
Alpine/Renault,2021,Yahoo!,Media,Yahoo!,,Media & Entertainment,yahoo
Alpine/Renault,2021,3D Systems,Technology,3D Systems,,Technology,3dsystems
Alpine/Renault,2021,Hewlett-Packard,Technology,Hewlett-Packard,,Technology,hewlettpackard
Alpine/Renault,2021,PerkinElmer,Life Sciences,PerkinElmer,,Other,perkinelmer
Alpine/Renault,2021,Le coq Sportif,Apparel,Le coq Sportif,,Apparel & Sportswear,lecoqsportif
Alpine/Renault,2021,GF Matching Solutions,Industrial,GF Matching Solutions,,Industrial & Aerospace,gfmachiningsolutions
Alpine/Renault,2021,Siemens,Industrial,Siemens,,Industrial & Aerospace,siemens
Alpine/Renault,2021,Alpinestars,Apparel,Alpinestars,,Apparel & Sportswear,alpinestars
Alpine/Renault,2021,Boeing,Aerospace,Boeing,,Industrial & Aerospace,boeing
Alpine/Renault,2021,Elysium,Technology,Elysium,,Technology,elysium
Alpine/Renault,2021,GCAPS,Technology,GCAPS,,Technology,gcaps
Alpine/Renault,2021,Hexis,Industrial,Hexis,,Industrial & Aerospace,hexis
Alpine/Renault,2021,Jabil,Technology,Jabil,,Technology,jabil
Alpine/Renault,2021,Linde,Industrial,Linde,,Industrial & Aerospace,linde
Alpine/Renault,2021,MATRIX,Technology,MATRIX,,Technology,matrix
Alpine/Renault,2021,Roland,Technology,Roland,,Technology,roland
Alpine/Renault,2021,Trak Racer,Consumer Goods,Trak Racer,,Consumer Goods & Retail,trackracer
Alpine/Renault,2021,Volume Graphics,Technology,Volume Graphics,,Technology,volumegraphics
Aston Martin/Racing Point/Force India,2021,Cognizant,Technology,Cognizant,,Technology,cognizant
Aston Martin/Racing Point/Force India,2021,Crypto.com,Cryptocurrency,Crypto.com,,Crypto & Web3,cryptocom
Aston Martin/Racing Point/Force India,2021,NetApp,Technology,NetApp,,Technology,netapp
Aston Martin/Racing Point/Force India,2021,SentinelOne,Cybersecurity,SentinelOne,,Cybersecurity,sentinelone
Aston Martin/Racing Point/Force India,2021,Bombardier,Aerospace,Bombardier,,Industrial & Aerospace,bombardier
Aston Martin/Racing Point/Force India,2021,Girard-Perregaux,Luxury Watches,Girard-Perregaux,,Luxury Watches,girardperregaux
Aston Martin/Racing Point/Force India,2021,Peroni,Beverages/Food,Peroni,,Food & Beverage,peroni
Aston Martin/Racing Point/Force India,2021,BWT,Water Technology,BWT,,Industrial & Aerospace,bwt
Aston Martin/Racing Point/Force India,2021,REPLAY,Fashion,REPLAY,,Luxury & Fashion,replay
Aston Martin/Racing Point/Force India,2021,Ravenol,Energy/Oil,Ravenol,,Energy,ravenol
Aston Martin/Racing Point/Force India,2021,EPOS,Consumer Electronics,EPOS,,Technology,epos
Aston Martin/Racing Point/Force India,2021,JCB,Industrial,JCB,,Industrial & Aerospace,jcb
Aston Martin/Racing Point/Force India,2021,EBB3,Technology,EBB3,,Technology,ebb3
Aston Martin/Racing Point/Force India,2021,UPS Direct,Logistics,UPS Direct,,"Travel, Hospitality & Logistics",upsdirect
Aston Martin/Racing Point/Force India,2021,STL,Technology,STL,,Technology,stl
Aston Martin/Racing Point/Force India,2021,Pelmark,Technology,Pelmark,,Technology,pelmark
Aston Martin/Racing Point/Force India,2021,Voip Unlimited,Telecom,Voip Unlimited,,Telecom,voipunlimited
Aston Martin/Racing Point/Force India,2021,Condeco,Technology,Condeco,,Technology,condeco
Aston Martin/Racing Point/Force India,2021,IFS,Technology,IFS,,Technology,ifs
Aston Martin/Racing Point/Force India,2021,Schuberth,Automotive,Schuberth,,Automotive,schuberth
Aston Martin/Racing Point/Force India,2021,Hackett London,Fashion,Hackett London,,Luxury & Fashion,hackettlondon
Aston Martin/Racing Point/Force India,2021,AlpineStars,Apparel,AlpineStars,,Apparel & Sportswear,alpinestars
Aston Martin/Racing Point/Force India,2021,Oakley,Fashion,Oakley,,Luxury & Fashion,oakley
Aston Martin/Racing Point/Force India,2021,Pirelli,Automotive,Pirelli,,Automotive,pirelli
Ferrari,2021,Mission Winnow,Tobacco,Mission Winnow,,Other,missionwinnow
Ferrari,2021,Ray-Ban,Fashion,Ray-Ban,,Luxury & Fashion,rayban
Ferrari,2021,Richard Mille,Luxury Watches,Richard Mille,,Luxury Watches,richardmille
Ferrari,2021,Kaspersky,Cybersecurity,Kaspersky,,Cybersecurity,kaspersky
Ferrari,2021,UPS,Logistics,UPS,,"Travel, Hospitality & Logistics",ups
Ferrari,2021,Weichai,Industrial,Weichai,,Industrial & Aerospace,weichai
Ferrari,2021,Estrella Galicia,Beverages/Food,Estrella Galicia,,Food & Beverage,estrellagalicia
Ferrari,2021,OMR,Media,OMR,,Media & Entertainment,omr
Ferrari,2021,MAHLE,Automotive,MAHLE,,Automotive,mahle
Ferrari,2021,Pirelli,Automotive,Pirelli,,Automotive,pirelli
Ferrari,2021,Puma,Apparel,Puma,,Apparel & Sportswear,puma
Ferrari,2021,Radiobook,Media,Radiobook,,Media & Entertainment,radiobook
Ferrari,2021,SKF,Industrial,SKF,,Industrial & Aerospace,skf
Ferrari,2021,Vistajet,Aviation,Vistajet,,"Travel, Hospitality & Logistics",vistajet
Ferrari,2021,Marelli,Automotive,Marelli,,Automotive,marelli
Ferrari,2021,NGK Spark Plugs,Automotive,NGK Spark Plugs,,Automotive,ngksparkplugs
Ferrari,2021,Brembo,Automotive,Brembo,,Automotive,brembo
Ferrari,2021,Experis,Staffing,Experis,,Business Services,experis
Ferrari,2021,Riedel,Technology,Riedel,,Technology,riedel
Ferrari,2021,Iveco,Automotive,Iveco,,Automotive,iveco
Ferrari,2021,Palantir,Technology,Palantir,,Technology,palantir
Ferrari,2021,Bell,Automotive,Bell,,Automotive,bell
Ferrari,2021,Technogym,Fitness,Technogym,,Apparel & Sportswear,technogym
Ferrari,2021,Alfa Romeo,Automotive,Alfa Romeo,,Automotive,alfaromeo
Ferrari,2021,Garrett,Automotive,Garrett,,Automotive,garrett
Ferrari,2021,Shell,Energy/Oil,Shell,,Energy,shell
Ferrari,2021,Giorgio Armani,Fashion,Giorgio Armani,,Luxury & Fashion,giorgioarmani
Ferrari,2021,Sabelt,Automotive,Sabelt,,Automotive,sabelt
Haas,2021,Uralkali,Chemicals,Uralkali,,Industrial & Aerospace,uralkali
Haas,2021,1&1,Telecom,1&1,,Telecom,11
Haas,2021,Alpinestars,Apparel,Alpinestars,,Apparel & Sportswear,alpinestars
Haas,2021,Pirelli,Automotive,Pirelli,,Automotive,pirelli
Haas,2021,Schuberth,Automotive,Schuberth,,Automotive,schuberth
Haas,2021,Stichd,Apparel,Stichd,,Apparel & Sportswear,stichd
Haas,2021,Haas Automation,Industrial,Haas Automation,,Industrial & Aerospace,haasautomation
Haas,2021,Ionos,Technology,Ionos,,Technology,ionos
Haas,2021,Under Armour,Apparel,Under Armour,,Apparel & Sportswear,underarmour
McLaren,2021,British-American Tobacco,Tobacco,British-American Tobacco,,Other,britishamericantobaccoabettertomorrow
McLaren,2021,Splunk,Technology,Splunk,,Technology,splunk
McLaren,2021,DarkTrace,Cybersecurity,DarkTrace,,Cybersecurity,darktrace
McLaren,2021,Dell,Technology,Dell,,Technology,delltechnologies
McLaren,2021,Huski Chocolate,Beverages/Food,Huski Chocolate,,Food & Beverage,huskichocolate
McLaren,2021,Gulf,Energy/Oil,Gulf,,Energy,gulf
McLaren,2021,Arrow,Technology,Arrow,,Technology,arrowelectronics
McLaren,2021,Richard Mille,Luxury Watches,Richard Mille,,Luxury Watches,richardmille
McLaren,2021,Hilton,Hospitality,Hilton,,"Travel, Hospitality & Logistics",hilton
McLaren,2021,Coca Cola,Beverages/Food,Coca Cola,,Food & Beverage,cocacola
McLaren,2021,Unilever,Consumer Goods,Unilever,,Consumer Goods & Retail,unilever
McLaren,2021,FxPro,Finance,FxPro,,Financial Services,fxpro
McLaren,2021,Deloitte,Professional Services,Deloitte,,Business Services,deloitte
McLaren,2021,TUMI,Fashion,TUMI,,Luxury & Fashion,tumi
McLaren,2021,Iqoniq,Apparel,Iqoniq,,Apparel & Sportswear,iqoniq
McLaren,2021,Mind,Technology,Mind,,Technology,mind
McLaren,2021,CNBC,Media,CNBC,,Media & Entertainment,cnbc
McLaren,2021,Klipsch,Consumer Electronics,Klipsch,,Technology,klipsch
McLaren,2021,Sparco,Automotive,Sparco,,Automotive,sparco
McLaren,2021,Volvo trucks,Automotive,Volvo trucks,,Automotive,volvotrucks
McLaren,2021,Enkei,Automotive,Enkei,,Automotive,enkei
McLaren,2021,Mazak,Industrial,Mazak,,Industrial & Aerospace,mazak
McLaren,2021,Marelli,Automotive,Marelli,,Automotive,marelli
McLaren,2021,Ashurst,Legal,Ashurst,,Business Services,ashurst
McLaren,2021,Stratasys,Technology,Stratasys,,Technology,stratasys
McLaren,2021,Kaust,Education,Kaust,,Business Services,kaust
McLaren,2021,Hookit,Technology,Hookit,,Technology,hookit
McLaren,2021,Alienware,Technology,Alienware,,Technology,alienware
McLaren,2021,Veloce Esports,Esports,Veloce Esports,,Media & Entertainment,veloceesports
McLaren,2021,Ultimotive,Automotive,Ultimotive,,Automotive,ultimotive
McLaren,2021,NEW ERA,Apparel,NEW ERA,,Apparel & Sportswear,newera
McLaren,2021,FAI Aviation Group,Aviation,FAI Aviation Group,,"Travel, Hospitality & Logistics",faiaviationgroup
McLaren,2021,Buzz & Co,Marketing,Buzz & Co,,Media & Entertainment,buzzco
McLaren,2021,Cisco Webex,Technology,Cisco Webex,,Technology,ciscowebex
McLaren,2021,Miory Steel,Industrial,Miory Steel,,Industrial & Aerospace,miorysteel
McLaren,2021,Garena,Technology,Garena,,Technology,garena
McLaren,2021,AkzoNobel-Sikkens,Industrial,AkzoNobel-Sikkens,,Industrial & Aerospace,akzonobelsikkens
McLaren,2021,Logitech G,Technology,Logitech G,,Technology,logitechg
McLaren,2021,QNTMPAY,Finance,QNTMPAY,,Financial Services,qntmpay
McLaren,2021,Bitci.com,Cryptocurrency,Bitci.com,,Crypto & Web3,bitcicom
McLaren,2021,Pirelli,Automotive,Pirelli,,Automotive,pirelli
Mercedes,2021,Petronas,Energy/Oil,Petronas,,Energy,petronas
Mercedes,2021,INEOS,Chemicals,INEOS,,Industrial & Aerospace,ineos
Mercedes,2021,UBS,Finance,UBS,,Financial Services,ubs
Mercedes,2021,Epson,Technology,Epson,,Technology,epson
Mercedes,2021,Bose,Consumer Electronics,Bose,,Technology,bose
Mercedes,2021,Tommy Hilfiger,Fashion,Tommy Hilfiger,,Luxury & Fashion,tommyhilfiger
Mercedes,2021,IWC,Luxury Watches,IWC,,Luxury Watches,iwc
Mercedes,2021,Hewlett Packard,Technology,Hewlett Packard,,Technology,hewlettpackard
Mercedes,2021,The Ritz-Carlton,Hospitality,The Ritz-Carlton,,"Travel, Hospitality & Logistics",theritzcarlton
Mercedes,2021,Monster Energy,Beverages/Food,Monster Energy,,Food & Beverage,monsterenergy
Mercedes,2021,Pure Storage,Technology,Pure Storage,,Technology,purestorage
Mercedes,2021,CrowdStrike,Cybersecurity,CrowdStrike,,Cybersecurity,crowdstrike
Mercedes,2021,TIBCO,Technology,TIBCO,,Technology,tibco
Mercedes,2021,AMD,Technology,AMD,,Technology,amd
Mercedes,2021,Puma,Apparel,Puma,,Apparel & Sportswear,puma
Mercedes,2021,Police,Fashion,Police,,Luxury & Fashion,policeeyewear
Mercedes,2021,OZ Racing,Automotive,OZ Racing,,Automotive,ozracing
Mercedes,2021,Endless,Automotive,Endless,,Automotive,endless
Mercedes,2021,Axalta,Industrial,Axalta,,Industrial & Aerospace,axalta
Mercedes,2021,Belstaff,Fashion,Belstaff,,Luxury & Fashion,belstaff
Mercedes,2021,Marriott Bonvoy,Hospitality,Marriott Bonvoy,,"Travel, Hospitality & Logistics",marriottbonvoy
Mercedes,2021,TeamViewer,Technology,TeamViewer,,Technology,teamviewer
Mercedes,2021,Pirelli,Automotive,Pirelli,,Automotive,pirelli
RB/AlphaTauri/Toro Rosso,2021,myWorld,Finance,myWorld,,Financial Services,myworld
RB/AlphaTauri/Toro Rosso,2021,Edifice Casio,Consumer Electronics,Edifice Casio,,Technology,edificecasio
RB/AlphaTauri/Toro Rosso,2021,AlphaTauri,Apparel,AlphaTauri,,Apparel & Sportswear,alphatauri
RB/AlphaTauri/Toro Rosso,2021,Honda,Automotive,Honda,,Automotive,honda
RB/AlphaTauri/Toro Rosso,2021,Randstad,Staffing,Randstad,,Business Services,randstad
RB/AlphaTauri/Toro Rosso,2021,Pirelli,Automotive,Pirelli,,Automotive,pirelli
RB/AlphaTauri/Toro Rosso,2021,RDS,Technology,RDS,,Technology,rds
RB/AlphaTauri/Toro Rosso,2021,Riedel,Technology,Riedel,,Technology,riedel
RB/AlphaTauri/Toro Rosso,2021,Siemens,Industrial,Siemens,,Industrial & Aerospace,siemens
RB/AlphaTauri/Toro Rosso,2021,DAZN,Media,DAZN,,Media & Entertainment,dazn
Red Bull Racing,2021,Rauch,Beverages/Food,Rauch,,Food & Beverage,rauch
Red Bull Racing,2021,Honda,Automotive,Honda,,Automotive,honda
Red Bull Racing,2021,Mobil 1 Esso,Energy/Oil,Mobil 1 Esso,,Energy,mobil1esso
Red Bull Racing,2021,Puma,Apparel,Puma,,Apparel & Sportswear,puma
Red Bull Racing,2021,Tag Heuer,Luxury Watches,Tag Heuer,,Luxury Watches,tagheuer
Red Bull Racing,2021,Citrix,Technology,Citrix,,Technology,citrix
Red Bull Racing,2021,Siemens,Industrial,Siemens,,Industrial & Aerospace,siemens
Red Bull Racing,2021,AT&T,Telecom,AT&T,,Telecom,att
Red Bull Racing,2021,Inter,Finance,Inter,,Financial Services,intermx
Red Bull Racing,2021,Hewlett Packard,Technology,Hewlett Packard,,Technology,hewlettpackard
Red Bull Racing,2021,Telcel,Telecom,Telcel,,Telecom,telcel
Red Bull Racing,2021,Iris,Technology,Iris,,Technology,iris
Red Bull Racing,2021,AlphaTauri,Apparel,AlphaTauri,,Apparel & Sportswear,alphatauri
Red Bull Racing,2021,Hexagon,Technology,Hexagon,,Technology,hexagon
Red Bull Racing,2021,DMG Mori,Industrial,DMG Mori,,Industrial & Aerospace,dmgmori
Red Bull Racing,2021,Ansys,Technology,Ansys,,Technology,ansys
Red Bull Racing,2021,Sabelt,Automotive,Sabelt,,Automotive,sabelt
Red Bull Racing,2021,OZ Racing,Automotive,OZ Racing,,Automotive,ozracing
Red Bull Racing,2021,PWR,Automotive,PWR,,Automotive,pwr
Red Bull Racing,2021,Gold Standard,Finance,Gold Standard,,Financial Services,goldstandard
Red Bull Racing,2021,PRECOR,Fitness,PRECOR,,Apparel & Sportswear,precor
Red Bull Racing,2021,Oura,Technology,Oura,,Technology,oura
Red Bull Racing,2021,Claro,Telecom,Claro,,Telecom,claro
Red Bull Racing,2021,America Movil,Telecom,America Movil,,Telecom,americamovil
Red Bull Racing,2021,Therabody,Fitness,Therabody,,Apparel & Sportswear,therabody
Red Bull Racing,2021,Oracle,Technology,Oracle,,Technology,oracle
Red Bull Racing,2021,Walmart,Retail,Walmart,,Consumer Goods & Retail,walmart
Red Bull Racing,2021,Pirelli,Automotive,Pirelli,,Automotive,pirelli
Sauber/Alfa Romeo,2021,Alfa Romeo,Automotive,Alfa Romeo,,Automotive,alfaromeo
Sauber/Alfa Romeo,2021,PKN Orlen,Energy/Oil,PKN Orlen,,Energy,pknorlen
Sauber/Alfa Romeo,2021,Adler Pelzer Group,Industrial,Adler Pelzer Group,,Industrial & Aerospace,adlerpelzergroup
Sauber/Alfa Romeo,2021,Acer,Technology,Acer,,Technology,acer
Sauber/Alfa Romeo,2021,Built for Athletes,Apparel,Built for Athletes,,Apparel & Sportswear,builtforathletes
Sauber/Alfa Romeo,2021,Carrera,Consumer Goods,Carrera,,Consumer Goods & Retail,carrera
Sauber/Alfa Romeo,2021,Singha,Beverages/Food,Singha,,Food & Beverage,singha
Sauber/Alfa Romeo,2021,Additive Industries,Industrial,Additive Industries,,Industrial & Aerospace,additiveindustries
Sauber/Alfa Romeo,2021,IQONIQ,Apparel,IQONIQ,,Apparel & Sportswear,iqoniq
Sauber/Alfa Romeo,2021,Iveco,Automotive,Iveco,,Automotive,iveco
Sauber/Alfa Romeo,2021,Livinguard,Health,Livinguard,,Other,livinguard
Sauber/Alfa Romeo,2021,Marelli,Automotive,Marelli,,Automotive,marelli
Sauber/Alfa Romeo,2021,Mitsubishi Electric,Industrial,Mitsubishi Electric,,Industrial & Aerospace,mitsubishielectric
Sauber/Alfa Romeo,2021,Pirelli,Automotive,Pirelli,,Automotive,pirelli
Sauber/Alfa Romeo,2021,Save the Children,Nonprofit,Save the Children,,Other,savethechildren
Sauber/Alfa Romeo,2021,Sparco,Automotive,Sparco,,Automotive,sparco
Sauber/Alfa Romeo,2021,Walter Meier,Industrial,Walter Meier,,Industrial & Aerospace,waltermeier
Sauber/Alfa Romeo,2021,Zadara,Technology,Zadara,,Technology,zadara
Sauber/Alfa Romeo,2021,AB Dynamics,Technology,AB Dynamics,,Technology,abdynamics
Sauber/Alfa Romeo,2021,Brutsch-Ruegger,Industrial,Brutsch-Ruegger,,Industrial & Aerospace,brutschruegger
Sauber/Alfa Romeo,2021,Riedel,Technology,Riedel,,Technology,riedel
Williams,2021,Sofina,Investment,Sofina,,Financial Services,sofina
Williams,2021,Lavazza,Beverages/Food,Lavazza,,Food & Beverage,lavazza
Williams,2021,Acronis,Cybersecurity,Acronis,,Cybersecurity,acronis
Williams,2021,Versa,Technology,Versa,,Technology,versa
Williams,2021,Financial Times,Media,Financial Times,,Media & Entertainment,financialtimes
Williams,2021,PONOS,Technology,PONOS,,Technology,ponos
Williams,2021,Symantec,Cybersecurity,Symantec,,Cybersecurity,symantec
Williams,2021,IQONIQ,Apparel,IQONIQ,,Apparel & Sportswear,iqoniq
Williams,2021,Pirelli,Automotive,Pirelli,,Automotive,pirelli
Williams,2021,Umbro,Apparel,Umbro,,Apparel & Sportswear,umbro
Williams,2021,PPG,Industrial,PPG,,Industrial & Aerospace,ppg
Williams,2021,Thales,Aerospace,Thales,,Industrial & Aerospace,thales
Williams,2021,Precision Hydration,Beverages/Food,Precision Hydration,,Food & Beverage,precisionhydration
Williams,2021,Crew Clothing,Apparel,Crew Clothing,,Apparel & Sportswear,crewclothingcompany
Williams,2021,U-Earth,Consumer Goods,U-Earth,,Consumer Goods & Retail,uearth
Williams,2021,Life Fitness,Fitness,Life Fitness,,Apparel & Sportswear,lifefitness
Williams,2021,Spinal Injuries Association (sia),Nonprofit,Spinal Injuries Association (sia),,Other,spinalinjuriesassociationsia
Williams,2021,Honibe,Consumer Goods,Honibe,,Consumer Goods & Retail,honibe
Williams,2021,Bremont,Luxury Watches,Bremont,,Luxury Watches,bremont
Williams,2021,Zeiss,Technology,Zeiss,,Technology,zeiss
Williams,2021,KX,Technology,KX,,Technology,kx
Williams,2021,DTEX,Cybersecurity,DTEX,,Cybersecurity,dtex
Williams,2021,B&R,Technology,B&R,,Technology,br
Williams,2021,Nexa 3D,Technology,Nexa 3D,,Technology,nexa3d
Williams,2021,OMP,Automotive,OMP,,Automotive,omp
Alpine/Renault,2022,BWT,Water Technology,BWT,,Industrial & Aerospace,bwt
Alpine/Renault,2022,Castrol,Energy/Oil,Castrol,,Energy,castrol
Alpine/Renault,2022,British Petroleum,Energy/Oil,British Petroleum,,Energy,britishpetroleum
Alpine/Renault,2022,RCI Bank and Services,Finance,RCI Bank and Services,,Financial Services,rcibankandservices
Alpine/Renault,2022,Mapfre,Insurance,Mapfre,,Financial Services,mapfre
Alpine/Renault,2022,Renault E-Tech,Automotive,Renault E-Tech,,Automotive,renaultetech
Alpine/Renault,2022,Microsoft,Technology,Microsoft,,Technology,microsoft
Alpine/Renault,2022,Mandiant,Cybersecurity,Mandiant,,Cybersecurity,mandiant
Alpine/Renault,2022,Binance,Crypto/Web3,Binance,,Crypto & Web3,binance
Alpine/Renault,2022,Dupont,Chemicals,Dupont,,Industrial & Aerospace,dupont
Alpine/Renault,2022,Plug Power,Energy,Plug Power,,Energy,plugpower
Alpine/Renault,2022,Delphi Technologies,Automotive,Delphi Technologies,,Automotive,delphi
Alpine/Renault,2022,Data.ai,Technology,Data.ai,,Technology,dataai
Alpine/Renault,2022,Bell and Ross,Luxury Watches,Bell and Ross,,Luxury Watches,bellross
Alpine/Renault,2022,Kappa,Apparel,Kappa,,Apparel & Sportswear,kappa
Alpine/Renault,2022,Sprinklr,Technology,Sprinklr,,Technology,sprinklr
Alpine/Renault,2022,Boeing,Aerospace,Boeing,,Industrial & Aerospace,boeing
Alpine/Renault,2022,Genii,Investment,Genii,,Financial Services,geniicapital
Alpine/Renault,2022,Eurodatacar,Technology,Eurodatacar,,Technology,eurodatacar
Alpine/Renault,2022,Perkin Elmer,Life Sciences,Perkin Elmer,,Other,perkinelmer
Alpine/Renault,2022,Shamir,Consumer Goods,Shamir,,Consumer Goods & Retail,shamir
Alpine/Renault,2022,Siemens,Industrial,Siemens,,Industrial & Aerospace,siemens
Alpine/Renault,2022,Yahoo,Media,Yahoo,,Media & Entertainment,yahoo
Alpine/Renault,2022,3D Systems,Technology,3D Systems,,Technology,3dsystems
Alpine/Renault,2022,AlpineStars,Apparel,AlpineStars,,Apparel & Sportswear,alpinestars
Alpine/Renault,2022,Alpine Eyewear,Fashion,Alpine Eyewear,,Luxury & Fashion,alpineeyewear
Alpine/Renault,2022,Elysium,Technology,Elysium,,Technology,elysium
Alpine/Renault,2022,GCaps,Technology,GCaps,,Technology,gcaps
Alpine/Renault,2022,Hexis,Industrial,Hexis,,Industrial & Aerospace,hexis
Alpine/Renault,2022,KX,Technology,KX,,Technology,kx
Alpine/Renault,2022,K-Way,Apparel,K-Way,,Apparel & Sportswear,kway
Alpine/Renault,2022,Linde,Industrial,Linde,,Industrial & Aerospace,linde
Alpine/Renault,2022,Matrix,Technology,Matrix,,Technology,matrix
Alpine/Renault,2022,Roland,Technology,Roland,,Technology,roland
Alpine/Renault,2022,Trak Racer,Consumer Goods,Trak Racer,,Consumer Goods & Retail,trackracer
Alpine/Renault,2022,Volume Graphics,Technology,Volume Graphics,,Technology,volumegraphics
Aston Martin/Racing Point/Force India,2022,Cognizant,Technology,Cognizant,,Technology,cognizant
Aston Martin/Racing Point/Force India,2022,Aramco,Energy/Oil,Aramco,,Energy,aramco
Aston Martin/Racing Point/Force India,2022,Peroni 0.0,Beverages/Food,Peroni 0.0,,Food & Beverage,peroni00
Aston Martin/Racing Point/Force India,2022,Crypto.com,Crypto/Web3,Crypto.com,,Crypto & Web3,cryptocom
Aston Martin/Racing Point/Force India,2022,JCB,Industrial,JCB,,Industrial & Aerospace,jcb
Aston Martin/Racing Point/Force India,2022,NetApp,Technology,NetApp,,Technology,netapp
Aston Martin/Racing Point/Force India,2022,Sentinel One,Cybersecurity,Sentinel One,,Cybersecurity,sentinelone
Aston Martin/Racing Point/Force India,2022,Juniper Networks,Technology,Juniper Networks,,Technology,junipernetworks
Aston Martin/Racing Point/Force India,2022,EPOS,Consumer Electronics,EPOS,,Technology,epos
Aston Martin/Racing Point/Force India,2022,Girard-Perregaux,Luxury Watches,Girard-Perregaux,,Luxury Watches,girardperregaux
Aston Martin/Racing Point/Force India,2022,Socios,Crypto/Web3,Socios,,Crypto & Web3,socioscom
Aston Martin/Racing Point/Force India,2022,Pirelli,Automotive,Pirelli,,Automotive,pirelli
Aston Martin/Racing Point/Force India,2022,Bombardier,Aerospace,Bombardier,,Industrial & Aerospace,bombardier
Aston Martin/Racing Point/Force India,2022,TikTok,Media,TikTok,,Media & Entertainment,tiktok
Aston Martin/Racing Point/Force India,2022,Oakley,Fashion,Oakley,,Luxury & Fashion,oakley
Aston Martin/Racing Point/Force India,2022,Ogio,Travel/Luggage,Ogio,,Luxury & Fashion,ogio
Aston Martin/Racing Point/Force India,2022,Hackett London,Fashion,Hackett London,,Luxury & Fashion,hackettlondon
Aston Martin/Racing Point/Force India,2022,IFS,Technology,IFS,,Technology,ifs
Aston Martin/Racing Point/Force India,2022,Altair,Technology,Altair,,Technology,altair
Aston Martin/Racing Point/Force India,2022,Ebb,Technology,Ebb,,Technology,ebb3
Aston Martin/Racing Point/Force India,2022,STL,Technology,STL,,Technology,stl
Aston Martin/Racing Point/Force India,2022,Pelmar,Technology,Pelmar,,Technology,pelmark
Aston Martin/Racing Point/Force India,2022,Voip Unlimited,Telecom,Voip Unlimited,,Telecom,voipunlimited
Aston Martin/Racing Point/Force India,2022,AlpineStars,Apparel,AlpineStars,,Apparel & Sportswear,alpinestars
Aston Martin/Racing Point/Force India,2022,Schuberth,Automotive,Schuberth,,Automotive,schuberth
Ferrari,2022,Shell,Energy/Oil,Shell,,Energy,shell
Ferrari,2022,Santander,Finance,Santander,,Financial Services,santander
Ferrari,2022,Velas,Crypto/Web3,Velas,,Crypto & Web3,velas
Ferrari,2022,Snapdragon,Technology,Snapdragon,,Technology,snapdragon
Ferrari,2022,Ray-Ban,Fashion,Ray-Ban,,Luxury & Fashion,rayban
Ferrari,2022,Amazon Web Services,Technology,Amazon Web Services,,Technology,amazonwebservices
Ferrari,2022,Richard Mille,Luxury Watches,Richard Mille,,Luxury Watches,richardmille
Ferrari,2022,Ceva Logistics,Logistics,Ceva Logistics,,"Travel, Hospitality & Logistics",cevalogistics
Ferrari,2022,Estrella Galicia,Beverages/Food,Estrella Galicia,,Food & Beverage,estrellagalicia
Ferrari,2022,Palantir,Technology,Palantir,,Technology,palantir
Ferrari,2022,OMR,Media,OMR,,Media & Entertainment,omr
Ferrari,2022,Puma,Apparel,Puma,,Apparel & Sportswear,puma
Ferrari,2022,Kaspersky,Cybersecurity,Kaspersky,,Cybersecurity,kaspersky
Ferrari,2022,RadioBook,Media,RadioBook,,Media & Entertainment,radiobook
Ferrari,2022,VistaJet,Aviation,VistaJet,,"Travel, Hospitality & Logistics",vistajet
Ferrari,2022,Giorgio Armani,Fashion,Giorgio Armani,,Luxury & Fashion,giorgioarmani
Ferrari,2022,Mahle,Automotive,Mahle,,Automotive,mahle
Ferrari,2022,Pirelli,Automotive,Pirelli,,Automotive,pirelli
Ferrari,2022,SKF,Industrial,SKF,,Industrial & Aerospace,skf
Ferrari,2022,NGK Spark Plugs,Automotive,NGK Spark Plugs,,Automotive,ngksparkplugs
Ferrari,2022,Brembo,Automotive,Brembo,,Automotive,brembo
Ferrari,2022,Manpower Group,Staffing,Manpower Group,,Business Services,manpowergroup
Ferrari,2022,Techno Gym,Fitness,Techno Gym,,Apparel & Sportswear,technogym
Ferrari,2022,Iveco,Automotive,Iveco,,Automotive,iveco
Ferrari,2022,Bell Helmets,Automotive,Bell Helmets,,Automotive,bell
Ferrari,2022,Riedel,Technology,Riedel,,Technology,riedel
Ferrari,2022,Garrett,Automotive,Garrett,,Automotive,garrett
Ferrari,2022,Sabelt,Automotive,Sabelt,,Automotive,sabelt
Ferrari,2022,Qualcomm Technologies,Technology,Qualcomm Technologies,,Technology,qualcommtechnologies
Haas,2022,1&1,Telecom,1&1,,Telecom,11
Haas,2022,AlpineStars,Apparel,AlpineStars,,Apparel & Sportswear,alpinestars
Haas,2022,Cyrus,Technology,Cyrus,,Technology,cyrus
Haas,2022,Home Deluxe,Home & Living,Home Deluxe,,Consumer Goods & Retail,homedeluxe
Haas,2022,Ionos,Technology,Ionos,,Technology,ionos
Haas,2022,Maui Jim,Fashion,Maui Jim,,Luxury & Fashion,mauijim
Haas,2022,Pirelli,Automotive,Pirelli,,Automotive,pirelli
Haas,2022,Schuberth,Automotive,Schuberth,,Automotive,schuberth
Haas,2022,Taittinger,Beverages/Food,Taittinger,,Food & Beverage,taittinger
Haas,2022,Tricorp WorkWear,Apparel,Tricorp WorkWear,,Apparel & Sportswear,tricorpworkwear
Haas,2022,Under Armour,Apparel,Under Armour,,Apparel & Sportswear,underarmour
McLaren,2022,British American Tobacco,Tobacco,British American Tobacco,,Other,britishamericantobaccoabettertomorrow
McLaren,2022,Dell Technologies,Technology,Dell Technologies,,Technology,delltechnologies
McLaren,2022,Dark Trace,Cybersecurity,Dark Trace,,Cybersecurity,darktrace
McLaren,2022,Arrow,Technology,Arrow,,Technology,arrowelectronics
McLaren,2022,Tezos,Crypto/Web3,Tezos,,Crypto & Web3,tezos
McLaren,2022,Webex,Technology,Webex,,Technology,webex
McLaren,2022,Unilever,Consumer Goods,Unilever,,Consumer Goods & Retail,unilever
McLaren,2022,Splunk,Technology,Splunk,,Technology,splunk
McLaren,2022,Stanley Black and Decker,Industrial,Stanley Black and Decker,,Industrial & Aerospace,stanleyblackanddecker
McLaren,2022,Alteryx Analytics,Technology,Alteryx Analytics,,Technology,alteryx
McLaren,2022,SmartSheet,Technology,SmartSheet,,Technology,smartsheet
McLaren,2022,Data Robot,Technology,Data Robot,,Technology,datarobot
McLaren,2022,Gulf,Energy/Oil,Gulf,,Energy,gulf
McLaren,2022,GoPuff,Retail,GoPuff,,Consumer Goods & Retail,gopuff
McLaren,2022,Coca-Cola,Beverages/Food,Coca-Cola,,Food & Beverage,cocacola
McLaren,2022,CNBC,Media,CNBC,,Media & Entertainment,cnbc
McLaren,2022,FxPro,Finance,FxPro,,Financial Services,fxpro
McLaren,2022,Party Casino,Gambling/Betting,Party Casino,,Other,partycasino
McLaren,2022,Hilton,Hospitality,Hilton,,"Travel, Hospitality & Logistics",hilton
McLaren,2022,Medallia,Technology,Medallia,,Technology,medallia
McLaren,2022,Castore,Apparel,Castore,,Apparel & Sportswear,castore
McLaren,2022,Richard Mille,Luxury Watches,Richard Mille,,Luxury Watches,richardmille
McLaren,2022,Easy Post,Logistics,Easy Post,,"Travel, Hospitality & Logistics",easypost
McLaren,2022,Free Fire,Gaming/Esports,Free Fire,,Media & Entertainment,freefire
McLaren,2022,Immersive Labs,Technology,Immersive Labs,,Technology,immersivelabs
McLaren,2022,Klipsch,Consumer Electronics,Klipsch,,Technology,klipsch
McLaren,2022,Tumi,Fashion,Tumi,,Luxury & Fashion,tumi
McLaren,2022,Deloitte,Professional Services,Deloitte,,Business Services,deloitte
McLaren,2022,Sikkens,Industrial,Sikkens,,Industrial & Aerospace,sikkens
McLaren,2022,Mind,Technology,Mind,,Technology,mind
McLaren,2022,Sparco,Automotive,Sparco,,Automotive,sparco
McLaren,2022,Logitech,Technology,Logitech,,Technology,logitech
McLaren,2022,SunGod,Fashion,SunGod,,Luxury & Fashion,sungod
McLaren,2022,FAI Aviation Group,Aviation,FAI Aviation Group,,"Travel, Hospitality & Logistics",faiaviationgroup
McLaren,2022,Ashurst,Legal,Ashurst,,Business Services,ashurst
McLaren,2022,Pirelli,Automotive,Pirelli,,Automotive,pirelli
McLaren,2022,Mazak,Industrial,Mazak,,Industrial & Aerospace,mazak
McLaren,2022,Stratasys,Technology,Stratasys,,Technology,stratasys
McLaren,2022,Kaust,Education,Kaust,,Business Services,kaust
McLaren,2022,TechnoGym,Fitness,TechnoGym,,Apparel & Sportswear,technogym
McLaren,2022,Hookit,Technology,Hookit,,Technology,hookit
McLaren,2022,Merchants,Retail,Merchants,,Consumer Goods & Retail,merchants
McLaren,2022,AlienWare,Technology,AlienWare,,Technology,alienware
McLaren,2022,Veloce Esports,Esports,Veloce Esports,,Media & Entertainment,veloceesports
McLaren,2022,New Era,Apparel,New Era,,Apparel & Sportswear,newera
Mercedes,2022,Petronas,Energy/Oil,Petronas,,Energy,petronas
Mercedes,2022,Ineos,Chemicals,Ineos,,Industrial & Aerospace,ineos
Mercedes,2022,UBS,Finance,UBS,,Financial Services,ubs
Mercedes,2022,TeamViewer,Technology,TeamViewer,,Technology,teamviewer
Mercedes,2022,CrowdStrike,Cybersecurity,CrowdStrike,,Cybersecurity,crowdstrike
Mercedes,2022,FTX,Crypto/Web3,FTX,,Crypto & Web3,ftx
Mercedes,2022,Hewlett Packard,Technology,Hewlett Packard,,Technology,hewlettpackard
Mercedes,2022,IWC Schaffhausen,Luxury Watches,IWC Schaffhausen,,Luxury Watches,iwcschaffhausen
Mercedes,2022,Marriott Bonvoy,Hospitality,Marriott Bonvoy,,"Travel, Hospitality & Logistics",marriottbonvoy
Mercedes,2022,AMD,Technology,AMD,,Technology,amd
Mercedes,2022,Monster Energy,Beverages/Food,Monster Energy,,Food & Beverage,monsterenergy
Mercedes,2022,Pure Storage,Technology,Pure Storage,,Technology,purestorage
Mercedes,2022,Tommy Hilfiger,Fashion,Tommy Hilfiger,,Luxury & Fashion,tommyhilfiger
Mercedes,2022,TIBCO,Technology,TIBCO,,Technology,tibco
Mercedes,2022,Puma,Apparel,Puma,,Apparel & Sportswear,puma
Mercedes,2022,Police Eyewear,Fashion,Police Eyewear,,Luxury & Fashion,policeeyewear
Mercedes,2022,OZ Racing,Automotive,OZ Racing,,Automotive,ozracing
Mercedes,2022,Endless,Automotive,Endless,,Automotive,endless
Mercedes,2022,Axalta,Industrial,Axalta,,Industrial & Aerospace,axalta
Mercedes,2022,Belstaff,Fashion,Belstaff,,Luxury & Fashion,belstaff
Mercedes,2022,Pirelli,Automotive,Pirelli,,Automotive,pirelli
RB/AlphaTauri/Toro Rosso,2022,Alpha Tauri,Apparel,Alpha Tauri,,Apparel & Sportswear,alphatauri
RB/AlphaTauri/Toro Rosso,2022,Honda,Automotive,Honda,,Automotive,honda
RB/AlphaTauri/Toro Rosso,2022,Fantom,Crypto/Web3,Fantom,,Crypto & Web3,fantom
RB/AlphaTauri/Toro Rosso,2022,Epicor,Technology,Epicor,,Technology,epicor
RB/AlphaTauri/Toro Rosso,2022,Randstad,Staffing,Randstad,,Business Services,randstad
RB/AlphaTauri/Toro Rosso,2022,ICM.com,Finance,ICM.com,,Financial Services,icmcom
RB/AlphaTauri/Toro Rosso,2022,FlexBox,Technology,FlexBox,,Technology,flexbox
RB/AlphaTauri/Toro Rosso,2022,Pirelli,Automotive,Pirelli,,Automotive,pirelli
RB/AlphaTauri/Toro Rosso,2022,DAZN,Media,DAZN,,Media & Entertainment,dazn
RB/AlphaTauri/Toro Rosso,2022,Ravenol,Energy/Oil,Ravenol,,Energy,ravenol
RB/AlphaTauri/Toro Rosso,2022,Riedel,Technology,Riedel,,Technology,riedel
RB/AlphaTauri/Toro Rosso,2022,Siemens,Industrial,Siemens,,Industrial & Aerospace,siemens
Red Bull Racing,2022,Oracle,Technology,Oracle,,Technology,oracle
Red Bull Racing,2022,Puma,Apparel,Puma,,Apparel & Sportswear,puma
Red Bull Racing,2022,Tag Heuer,Luxury Watches,Tag Heuer,,Luxury Watches,tagheuer
Red Bull Racing,2022,Telcel,Telecom,Telcel,,Telecom,telcel
Red Bull Racing,2022,Mobil1,Energy/Oil,Mobil1,,Energy,mobil1
Red Bull Racing,2022,Tezos,Crypto/Web3,Tezos,,Crypto & Web3,tezos
Red Bull Racing,2022,Bybit,Crypto/Web3,Bybit,,Crypto & Web3,bybit
Red Bull Racing,2022,Honda,Automotive,Honda,,Automotive,honda
Red Bull Racing,2022,Claro,Telecom,Claro,,Telecom,claro
Red Bull Racing,2022,Rauch,Beverages/Food,Rauch,,Food & Beverage,rauch
Red Bull Racing,2022,Citrix,Technology,Citrix,,Technology,citrix
Red Bull Racing,2022,Poly,Technology,Poly,,Technology,poly
Red Bull Racing,2022,Armor All,Automotive,Armor All,,Automotive,armorall
Red Bull Racing,2022,Cash App,Finance,Cash App,,Financial Services,cashapp
Red Bull Racing,2022,Arctic Wolf,Cybersecurity,Arctic Wolf,,Cybersecurity,arcticwolf
Red Bull Racing,2022,Hewlett Packard,Technology,Hewlett Packard,,Technology,hewlettpackard
Red Bull Racing,2022,Inter.mx,Finance,Inter.mx,,Financial Services,intermx
Red Bull Racing,2022,AT&T,Telecom,AT&T,,Telecom,att
Red Bull Racing,2022,Siemens,Industrial,Siemens,,Industrial & Aerospace,siemens
Red Bull Racing,2022,PokerStars,Gambling/Betting,PokerStars,,Other,pokerstars
Red Bull Racing,2022,Therabody,Fitness,Therabody,,Apparel & Sportswear,therabody
Red Bull Racing,2022,Pirelli,Automotive,Pirelli,,Automotive,pirelli
Red Bull Racing,2022,AlphaTauri,Apparel,AlphaTauri,,Apparel & Sportswear,alphatauri
Red Bull Racing,2022,DMG Mori,Industrial,DMG Mori,,Industrial & Aerospace,dmgmori
Red Bull Racing,2022,Hexagon,Technology,Hexagon,,Technology,hexagon
Red Bull Racing,2022,PWR,Automotive,PWR,,Automotive,pwr
Red Bull Racing,2022,Ansys,Technology,Ansys,,Technology,ansys
Red Bull Racing,2022,Gold Standard,Finance,Gold Standard,,Financial Services,goldstandard
Red Bull Racing,2022,Sabelt,Automotive,Sabelt,,Automotive,sabelt
Red Bull Racing,2022,Ocean Bottle,Consumer Goods,Ocean Bottle,,Consumer Goods & Retail,oceanbottle
Red Bull Racing,2022,Walmart,Retail,Walmart,,Consumer Goods & Retail,walmart
Sauber/Alfa Romeo,2022,PKN Orlen,Energy/Oil,PKN Orlen,,Energy,pknorlen
Sauber/Alfa Romeo,2022,Adler,Industrial,Adler,,Industrial & Aerospace,adlerpelzergroup
Sauber/Alfa Romeo,2022,Acer,Technology,Acer,,Technology,acer
Sauber/Alfa Romeo,2022,Accelleron,Industrial,Accelleron,,Industrial & Aerospace,acceleron
Sauber/Alfa Romeo,2022,AMX,Technology,AMX,,Technology,amx
Sauber/Alfa Romeo,2022,Camozzi,Industrial,Camozzi,,Industrial & Aerospace,camozzi
Sauber/Alfa Romeo,2022,Code Zero,Apparel,Code Zero,,Apparel & Sportswear,codezero
Sauber/Alfa Romeo,2022,Delsey,Travel/Luggage,Delsey,,Luxury & Fashion,delsey
Sauber/Alfa Romeo,2022,DRF Bets,Gambling/Betting,DRF Bets,,Other,drfbets
Sauber/Alfa Romeo,2022,Singha,Beverages/Food,Singha,,Food & Beverage,singha
Sauber/Alfa Romeo,2022,Additive Industries,Industrial,Additive Industries,,Industrial & Aerospace,additiveindustries
Sauber/Alfa Romeo,2022,Ferrari Trento,Beverages/Food,Ferrari Trento,,Food & Beverage,ferraritrento
Sauber/Alfa Romeo,2022,Floki,Crypto/Web3,Floki,,Crypto & Web3,floki
Sauber/Alfa Romeo,2022,Globeair,Aviation,Globeair,,"Travel, Hospitality & Logistics",globeair
Sauber/Alfa Romeo,2022,Hyland,Technology,Hyland,,Technology,hyland
Sauber/Alfa Romeo,2022,Iveco,Automotive,Iveco,,Automotive,iveco
Sauber/Alfa Romeo,2022,Marelli,Automotive,Marelli,,Automotive,marelli
Sauber/Alfa Romeo,2022,Mitsubishi Electric,Industrial,Mitsubishi Electric,,Industrial & Aerospace,mitsubishielectric
Sauber/Alfa Romeo,2022,Modere,Consumer Goods,Modere,,Consumer Goods & Retail,modere
Sauber/Alfa Romeo,2022,Pirelli,Automotive,Pirelli,,Automotive,pirelli
Sauber/Alfa Romeo,2022,Puma,Apparel,Puma,,Apparel & Sportswear,puma
Sauber/Alfa Romeo,2022,Rebellion,Luxury Watches,Rebellion,,Luxury Watches,rebellion
Sauber/Alfa Romeo,2022,Sabelt,Automotive,Sabelt,,Automotive,sabelt
Sauber/Alfa Romeo,2022,Save the Children,Nonprofit,Save the Children,,Other,savethechildren
Sauber/Alfa Romeo,2022,Socios,Crypto/Web3,Socios,,Crypto & Web3,socioscom
Sauber/Alfa Romeo,2022,Walter Meier,Industrial,Walter Meier,,Industrial & Aerospace,waltermeier
Sauber/Alfa Romeo,2022,Web Eyewear,Fashion,Web Eyewear,,Luxury & Fashion,webeyewear
Sauber/Alfa Romeo,2022,Zadara,Technology,Zadara,,Technology,zadara
Sauber/Alfa Romeo,2022,ZCG,Finance,ZCG,,Financial Services,zcg
Williams,2022,Sofina,Investment,Sofina,,Financial Services,sofina
Williams,2022,Lavazza,Beverages/Food,Lavazza,,Food & Beverage,lavazza
Williams,2022,Duracell,Consumer Goods,Duracell,,Consumer Goods & Retail,duracell
Williams,2022,Acronis,Cybersecurity,Acronis,,Cybersecurity,acronis
Williams,2022,Dorilton Ventures,Investment,Dorilton Ventures,,Financial Services,doriltonventures
Williams,2022,Versa,Technology,Versa,,Technology,versa
Williams,2022,Honibe,Consumer Goods,Honibe,,Consumer Goods & Retail,honibe
Williams,2022,Financial Times,Media,Financial Times,,Media & Entertainment,financialtimes
Williams,2022,Symantec,Cybersecurity,Symantec,,Cybersecurity,symantec
Williams,2022,Bremont,Luxury Watches,Bremont,,Luxury Watches,bremont
Williams,2022,Pirelli,Automotive,Pirelli,,Automotive,pirelli
Williams,2022,Umbro,Apparel,Umbro,,Apparel & Sportswear,umbro
Williams,2022,Zeiss,Technology,Zeiss,,Technology,zeiss
Williams,2022,Crew Clothing Company,Apparel,Crew Clothing Company,,Apparel & Sportswear,crewclothingcompany
Williams,2022,PPG,Industrial,PPG,,Industrial & Aerospace,ppg
Williams,2022,OMP,Automotive,OMP,,Automotive,omp
Williams,2022,KX,Technology,KX,,Technology,kx
Williams,2022,Nexa 3D,Technology,Nexa 3D,,Technology,nexa3d
Williams,2022,DTex,Cybersecurity,DTex,,Cybersecurity,dtex
Williams,2022,B&R,Technology,B&R,,Technology,br
Williams,2022,Mei,Technology,Mei,,Technology,mei
Williams,2022,Life Fitness,Fitness,Life Fitness,,Apparel & Sportswear,lifefitness
Williams,2022,That’s It,Beverages/Food,That’s It,,Food & Beverage,thatsit
Williams,2022,Sia,Nonprofit,Sia,,Other,sia
Williams,2022,Thales,Aerospace,Thales,,Industrial & Aerospace,thales
Alpine/Renault,2023,BWT,Water Technology,BWT,,Industrial & Aerospace,bwt
Alpine/Renault,2023,Castrol,Energy/Oil,Castrol,,Energy,castrol
Alpine/Renault,2023,BP Ultimate,Energy/Oil,BP Ultimate,,Energy,bpultimate
Alpine/Renault,2023,Renault E-Tech,Automotive,Renault E-Tech,,Automotive,renaultetech
Alpine/Renault,2023,Binance,Crypto/Web3,Binance,,Crypto & Web3,binance
Alpine/Renault,2023,Ecowatt,Energy,Ecowatt,,Energy,ecowatt
Alpine/Renault,2023,Mobilize Financial Services,Finance,Mobilize Financial Services,,Financial Services,mobilizefinancialservices
Alpine/Renault,2023,Microsoft,Technology,Microsoft,,Technology,microsoft
Alpine/Renault,2023,Plug,Energy,Plug,,Energy,plugpower
Alpine/Renault,2023,Bell & Ross,Luxury Watches,Bell & Ross,,Luxury Watches,bellross
Alpine/Renault,2023,Kappa,Apparel,Kappa,,Apparel & Sportswear,kappa
Alpine/Renault,2023,Sprinklr,Technology,Sprinklr,,Technology,sprinklr
Alpine/Renault,2023,Boeing,Aerospace,Boeing,,Industrial & Aerospace,boeing
Alpine/Renault,2023,Delphi,Automotive,Delphi,,Automotive,delphi
Alpine/Renault,2023,Eurodatacar,Technology,Eurodatacar,,Technology,eurodatacar
Alpine/Renault,2023,KWay,Apparel,KWay,,Apparel & Sportswear,kway
Alpine/Renault,2023,Shamir,Consumer Goods,Shamir,,Consumer Goods & Retail,shamir
Alpine/Renault,2023,Yahoo!,Media,Yahoo!,,Media & Entertainment,yahoo
Alpine/Renault,2023,3D Systems,Technology,3D Systems,,Technology,3dsystems
Alpine/Renault,2023,Alpinestars,Apparel,Alpinestars,,Apparel & Sportswear,alpinestars
Alpine/Renault,2023,Alpine Eyewear,Fashion,Alpine Eyewear,,Luxury & Fashion,alpineeyewear
Alpine/Renault,2023,Elysium,Technology,Elysium,,Technology,elysium
Alpine/Renault,2023,GCaps,Technology,GCaps,,Technology,gcaps
Alpine/Renault,2023,Hexis,Industrial,Hexis,,Industrial & Aerospace,hexis
Alpine/Renault,2023,KX,Technology,KX,,Technology,kx
Alpine/Renault,2023,Matrix,Technology,Matrix,,Technology,matrix
Alpine/Renault,2023,Perkin Elmer,Life Sciences,Perkin Elmer,,Other,perkinelmer
Alpine/Renault,2023,Pirelli,Automotive,Pirelli,,Automotive,pirelli
Alpine/Renault,2023,Roland,Technology,Roland,,Technology,roland
Alpine/Renault,2023,Track Racer,Consumer Goods,Track Racer,,Consumer Goods & Retail,trackracer
Alpine/Renault,2023,Canel’s,Beverages/Food,Canel’s,,Food & Beverage,canels
Aston Martin/Racing Point/Force India,2023,Cognizant,Technology,Cognizant,,Technology,cognizant
Aston Martin/Racing Point/Force India,2023,Aramco,Energy/Oil,Aramco,,Energy,aramco
Aston Martin/Racing Point/Force India,2023,XP,Finance,XP,,Financial Services,xp
Aston Martin/Racing Point/Force India,2023,SentinelOne,Cybersecurity,SentinelOne,,Cybersecurity,sentinelone
Aston Martin/Racing Point/Force India,2023,Citi,Finance,Citi,,Financial Services,citi
Aston Martin/Racing Point/Force India,2023,Crypto.com,Crypto/Web3,Crypto.com,,Crypto & Web3,cryptocom
Aston Martin/Racing Point/Force India,2023,Juniper Networks,Technology,Juniper Networks,,Technology,junipernetworks
Aston Martin/Racing Point/Force India,2023,Peroni 0.0,Beverages/Food,Peroni 0.0,,Food & Beverage,peroni00
Aston Martin/Racing Point/Force India,2023,JCB,Industrial,JCB,,Industrial & Aerospace,jcb
Aston Martin/Racing Point/Force India,2023,PortoSeguro,Insurance,PortoSeguro,,Financial Services,portoseguro
Aston Martin/Racing Point/Force India,2023,NetApp,Technology,NetApp,,Technology,netapp
Aston Martin/Racing Point/Force India,2023,Avatrade,Finance,Avatrade,,Financial Services,avatrade
Aston Martin/Racing Point/Force India,2023,Boss,Fashion,Boss,,Luxury & Fashion,boss
Aston Martin/Racing Point/Force India,2023,Girard Perregaux,Luxury Watches,Girard Perregaux,,Luxury Watches,girardperregaux
Aston Martin/Racing Point/Force India,2023,EPOS,Consumer Electronics,EPOS,,Technology,epos
Aston Martin/Racing Point/Force India,2023,Bombardier,Aerospace,Bombardier,,Industrial & Aerospace,bombardier
Aston Martin/Racing Point/Force India,2023,socios.com,Crypto/Web3,socios.com,,Crypto & Web3,socioscom
Aston Martin/Racing Point/Force India,2023,Globe Trotter,Travel/Luggage,Globe Trotter,,Luxury & Fashion,globetrotter
Aston Martin/Racing Point/Force India,2023,Pirelli,Automotive,Pirelli,,Automotive,pirelli
Aston Martin/Racing Point/Force India,2023,Tik Tok,Media,Tik Tok,,Media & Entertainment,tiktok
Aston Martin/Racing Point/Force India,2023,Ogio,Travel/Luggage,Ogio,,Luxury & Fashion,ogio
Aston Martin/Racing Point/Force India,2023,Oakley,Fashion,Oakley,,Luxury & Fashion,oakley
Aston Martin/Racing Point/Force India,2023,Alpinestars,Apparel,Alpinestars,,Apparel & Sportswear,alpinestars
Aston Martin/Racing Point/Force India,2023,Ebb3,Technology,Ebb3,,Technology,ebb3
Aston Martin/Racing Point/Force India,2023,Stilo,Automotive,Stilo,,Automotive,stilo
Aston Martin/Racing Point/Force India,2023,Pelmark,Technology,Pelmark,,Technology,pelmark
Aston Martin/Racing Point/Force India,2023,Velocity Black,Technology,Velocity Black,,Technology,velocityblack
Aston Martin/Racing Point/Force India,2023,SAUDIA (Saudi Airlines),Aviation,SAUDIA (Saudi Airlines),,"Travel, Hospitality & Logistics",saudiasaudiairlines
Ferrari,2023,Shell,Energy/Oil,Shell,,Energy,shell
Ferrari,2023,Santander,Finance,Santander,,Financial Services,santander
Ferrari,2023,Ray-Ban,Fashion,Ray-Ban,,Luxury & Fashion,rayban
Ferrari,2023,AWS,Technology,AWS,,Technology,aws
Ferrari,2023,Richard Mille,Luxury Watches,Richard Mille,,Luxury Watches,richardmille
Ferrari,2023,Ceva Logistics,Logistics,Ceva Logistics,,"Travel, Hospitality & Logistics",cevalogistics
Ferrari,2023,Estrella Galicia,Beverages/Food,Estrella Galicia,,Food & Beverage,estrellagalicia
Ferrari,2023,OMR Automotive,Automotive,OMR Automotive,,Automotive,omrautomotive
Ferrari,2023,MAHLE,Automotive,MAHLE,,Automotive,mahle
Ferrari,2023,Pirelli,Automotive,Pirelli,,Automotive,pirelli
Ferrari,2023,Puma,Apparel,Puma,,Apparel & Sportswear,puma
Ferrari,2023,SKF,Industrial,SKF,,Industrial & Aerospace,skf
Ferrari,2023,VistaJet,Aviation,VistaJet,,"Travel, Hospitality & Logistics",vistajet
Ferrari,2023,NGK Spark Plugs,Automotive,NGK Spark Plugs,,Automotive,ngksparkplugs
Ferrari,2023,Brembo,Automotive,Brembo,,Automotive,brembo
Ferrari,2023,Riedel,Technology,Riedel,,Technology,riedel
Ferrari,2023,Iveco,Automotive,Iveco,,Automotive,iveco
Ferrari,2023,Palantir,Technology,Palantir,,Technology,palantir
Ferrari,2023,ManPower Group,Staffing,ManPower Group,,Business Services,manpowergroup
Ferrari,2023,Technogym,Fitness,Technogym,,Apparel & Sportswear,technogym
Ferrari,2023,Garrett,Automotive,Garrett,,Automotive,garrett
Ferrari,2023,Giorgio Armani,Fashion,Giorgio Armani,,Luxury & Fashion,giorgioarmani
Ferrari,2023,Sabelt,Automotive,Sabelt,,Automotive,sabelt
Ferrari,2023,VGW Play,Gambling/Betting,VGW Play,,Other,vgwplay
Ferrari,2023,Mission Winnow,Tobacco,Mission Winnow,,Other,missionwinnow
Ferrari,2023,Genesys,Technology,Genesys,,Technology,genesys
Ferrari,2023,Bitdefender,Cybersecurity,Bitdefender,,Cybersecurity,bitdefender
Ferrari,2023,HCL Software,Technology,HCL Software,,Technology,hclsoftware
Ferrari,2023,Harman Automotive,Automotive,Harman Automotive,,Automotive,harmanautomotive
Ferrari,2023,ZCG,Finance,ZCG,,Financial Services,zcg
Ferrari,2023,Bang Olufsen,Consumer Electronics,Bang Olufsen,,Technology,bangolufsen
Ferrari,2023,Ecopol,Industrial,Ecopol,,Industrial & Aerospace,ecopol
Ferrari,2023,Riva,Luxury,Riva,,Luxury & Fashion,riva
Ferrari,2023,Freccia Rossa,Transport,Freccia Rossa,,"Travel, Hospitality & Logistics",frecciarossa
Ferrari,2023,Ohlins,Automotive,Ohlins,,Automotive,ohlins
Haas,2023,Haas Automation,Industrial,Haas Automation,,Industrial & Aerospace,haasautomation
Haas,2023,Alpinestars,Apparel,Alpinestars,,Apparel & Sportswear,alpinestars
Haas,2023,Pirelli,Automotive,Pirelli,,Automotive,pirelli
Haas,2023,Schuberth,Automotive,Schuberth,,Automotive,schuberth
Haas,2023,Taittinger,Beverages/Food,Taittinger,,Food & Beverage,taittinger
Haas,2023,Tricorp Workwear,Apparel,Tricorp Workwear,,Apparel & Sportswear,tricorpworkwear
Haas,2023,MoneyGram,Finance,MoneyGram,,Financial Services,moneygram
Haas,2023,Chipotle,Beverages/Food,Chipotle,,Food & Beverage,chipotle
Haas,2023,Haas Tooling,Industrial,Haas Tooling,,Industrial & Aerospace,haastooling
Haas,2023,Hantec Markets,Finance,Hantec Markets,,Financial Services,hantecmarkets
Haas,2023,Oak Berry,Beverages/Food,Oak Berry,,Food & Beverage,oakberry
Haas,2023,OpenSea,Crypto/Web3,OpenSea,,Crypto & Web3,opensea
Haas,2023,Palm Angels,Fashion,Palm Angels,,Luxury & Fashion,palmangels
Haas,2023,Travis Mathew,Apparel,Travis Mathew,,Apparel & Sportswear,travismathew
McLaren,2023,British-American Tobacco (A Better Tomorrow),Tobacco,British-American Tobacco (A Better Tomorrow),,Other,britishamericantobaccoabettertomorrow
McLaren,2023,Splunk,Technology,Splunk,,Technology,splunk
McLaren,2023,DarkTrace,Cybersecurity,DarkTrace,,Cybersecurity,darktrace
McLaren,2023,Tezos,Crypto/Web3,Tezos,,Crypto & Web3,tezos
McLaren,2023,Dell Technologies,Technology,Dell Technologies,,Technology,delltechnologies
McLaren,2023,Alteryx,Technology,Alteryx,,Technology,alteryx
McLaren,2023,Smartsheet,Technology,Smartsheet,,Technology,smartsheet
McLaren,2023,DataRobot,Technology,DataRobot,,Technology,datarobot
McLaren,2023,GoPuff,Retail,GoPuff,,Consumer Goods & Retail,gopuff
McLaren,2023,Party Responsibly,Nonprofit,Party Responsibly,,Other,partyresponsibly
McLaren,2023,Medallia,Technology,Medallia,,Technology,medallia
McLaren,2023,Arrow Electronics,Technology,Arrow Electronics,,Technology,arrowelectronics
McLaren,2023,Richard Mille,Luxury Watches,Richard Mille,,Luxury Watches,richardmille
McLaren,2023,Hilton,Hospitality,Hilton,,"Travel, Hospitality & Logistics",hilton
McLaren,2023,Coca Cola,Beverages/Food,Coca Cola,,Food & Beverage,cocacola
McLaren,2023,Unilever,Consumer Goods,Unilever,,Consumer Goods & Retail,unilever
McLaren,2023,FxPro,Finance,FxPro,,Financial Services,fxpro
McLaren,2023,Deloitte,Professional Services,Deloitte,,Business Services,deloitte
McLaren,2023,TUMI,Fashion,TUMI,,Luxury & Fashion,tumi
McLaren,2023,CNBC,Media,CNBC,,Media & Entertainment,cnbc
McLaren,2023,Klipsch,Consumer Electronics,Klipsch,,Technology,klipsch
McLaren,2023,Sparco,Automotive,Sparco,,Automotive,sparco
McLaren,2023,Ashurst,Legal,Ashurst,,Business Services,ashurst
McLaren,2023,Stratasys,Technology,Stratasys,,Technology,stratasys
McLaren,2023,KAUST,Education,KAUST,,Business Services,kaust
McLaren,2023,Ultimotive,Technology,Ultimotive,,Automotive,ultimotive
McLaren,2023,New Era,Apparel,New Era,,Apparel & Sportswear,newera
McLaren,2023,FAI Aviation Group,Aviation,FAI Aviation Group,,"Travel, Hospitality & Logistics",faiaviationgroup
McLaren,2023,Cisco,Technology,Cisco,,Technology,cisco
McLaren,2023,Webex,Technology,Webex,,Technology,webex
McLaren,2023,AkzoNobel-Sikkens,Industrial,AkzoNobel-Sikkens,,Industrial & Aerospace,akzonobelsikkens
McLaren,2023,Logitech G,Technology,Logitech G,,Technology,logitechg
McLaren,2023,Castore,Apparel,Castore,,Apparel & Sportswear,castore
McLaren,2023,EasyPost,Logistics,EasyPost,,"Travel, Hospitality & Logistics",easypost
McLaren,2023,Immersive Labs,Cybersecurity,Immersive Labs,,Technology,immersivelabs
McLaren,2023,SunGod,Fashion,SunGod,,Luxury & Fashion,sungod
McLaren,2023,Technogym,Fitness,Technogym,,Apparel & Sportswear,technogym
McLaren,2023,Google/Chrome,Technology,Google/Chrome,,Technology,googlechrome
McLaren,2023,Pirelli,Automotive,Pirelli,,Automotive,pirelli
McLaren,2023,OKX,Crypto/Web3,OKX,,Crypto & Web3,okx
McLaren,2023,Android,Technology,Android,,Technology,android
McLaren,2023,DP World,Logistics,DP World,,"Travel, Hospitality & Logistics",dpworld
McLaren,2023,Jack Daniels,Beverages/Food,Jack Daniels,,Food & Beverage,jackdaniels
McLaren,2023,VM Ware,Technology,VM Ware,,Technology,vmware
McLaren,2023,Goldman Sachs,Finance,Goldman Sachs,,Financial Services,goldmansachs
McLaren,2023,DeWalt,Industrial,DeWalt,,Industrial & Aerospace,dewalt
McLaren,2023,Cadence,Technology,Cadence,,Technology,cadence
McLaren,2023,K-Swiss,Apparel,K-Swiss,,Apparel & Sportswear,kswiss
McLaren,2023,Lami Luxe,Consumer Goods,Lami Luxe,,Consumer Goods & Retail,lamiluxe
Mercedes,2023,Petronas,Energy/Oil,Petronas,,Energy,petronas
Mercedes,2023,Ineos,Chemicals,Ineos,,Industrial & Aerospace,ineos
Mercedes,2023,CrowdStrike,Cybersecurity,CrowdStrike,,Cybersecurity,crowdstrike
Mercedes,2023,TeamViewer,Technology,TeamViewer,,Technology,teamviewer
Mercedes,2023,UBS,Finance,UBS,,Financial Services,ubs
Mercedes,2023,Snapdragon,Technology,Snapdragon,,Technology,snapdragon
Mercedes,2023,G42,Technology,G42,,Technology,g42
Mercedes,2023,Akkodis,Technology,Akkodis,,Technology,akkodis
Mercedes,2023,IWC Schaffhausen,Luxury Watches,IWC Schaffhausen,,Luxury Watches,iwcschaffhausen
Mercedes,2023,Hewlett Packard Enterprise,Technology,Hewlett Packard Enterprise,,Technology,hewlettpackardenterprise
Mercedes,2023,Solera,Technology,Solera,,Technology,solera
Mercedes,2023,Nuvei,Finance,Nuvei,,Financial Services,nuvei
Mercedes,2023,Einhell,Industrial,Einhell,,Industrial & Aerospace,einhell
Mercedes,2023,AMD,Technology,AMD,,Technology,amd
Mercedes,2023,The Ritz-Carlton,Hospitality,The Ritz-Carlton,,"Travel, Hospitality & Logistics",theritzcarlton
Mercedes,2023,Sherwin Williams,Industrial,Sherwin Williams,,Industrial & Aerospace,sherwinwilliams
Mercedes,2023,Tommy Hilfiger,Fashion,Tommy Hilfiger,,Luxury & Fashion,tommyhilfiger
Mercedes,2023,Monster Energy,Beverages/Food,Monster Energy,,Food & Beverage,monsterenergy
Mercedes,2023,Puma,Apparel,Puma,,Apparel & Sportswear,puma
Mercedes,2023,Police,Fashion,Police,,Luxury & Fashion,policeeyewear
Mercedes,2023,OZ Racing,Automotive,OZ Racing,,Automotive,ozracing
Mercedes,2023,Endless,Automotive,Endless,,Automotive,endless
Mercedes,2023,Eight Sleep,Consumer Goods,Eight Sleep,,Consumer Goods & Retail,eightsleep
Mercedes,2023,Fastly,Technology,Fastly,,Technology,fastly
Mercedes,2023,mCloud,Technology,mCloud,,Technology,mcloud
Mercedes,2023,Pirelli,Automotive,Pirelli,,Automotive,pirelli
RB/AlphaTauri/Toro Rosso,2023,Rapid,Technology,Rapid,,Technology,rapid
RB/AlphaTauri/Toro Rosso,2023,Buzz,Technology,Buzz,,Technology,buzz
RB/AlphaTauri/Toro Rosso,2023,Orlen,Energy/Oil,Orlen,,Energy,orlen
RB/AlphaTauri/Toro Rosso,2023,AlphaTauri,Apparel,AlphaTauri,,Apparel & Sportswear,alphatauri
RB/AlphaTauri/Toro Rosso,2023,Honda,Automotive,Honda,,Automotive,honda
RB/AlphaTauri/Toro Rosso,2023,Epicor,Technology,Epicor,,Technology,epicor
RB/AlphaTauri/Toro Rosso,2023,FlexBox,Technology,FlexBox,,Technology,flexbox
RB/AlphaTauri/Toro Rosso,2023,Randstad,Staffing,Randstad,,Business Services,randstad
RB/AlphaTauri/Toro Rosso,2023,Pirelli,Automotive,Pirelli,,Automotive,pirelli
RB/AlphaTauri/Toro Rosso,2023,Ravenol,Energy/Oil,Ravenol,,Energy,ravenol
RB/AlphaTauri/Toro Rosso,2023,GMC,Automotive,GMC,,Automotive,gmc
RB/AlphaTauri/Toro Rosso,2023,P448,Apparel,P448,,Apparel & Sportswear,p448
RB/AlphaTauri/Toro Rosso,2023,Carl Friedrik,Travel/Luggage,Carl Friedrik,,Luxury & Fashion,carlfriedrik
RB/AlphaTauri/Toro Rosso,2023,Riedel,Technology,Riedel,,Technology,riedel
RB/AlphaTauri/Toro Rosso,2023,Siemens,Industrial,Siemens,,Industrial & Aerospace,siemens
RB/AlphaTauri/Toro Rosso,2023,XMTrading,Finance,XMTrading,,Financial Services,xmtrading
RB/AlphaTauri/Toro Rosso,2023,Basso,Cycling,Basso,,Apparel & Sportswear,basso
Red Bull Racing,2023,Oracle,Technology,Oracle,,Technology,oracle
Red Bull Racing,2023,Tag Heuer,Luxury Watches,Tag Heuer,,Luxury Watches,tagheuer
Red Bull Racing,2023,Cash App,Finance,Cash App,,Financial Services,cashapp
Red Bull Racing,2023,Bybit,Crypto/Web3,Bybit,,Crypto & Web3,bybit
Red Bull Racing,2023,Rauch,Beverages/Food,Rauch,,Food & Beverage,rauch
Red Bull Racing,2023,Pirelli,Automotive,Pirelli,,Automotive,pirelli
Red Bull Racing,2023,Walmart,Retail,Walmart,,Consumer Goods & Retail,walmart
Red Bull Racing,2023,Mobil 1,Energy/Oil,Mobil 1,,Energy,mobil1
Red Bull Racing,2023,Esso,Energy/Oil,Esso,,Energy,esso
Red Bull Racing,2023,Siemens,Industrial,Siemens,,Industrial & Aerospace,siemens
Red Bull Racing,2023,AT&T,Telecom,AT&T,,Telecom,att
Red Bull Racing,2023,Inter Proteccion,Insurance,Inter Proteccion,,Financial Services,interproteccion
Red Bull Racing,2023,Hewlett Packard Enterprise,Technology,Hewlett Packard Enterprise,,Technology,hewlettpackardenterprise
Red Bull Racing,2023,Telcel,Telecom,Telcel,,Telecom,telcel
Red Bull Racing,2023,Hexagon,Technology,Hexagon,,Technology,hexagon
Red Bull Racing,2023,DMG Mori,Industrial,DMG Mori,,Industrial & Aerospace,dmgmori
Red Bull Racing,2023,Ansys,Technology,Ansys,,Technology,ansys
Red Bull Racing,2023,PWR,Automotive,PWR,,Automotive,pwr
Red Bull Racing,2023,Gold Standard,Finance,Gold Standard,,Financial Services,goldstandard
Red Bull Racing,2023,Armor All,Automotive,Armor All,,Automotive,armorall
Red Bull Racing,2023,America Movil,Telecom,America Movil,,Telecom,americamovil
Red Bull Racing,2023,Claro,Telecom,Claro,,Telecom,claro
Red Bull Racing,2023,Therabody,Fitness,Therabody,,Apparel & Sportswear,therabody
Red Bull Racing,2023,HP/Poly,Technology,HP/Poly,,Technology,hppoly
Red Bull Racing,2023,Ocean Bottle,Consumer Goods,Ocean Bottle,,Consumer Goods & Retail,oceanbottle
Red Bull Racing,2023,PokerStars,Gambling/Betting,PokerStars,,Other,pokerstars
Red Bull Racing,2023,AlphaTauri,Apparel,AlphaTauri,,Apparel & Sportswear,alphatauri
Red Bull Racing,2023,Built for Athletes,Apparel,Built for Athletes,,Apparel & Sportswear,builtforathletes
Red Bull Racing,2023,Castore,Apparel,Castore,,Apparel & Sportswear,castore
Red Bull Racing,2023,New Era,Apparel,New Era,,Apparel & Sportswear,newera
Red Bull Racing,2023,Athletic Propulsion Labs,Apparel,Athletic Propulsion Labs,,Apparel & Sportswear,athleticpropulsionlabs
Red Bull Racing,2023,BMC,Cycling,BMC,,Apparel & Sportswear,bmc
Red Bull Racing,2023,Blenders,Fashion,Blenders,,Luxury & Fashion,blenders
Red Bull Racing,2023,Hard Rock International,Hospitality,Hard Rock International,,"Travel, Hospitality & Logistics",hardrockinternational
Red Bull Racing,2023,ROKT,Technology,ROKT,,Technology,rokt
Red Bull Racing,2023,Honda,Automotive,Honda,,Automotive,honda
Red Bull Racing,2023,Arctic Wolf,Cybersecurity,Arctic Wolf,,Cybersecurity,arcticwolf
Red Bull Racing,2023,Zoom,Technology,Zoom,,Technology,zoom
Sauber/Alfa Romeo,2023,Alfa Romeo,Automotive,Alfa Romeo,,Automotive,alfaromeo
Sauber/Alfa Romeo,2023,Acceleron,Industrial,Acceleron,,Industrial & Aerospace,acceleron
Sauber/Alfa Romeo,2023,AMX,Technology,AMX,,Technology,amx
Sauber/Alfa Romeo,2023,Curam Domi,Technology,Curam Domi,,Technology,curamdomi
Sauber/Alfa Romeo,2023,Code Zero,Apparel,Code Zero,,Apparel & Sportswear,codezero
Sauber/Alfa Romeo,2023,Camozzi,Industrial,Camozzi,,Industrial & Aerospace,camozzi
Sauber/Alfa Romeo,2023,Delsey,Travel/Luggage,Delsey,,Luxury & Fashion,delsey
Sauber/Alfa Romeo,2023,Ferrari Trento,Beverages/Food,Ferrari Trento,,Food & Beverage,ferraritrento
Sauber/Alfa Romeo,2023,Globeair,Aviation,Globeair,,"Travel, Hospitality & Logistics",globeair
Sauber/Alfa Romeo,2023,Singha,Beverages/Food,Singha,,Food & Beverage,singha
Sauber/Alfa Romeo,2023,Additive Industries,Industrial,Additive Industries,,Industrial & Aerospace,additiveindustries
Sauber/Alfa Romeo,2023,Marelli,Automotive,Marelli,,Automotive,marelli
Sauber/Alfa Romeo,2023,Mitsubishi Electric,Industrial,Mitsubishi Electric,,Industrial & Aerospace,mitsubishielectric
Sauber/Alfa Romeo,2023,Pirelli,Automotive,Pirelli,,Automotive,pirelli
Sauber/Alfa Romeo,2023,Save the Children,Nonprofit,Save the Children,,Other,savethechildren
Sauber/Alfa Romeo,2023,Hyland,Technology,Hyland,,Technology,hyland
Sauber/Alfa Romeo,2023,Puma,Apparel,Puma,,Apparel & Sportswear,puma
Sauber/Alfa Romeo,2023,Rebellion,Luxury Watches,Rebellion,,Luxury Watches,rebellion
Sauber/Alfa Romeo,2023,Sabelt,Automotive,Sabelt,,Automotive,sabelt
Sauber/Alfa Romeo,2023,Socios.com,Crypto/Web3,Socios.com,,Crypto & Web3,socioscom
Sauber/Alfa Romeo,2023,Walter Meier,Industrial,Walter Meier,,Industrial & Aerospace,waltermeier
Sauber/Alfa Romeo,2023,Web Eyewear,Fashion,Web Eyewear,,Luxury & Fashion,webeyewear
Sauber/Alfa Romeo,2023,JigSpace,Technology,JigSpace,,Technology,jigspace
Sauber/Alfa Romeo,2023,AB Dynamics,Technology,AB Dynamics,,Technology,abdynamics
Sauber/Alfa Romeo,2023,Brutsch-Ruegger,Industrial,Brutsch-Ruegger,,Industrial & Aerospace,brutschruegger
Sauber/Alfa Romeo,2023,Riedel,Technology,Riedel,,Technology,riedel
Sauber/Alfa Romeo,2023,MindMaze,Technology,MindMaze,,Technology,mindmaze
Sauber/Alfa Romeo,2023,Stake,Gambling/Betting,Stake,,Other,stake
Sauber/Alfa Romeo,2023,Kick,Media,Kick,,Media & Entertainment,kick
Sauber/Alfa Romeo,2023,Agilis,Technology,Agilis,,Technology,agilis
Sauber/Alfa Romeo,2023,Assos,Apparel,Assos,,Apparel & Sportswear,assos
Sauber/Alfa Romeo,2023,Axim Trade,Finance,Axim Trade,,Financial Services,aximtrade
Sauber/Alfa Romeo,2023,Cielo,Finance,Cielo,,Financial Services,cielo
Sauber/Alfa Romeo,2023,Ciesse Piumini,Apparel,Ciesse Piumini,,Apparel & Sportswear,ciessepiumini
Sauber/Alfa Romeo,2023,Corinthian Re,Insurance,Corinthian Re,,Financial Services,corinthianre
Sauber/Alfa Romeo,2023,Diagnostix,Life Sciences,Diagnostix,,Other,diagnostix
Sauber/Alfa Romeo,2023,Edelweiss,Hospitality,Edelweiss,,"Travel, Hospitality & Logistics",edelweiss
Sauber/Alfa Romeo,2023,Everdome,Crypto/Web3,Everdome,,Crypto & Web3,everdome
Sauber/Alfa Romeo,2023,Georg Fischer,Industrial,Georg Fischer,,Industrial & Aerospace,georgfischer
Sauber/Alfa Romeo,2023,Kick Out Plastic,Nonprofit,Kick Out Plastic,,Other,kickoutplastic
Sauber/Alfa Romeo,2023,Mascot Workwear,Apparel,Mascot Workwear,,Apparel & Sportswear,mascotworkwear
Sauber/Alfa Romeo,2023,ProTech,Industrial,ProTech,,Industrial & Aerospace,protech
Sauber/Alfa Romeo,2023,Salt,Consumer Goods,Salt,,Consumer Goods & Retail,salt
Sauber/Alfa Romeo,2023,SenseTime,Technology,SenseTime,,Technology,sensetime
Sauber/Alfa Romeo,2023,Seagate,Technology,Seagate,,Technology,seagate
Sauber/Alfa Romeo,2023,WhistlePig,Beverages/Food,WhistlePig,,Food & Beverage,whistlepig
Williams,2023,Gulf,Energy/Oil,Gulf,,Energy,gulf
Williams,2023,Duracell,Consumer Goods,Duracell,,Consumer Goods & Retail,duracell
Williams,2023,Stephens,Finance,Stephens,,Financial Services,stephens
Williams,2023,Dorilton Ventures,Investment,Dorilton Ventures,,Financial Services,doriltonventures
Williams,2023,Acronis,Cybersecurity,Acronis,,Cybersecurity,acronis
Williams,2023,Michelob Ultra,Beverages/Food,Michelob Ultra,,Food & Beverage,michelobultra
Williams,2023,Financial Times,Media,Financial Times,,Media & Entertainment,financialtimes
Williams,2023,Broadcom Software,Technology,Broadcom Software,,Technology,broadcomsoftware
Williams,2023,Bremont,Luxury Watches,Bremont,,Luxury Watches,bremont
Williams,2023,PureStream,Technology,PureStream,,Technology,purestream
Williams,2023,Pirelli,Automotive,Pirelli,,Automotive,pirelli
Williams,2023,Umbro,Apparel,Umbro,,Apparel & Sportswear,umbro
Williams,2023,Zeiss,Technology,Zeiss,,Technology,zeiss
Williams,2023,Crew Clothing Company,Apparel,Crew Clothing Company,,Apparel & Sportswear,crewclothingcompany
Williams,2023,PPG,Industrial,PPG,,Industrial & Aerospace,ppg
Williams,2023,OMP,Automotive,OMP,,Automotive,omp
Williams,2023,KX,Technology,KX,,Technology,kx
Williams,2023,DTex,Cybersecurity,DTex,,Cybersecurity,dtex
Williams,2023,Life Fitness,Fitness,Life Fitness,,Apparel & Sportswear,lifefitness
Williams,2023,SIA,Nonprofit,SIA,,Other,sia
Williams,2023,Jumeirah Hotels & Resorts,Hospitality,Jumeirah Hotels & Resorts,,"Travel, Hospitality & Logistics",jumeirahhotelsresorts
Alpine/Renault,2024,BWT,Water Technology,BWT,,Industrial & Aerospace,bwt
Alpine/Renault,2024,Castrol,Energy/Oil,Castrol,,Energy,castrol
Alpine/Renault,2024,BP Ultimate,Energy/Oil,BP Ultimate,,Energy,bpultimate
Alpine/Renault,2024,Renault E-Tech,Automotive,Renault E-Tech,,Automotive,renaultetech
Alpine/Renault,2024,Binance,Crypto/Web3,Binance,,Crypto & Web3,binance
Alpine/Renault,2024,Mobilize Financial Services,Finance,Mobilize Financial Services,,Financial Services,mobilizefinancialservices
Alpine/Renault,2024,Microsoft,Technology,Microsoft,,Technology,microsoft
Alpine/Renault,2024,Kappa,Apparel,Kappa,,Apparel & Sportswear,kappa
Alpine/Renault,2024,Sprinklr,Technology,Sprinklr,,Technology,sprinklr
Alpine/Renault,2024,Boeing,Aerospace,Boeing,,Industrial & Aerospace,boeing
Alpine/Renault,2024,Delphi,Automotive,Delphi,,Automotive,delphi
Alpine/Renault,2024,Eurodatacar,Technology,Eurodatacar,,Technology,eurodatacar
Alpine/Renault,2024,KWay,Apparel,KWay,,Apparel & Sportswear,kway
Alpine/Renault,2024,Shamir,Consumer Goods,Shamir,,Consumer Goods & Retail,shamir
Alpine/Renault,2024,Yahoo!,Media,Yahoo!,,Media & Entertainment,yahoo
Alpine/Renault,2024,3D Systems,Technology,3D Systems,,Technology,3dsystems
Alpine/Renault,2024,Alpinestars,Apparel,Alpinestars,,Apparel & Sportswear,alpinestars
Alpine/Renault,2024,Alpine Eyewear,Fashion,Alpine Eyewear,,Luxury & Fashion,alpineeyewear
Alpine/Renault,2024,GCaps,Technology,GCaps,,Technology,gcaps
Alpine/Renault,2024,Hexis,Industrial,Hexis,,Industrial & Aerospace,hexis
Alpine/Renault,2024,Matrix,Technology,Matrix,,Technology,matrix
Alpine/Renault,2024,Perkin Elmer,Life Sciences,Perkin Elmer,,Other,perkinelmer
Alpine/Renault,2024,Pirelli,Automotive,Pirelli,,Automotive,pirelli
Alpine/Renault,2024,Roland,Technology,Roland,,Technology,roland
Alpine/Renault,2024,Track Racer,Consumer Goods,Track Racer,,Consumer Goods & Retail,trackracer
Alpine/Renault,2024,Canel’s,Beverages/Food,Canel’s,,Food & Beverage,canels
Alpine/Renault,2024,businesssolver,Technology,businesssolver,,Technology,businesssolver
Alpine/Renault,2024,XBOX,Gaming,XBOX,,Media & Entertainment,xbox
Alpine/Renault,2024,mntn,Technology,mntn,,Technology,mntn
Alpine/Renault,2024,Amazon Music,Media,Amazon Music,,Media & Entertainment,amazonmusic
Alpine/Renault,2024,Qatar Airways,Aviation,Qatar Airways,,"Travel, Hospitality & Logistics",qatarairways
Alpine/Renault,2024,H Moser & Cie,Luxury Watches,H Moser & Cie,,Luxury Watches,hmosercie
Aston Martin/Racing Point/Force India,2024,Cognizant,Technology,Cognizant,,Technology,cognizant
Aston Martin/Racing Point/Force India,2024,Aramco,Energy/Oil,Aramco,,Energy,aramco
Aston Martin/Racing Point/Force India,2024,SentinelOne,Cybersecurity,SentinelOne,,Cybersecurity,sentinelone
Aston Martin/Racing Point/Force India,2024,Citi,Finance,Citi,,Financial Services,citi
Aston Martin/Racing Point/Force India,2024,Juniper Networks,Technology,Juniper Networks,,Technology,junipernetworks
Aston Martin/Racing Point/Force India,2024,JCB,Industrial,JCB,,Industrial & Aerospace,jcb
Aston Martin/Racing Point/Force India,2024,NetApp,Technology,NetApp,,Technology,netapp
Aston Martin/Racing Point/Force India,2024,Avatrade,Finance,Avatrade,,Financial Services,avatrade
Aston Martin/Racing Point/Force India,2024,Boss,Fashion,Boss,,Luxury & Fashion,boss
Aston Martin/Racing Point/Force India,2024,Girard Perregaux,Luxury Watches,Girard Perregaux,,Luxury Watches,girardperregaux
Aston Martin/Racing Point/Force India,2024,EPOS,Consumer Electronics,EPOS,,Technology,epos
Aston Martin/Racing Point/Force India,2024,Bombardier,Aerospace,Bombardier,,Industrial & Aerospace,bombardier
Aston Martin/Racing Point/Force India,2024,Globe Trotter,Travel/Luggage,Globe Trotter,,Luxury & Fashion,globetrotter
Aston Martin/Racing Point/Force India,2024,Pirelli,Automotive,Pirelli,,Automotive,pirelli
Aston Martin/Racing Point/Force India,2024,Tik Tok,Media,Tik Tok,,Media & Entertainment,tiktok
Aston Martin/Racing Point/Force India,2024,Ogio,Travel/Luggage,Ogio,,Luxury & Fashion,ogio
Aston Martin/Racing Point/Force India,2024,Oakley,Fashion,Oakley,,Luxury & Fashion,oakley
Aston Martin/Racing Point/Force India,2024,Alpinestars,Apparel,Alpinestars,,Apparel & Sportswear,alpinestars
Aston Martin/Racing Point/Force India,2024,Stilo,Automotive,Stilo,,Automotive,stilo
Aston Martin/Racing Point/Force India,2024,Velocity Black,Technology,Velocity Black,,Technology,velocityblack
Aston Martin/Racing Point/Force India,2024,Valvoline,Energy/Oil,Valvoline,,Energy,valvoline
Aston Martin/Racing Point/Force India,2024,NexGEN,Technology,NexGEN,,Technology,nexgen
Aston Martin/Racing Point/Force India,2024,Banco Master,Finance,Banco Master,,Financial Services,bancomaster
Aston Martin/Racing Point/Force India,2024,ServiceNow,Technology,ServiceNow,,Technology,servicenow
Aston Martin/Racing Point/Force India,2024,Regent Sea Cruises,Hospitality,Regent Sea Cruises,,"Travel, Hospitality & Logistics",regentseacruises
Aston Martin/Racing Point/Force India,2024,WolfGang Puck,Hospitality,WolfGang Puck,,"Travel, Hospitality & Logistics",wolfgangpuck
Aston Martin/Racing Point/Force India,2024,Financial Times,Media,Financial Times,,Media & Entertainment,financialtimes
Aston Martin/Racing Point/Force India,2024,OMP,Automotive,OMP,,Automotive,omp
Aston Martin/Racing Point/Force India,2024,Stichd,Apparel,Stichd,,Apparel & Sportswear,stichd
Ferrari,2024,Shell,Energy/Oil,Shell,,Energy,shell
Ferrari,2024,Santander,Finance,Santander,,Financial Services,santander
Ferrari,2024,Ray-Ban,Fashion,Ray-Ban,,Luxury & Fashion,rayban
Ferrari,2024,AWS,Technology,AWS,,Technology,aws
Ferrari,2024,Richard Mille,Luxury Watches,Richard Mille,,Luxury Watches,richardmille
Ferrari,2024,Ceva Logistics,Logistics,Ceva Logistics,,"Travel, Hospitality & Logistics",cevalogistics
Ferrari,2024,OMR Automotive,Automotive,OMR Automotive,,Automotive,omrautomotive
Ferrari,2024,MAHLE,Automotive,MAHLE,,Automotive,mahle
Ferrari,2024,Pirelli,Automotive,Pirelli,,Automotive,pirelli
Ferrari,2024,Puma,Apparel,Puma,,Apparel & Sportswear,puma
Ferrari,2024,Bell,Automotive,Bell,,Automotive,bell
Ferrari,2024,SKF,Industrial,SKF,,Industrial & Aerospace,skf
Ferrari,2024,VistaJet,Aviation,VistaJet,,"Travel, Hospitality & Logistics",vistajet
Ferrari,2024,NGK Spark Plugs,Automotive,NGK Spark Plugs,,Automotive,ngksparkplugs
Ferrari,2024,Brembo,Automotive,Brembo,,Automotive,brembo
Ferrari,2024,Riedel,Technology,Riedel,,Technology,riedel
Ferrari,2024,Iveco,Automotive,Iveco,,Automotive,iveco
Ferrari,2024,ManPower Group,Staffing,ManPower Group,,Business Services,manpowergroup
Ferrari,2024,Technogym,Fitness,Technogym,,Apparel & Sportswear,technogym
Ferrari,2024,Garrett,Automotive,Garrett,,Automotive,garrett
Ferrari,2024,Giorgio Armani,Fashion,Giorgio Armani,,Luxury & Fashion,giorgioarmani
Ferrari,2024,Sabelt,Automotive,Sabelt,,Automotive,sabelt
Ferrari,2024,VGW Play,Gambling/Betting,VGW Play,,Other,vgwplay
Ferrari,2024,Genesys,Technology,Genesys,,Technology,genesys
Ferrari,2024,Bitdefender,Cybersecurity,Bitdefender,,Cybersecurity,bitdefender
Ferrari,2024,HCL Software,Technology,HCL Software,,Technology,hclsoftware
Ferrari,2024,Harman Automotive,Automotive,Harman Automotive,,Automotive,harmanautomotive
Ferrari,2024,ZCG,Finance,ZCG,,Financial Services,zcg
Ferrari,2024,Bang Olufsen,Consumer Electronics,Bang Olufsen,,Technology,bangolufsen
Ferrari,2024,Ecopol,Industrial,Ecopol,,Industrial & Aerospace,ecopol
Ferrari,2024,Riva,Luxury,Riva,,Luxury & Fashion,riva
Ferrari,2024,Ohlins,Automotive,Ohlins,,Automotive,ohlins
Ferrari,2024,DXC Technology,Technology,DXC Technology,,Technology,dxctechnology
Ferrari,2024,Peroni,Beverages/Food,Peroni,,Food & Beverage,peroni
Ferrari,2024,Philip Morris International,Tobacco,Philip Morris International,,Other,philipmorrisinternational
Ferrari,2024,Celsius,Beverages/Food,Celsius,,Food & Beverage,celsius
Haas,2024,Haas Automation,Industrial,Haas Automation,,Industrial & Aerospace,haasautomation
Haas,2024,Alpinestars,Apparel,Alpinestars,,Apparel & Sportswear,alpinestars
Haas,2024,Pirelli,Automotive,Pirelli,,Automotive,pirelli
Haas,2024,Schuberth,Automotive,Schuberth,,Automotive,schuberth
Haas,2024,Taittinger,Beverages/Food,Taittinger,,Food & Beverage,taittinger
Haas,2024,Tricorp Workwear,Apparel,Tricorp Workwear,,Apparel & Sportswear,tricorpworkwear
Haas,2024,MoneyGram,Finance,MoneyGram,,Financial Services,moneygram
Haas,2024,Chipotle,Beverages/Food,Chipotle,,Food & Beverage,chipotle
Haas,2024,Haas Tooling,Industrial,Haas Tooling,,Industrial & Aerospace,haastooling
Haas,2024,Hantec Markets,Finance,Hantec Markets,,Financial Services,hantecmarkets
Haas,2024,Oak Berry,Beverages/Food,Oak Berry,,Food & Beverage,oakberry
Haas,2024,OpenSea,Crypto/Web3,OpenSea,,Crypto & Web3,opensea
Haas,2024,Palm Angels,Fashion,Palm Angels,,Luxury & Fashion,palmangels
Haas,2024,Travis Mathew,Apparel,Travis Mathew,,Apparel & Sportswear,travismathew
Haas,2024,Play & Go,Gaming,Play & Go,,Media & Entertainment,playgo
Haas,2024,MGM Rewards,Hospitality,MGM Rewards,,"Travel, Hospitality & Logistics",mgmrewards
Haas,2024,New Era,Apparel,New Era,,Apparel & Sportswear,newera
McLaren,2024,British-American Tobacco (A Better Tomorrow),Tobacco,British-American Tobacco (A Better Tomorrow),,Other,britishamericantobaccoabettertomorrow
McLaren,2024,Splunk,Technology,Splunk,,Technology,splunk
McLaren,2024,DarkTrace,Cybersecurity,DarkTrace,,Cybersecurity,darktrace
McLaren,2024,Dell Technologies,Technology,Dell Technologies,,Technology,delltechnologies
McLaren,2024,Alteryx,Technology,Alteryx,,Technology,alteryx
McLaren,2024,Smartsheet,Technology,Smartsheet,,Technology,smartsheet
McLaren,2024,Medallia,Technology,Medallia,,Technology,medallia
McLaren,2024,Arrow Electronics,Technology,Arrow Electronics,,Technology,arrowelectronics
McLaren,2024,Richard Mille,Luxury Watches,Richard Mille,,Luxury Watches,richardmille
McLaren,2024,Hilton,Hospitality,Hilton,,"Travel, Hospitality & Logistics",hilton
McLaren,2024,Coca Cola,Beverages/Food,Coca Cola,,Food & Beverage,cocacola
McLaren,2024,Unilever,Consumer Goods,Unilever,,Consumer Goods & Retail,unilever
McLaren,2024,FxPro,Finance,FxPro,,Financial Services,fxpro
McLaren,2024,Deloitte,Professional Services,Deloitte,,Business Services,deloitte
McLaren,2024,TUMI,Fashion,TUMI,,Luxury & Fashion,tumi
McLaren,2024,CNBC,Media,CNBC,,Media & Entertainment,cnbc
McLaren,2024,Sparco,Automotive,Sparco,,Automotive,sparco
McLaren,2024,Ashurst,Legal,Ashurst,,Business Services,ashurst
McLaren,2024,Stratasys,Technology,Stratasys,,Technology,stratasys
McLaren,2024,KAUST,Education,KAUST,,Business Services,kaust
McLaren,2024,New Era,Apparel,New Era,,Apparel & Sportswear,newera
McLaren,2024,FAI Aviation Group,Aviation,FAI Aviation Group,,"Travel, Hospitality & Logistics",faiaviationgroup
McLaren,2024,Cisco,Technology,Cisco,,Technology,cisco
McLaren,2024,Webex,Technology,Webex,,Technology,webex
McLaren,2024,AkzoNobel-Sikkens,Industrial,AkzoNobel-Sikkens,,Industrial & Aerospace,akzonobelsikkens
McLaren,2024,Castore,Apparel,Castore,,Apparel & Sportswear,castore
McLaren,2024,SunGod,Fashion,SunGod,,Luxury & Fashion,sungod
McLaren,2024,Technogym,Fitness,Technogym,,Apparel & Sportswear,technogym
McLaren,2024,Google/Chrome,Technology,Google/Chrome,,Technology,googlechrome
McLaren,2024,Pirelli,Automotive,Pirelli,,Automotive,pirelli
McLaren,2024,OKX,Crypto/Web3,OKX,,Crypto & Web3,okx
McLaren,2024,Android,Technology,Android,,Technology,android
McLaren,2024,DP World,Logistics,DP World,,"Travel, Hospitality & Logistics",dpworld
McLaren,2024,Jack Daniels,Beverages/Food,Jack Daniels,,Food & Beverage,jackdaniels
McLaren,2024,VM Ware,Technology,VM Ware,,Technology,vmware
McLaren,2024,DeWalt,Industrial,DeWalt,,Industrial & Aerospace,dewalt
McLaren,2024,Cadence,Technology,Cadence,,Technology,cadence
McLaren,2024,K-Swiss,Apparel,K-Swiss,,Apparel & Sportswear,kswiss
McLaren,2024,Monster Energy,Beverages/Food,Monster Energy,,Food & Beverage,monsterenergy
McLaren,2024,Salesforce,Technology,Salesforce,,Technology,salesforce
McLaren,2024,Estrella Galicia,Beverages/Food,Estrella Galicia,,Food & Beverage,estrellagalicia
McLaren,2024,Dropbox,Technology,Dropbox,,Technology,dropbox
McLaren,2024,Workday,Technology,Workday,,Technology,workday
McLaren,2024,Ecolab,Industrial,Ecolab,,Industrial & Aerospace,ecolab
McLaren,2024,Airwallex,Finance,Airwallex,,Financial Services,airwallex
McLaren,2024,ON Optimum Nutrition,Fitness,ON Optimum Nutrition,,Apparel & Sportswear,onoptimumnutrition
McLaren,2024,Halo ITSM,Technology,Halo ITSM,,Technology,haloitsm
McLaren,2024,Udemy,Education,Udemy,,Business Services,udemy
McLaren,2024,Reiss,Fashion,Reiss,,Luxury & Fashion,reiss
McLaren,2024,Alpinestar,Apparel,Alpinestar,,Apparel & Sportswear,alpinestar
Mercedes,2024,Petronas,Energy/Oil,Petronas,,Energy,petronas
Mercedes,2024,Ineos,Chemicals,Ineos,,Industrial & Aerospace,ineos
Mercedes,2024,CrowdStrike,Cybersecurity,CrowdStrike,,Cybersecurity,crowdstrike
Mercedes,2024,TeamViewer,Technology,TeamViewer,,Technology,teamviewer
Mercedes,2024,UBS,Finance,UBS,,Financial Services,ubs
Mercedes,2024,Snapdragon,Technology,Snapdragon,,Technology,snapdragon
Mercedes,2024,G42,Technology,G42,,Technology,g42
Mercedes,2024,Akkodis,Technology,Akkodis,,Technology,akkodis
Mercedes,2024,IWC Schaffhausen,Luxury Watches,IWC Schaffhausen,,Luxury Watches,iwcschaffhausen
Mercedes,2024,Hewlett Packard Enterprise,Technology,Hewlett Packard Enterprise,,Technology,hewlettpackardenterprise
Mercedes,2024,Solera,Technology,Solera,,Technology,solera
Mercedes,2024,Nuvei,Finance,Nuvei,,Financial Services,nuvei
Mercedes,2024,Einhell,Industrial,Einhell,,Industrial & Aerospace,einhell
Mercedes,2024,AMD,Technology,AMD,,Technology,amd
Mercedes,2024,The Ritz-Carlton,Hospitality,The Ritz-Carlton,,"Travel, Hospitality & Logistics",theritzcarlton
Mercedes,2024,Sherwin Williams,Industrial,Sherwin Williams,,Industrial & Aerospace,sherwinwilliams
Mercedes,2024,Tommy Hilfiger,Fashion,Tommy Hilfiger,,Luxury & Fashion,tommyhilfiger
Mercedes,2024,Puma,Apparel,Puma,,Apparel & Sportswear,puma
Mercedes,2024,Police,Fashion,Police,,Luxury & Fashion,policeeyewear
Mercedes,2024,OZ Racing,Automotive,OZ Racing,,Automotive,ozracing
Mercedes,2024,Endless,Automotive,Endless,,Automotive,endless
Mercedes,2024,Pirelli,Automotive,Pirelli,,Automotive,pirelli
Mercedes,2024,SAP,Technology,SAP,,Technology,sap
Mercedes,2024,WhatsApp,Technology,WhatsApp,,Technology,whatsapp
Mercedes,2024,Luminar,Automotive,Luminar,,Automotive,luminar
RB/AlphaTauri/Toro Rosso,2024,Orlen,Energy/Oil,Orlen,,Energy,orlen
RB/AlphaTauri/Toro Rosso,2024,AlphaTauri,Apparel,AlphaTauri,,Apparel & Sportswear,alphatauri
RB/AlphaTauri/Toro Rosso,2024,Honda,Automotive,Honda,,Automotive,honda
RB/AlphaTauri/Toro Rosso,2024,Epicor,Technology,Epicor,,Technology,epicor
RB/AlphaTauri/Toro Rosso,2024,FlexBox,Technology,FlexBox,,Technology,flexbox
RB/AlphaTauri/Toro Rosso,2024,Randstad,Staffing,Randstad,,Business Services,randstad
RB/AlphaTauri/Toro Rosso,2024,Pirelli,Automotive,Pirelli,,Automotive,pirelli
RB/AlphaTauri/Toro Rosso,2024,Ravenol,Energy/Oil,Ravenol,,Energy,ravenol
RB/AlphaTauri/Toro Rosso,2024,P448,Apparel,P448,,Apparel & Sportswear,p448
RB/AlphaTauri/Toro Rosso,2024,Riedel,Technology,Riedel,,Technology,riedel
RB/AlphaTauri/Toro Rosso,2024,Siemens,Industrial,Siemens,,Industrial & Aerospace,siemens
RB/AlphaTauri/Toro Rosso,2024,XMTrading,Finance,XMTrading,,Financial Services,xmtrading
RB/AlphaTauri/Toro Rosso,2024,Visa,Finance,Visa,,Financial Services,visa
RB/AlphaTauri/Toro Rosso,2024,Cash App,Finance,Cash App,,Financial Services,cashapp
RB/AlphaTauri/Toro Rosso,2024,Hugo,Fashion,Hugo,,Luxury & Fashion,hugo
RB/AlphaTauri/Toro Rosso,2024,Tudor,Luxury Watches,Tudor,,Luxury Watches,tudor
RB/AlphaTauri/Toro Rosso,2024,NEFT Vodka,Beverages/Food,NEFT Vodka,,Food & Beverage,neftvodka
RB/AlphaTauri/Toro Rosso,2024,Piquadro,Fashion,Piquadro,,Luxury & Fashion,piquadro
Red Bull Racing,2024,Oracle,Technology,Oracle,,Technology,oracle
Red Bull Racing,2024,Tag Heuer,Luxury Watches,Tag Heuer,,Luxury Watches,tagheuer
Red Bull Racing,2024,Cash App,Finance,Cash App,,Financial Services,cashapp
Red Bull Racing,2024,Bybit,Crypto/Web3,Bybit,,Crypto & Web3,bybit
Red Bull Racing,2024,Rauch,Beverages/Food,Rauch,,Food & Beverage,rauch
Red Bull Racing,2024,Pirelli,Automotive,Pirelli,,Automotive,pirelli
Red Bull Racing,2024,Mobil 1,Energy/Oil,Mobil 1,,Energy,mobil1
Red Bull Racing,2024,Esso,Energy/Oil,Esso,,Energy,esso
Red Bull Racing,2024,Siemens,Industrial,Siemens,,Industrial & Aerospace,siemens
Red Bull Racing,2024,AT&T,Telecom,AT&T,,Telecom,att
Red Bull Racing,2024,Inter Proteccion,Insurance,Inter Proteccion,,Financial Services,interproteccion
Red Bull Racing,2024,Hewlett Packard Enterprise,Technology,Hewlett Packard Enterprise,,Technology,hewlettpackardenterprise
Red Bull Racing,2024,Telcel,Telecom,Telcel,,Telecom,telcel
Red Bull Racing,2024,Hexagon,Technology,Hexagon,,Technology,hexagon
Red Bull Racing,2024,DMG Mori,Industrial,DMG Mori,,Industrial & Aerospace,dmgmori
Red Bull Racing,2024,Ansys,Technology,Ansys,,Technology,ansys
Red Bull Racing,2024,PWR,Automotive,PWR,,Automotive,pwr
Red Bull Racing,2024,Gold Standard,Finance,Gold Standard,,Financial Services,goldstandard
Red Bull Racing,2024,Armor All,Automotive,Armor All,,Automotive,armorall
Red Bull Racing,2024,Claro,Telecom,Claro,,Telecom,claro
Red Bull Racing,2024,HP/Poly,Technology,HP/Poly,,Technology,hppoly
Red Bull Racing,2024,Built for Athletes,Apparel,Built for Athletes,,Apparel & Sportswear,builtforathletes
Red Bull Racing,2024,Castore,Apparel,Castore,,Apparel & Sportswear,castore
Red Bull Racing,2024,New Era,Apparel,New Era,,Apparel & Sportswear,newera
Red Bull Racing,2024,Athletic Propulsion Labs,Apparel,Athletic Propulsion Labs,,Apparel & Sportswear,athleticpropulsionlabs
Red Bull Racing,2024,BMC,Cycling,BMC,,Apparel & Sportswear,bmc
Red Bull Racing,2024,Blenders,Fashion,Blenders,,Luxury & Fashion,blenders
Red Bull Racing,2024,Hard Rock International,Hospitality,Hard Rock International,,"Travel, Hospitality & Logistics",hardrockinternational
Red Bull Racing,2024,ROKT,Technology,ROKT,,Technology,rokt
Red Bull Racing,2024,Honda,Automotive,Honda,,Automotive,honda
Red Bull Racing,2024,Arctic Wolf,Cybersecurity,Arctic Wolf,,Cybersecurity,arcticwolf
Red Bull Racing,2024,Zoom,Technology,Zoom,,Technology,zoom
Red Bull Racing,2024,CDW,Technology,CDW,,Technology,cdw
Red Bull Racing,2024,Sparco,Automotive,Sparco,,Automotive,sparco
Red Bull Racing,2024,Sui,Crypto/Web3,Sui,,Crypto & Web3,sui
Red Bull Racing,2024,Visa,Finance,Visa,,Financial Services,visa
Red Bull Racing,2024,Heineken,Beverages/Food,Heineken,,Food & Beverage,heineken
Red Bull Racing,2024,Patron,Beverages/Food,Patron,,Food & Beverage,patron
Sauber/Alfa Romeo,2024,Acceleron,Industrial,Acceleron,,Industrial & Aerospace,acceleron
Sauber/Alfa Romeo,2024,Code Zero,Apparel,Code Zero,,Apparel & Sportswear,codezero
Sauber/Alfa Romeo,2024,Camozzi,Industrial,Camozzi,,Industrial & Aerospace,camozzi
Sauber/Alfa Romeo,2024,Globeair,Aviation,Globeair,,"Travel, Hospitality & Logistics",globeair
Sauber/Alfa Romeo,2024,Singha,Beverages/Food,Singha,,Food & Beverage,singha
Sauber/Alfa Romeo,2024,Additive Industries,Industrial,Additive Industries,,Industrial & Aerospace,additiveindustries
Sauber/Alfa Romeo,2024,Marelli,Automotive,Marelli,,Automotive,marelli
Sauber/Alfa Romeo,2024,Mitsubishi Electric,Industrial,Mitsubishi Electric,,Industrial & Aerospace,mitsubishielectric
Sauber/Alfa Romeo,2024,Pirelli,Automotive,Pirelli,,Automotive,pirelli
Sauber/Alfa Romeo,2024,Save the Children,Nonprofit,Save the Children,,Other,savethechildren
Sauber/Alfa Romeo,2024,Hyland,Technology,Hyland,,Technology,hyland
Sauber/Alfa Romeo,2024,Puma,Apparel,Puma,,Apparel & Sportswear,puma
Sauber/Alfa Romeo,2024,Rebellion,Luxury Watches,Rebellion,,Luxury Watches,rebellion
Sauber/Alfa Romeo,2024,Sabelt,Automotive,Sabelt,,Automotive,sabelt
Sauber/Alfa Romeo,2024,Socios.com,Crypto/Web3,Socios.com,,Crypto & Web3,socioscom
Sauber/Alfa Romeo,2024,Walter Meier,Industrial,Walter Meier,,Industrial & Aerospace,waltermeier
Sauber/Alfa Romeo,2024,Web Eyewear,Fashion,Web Eyewear,,Luxury & Fashion,webeyewear
Sauber/Alfa Romeo,2024,JigSpace,Technology,JigSpace,,Technology,jigspace
Sauber/Alfa Romeo,2024,Brutsch-Ruegger,Industrial,Brutsch-Ruegger,,Industrial & Aerospace,brutschruegger
Sauber/Alfa Romeo,2024,Riedel,Technology,Riedel,,Technology,riedel
Sauber/Alfa Romeo,2024,MindMaze,Technology,MindMaze,,Technology,mindmaze
Sauber/Alfa Romeo,2024,Stake,Gambling/Betting,Stake,,Other,stake
Sauber/Alfa Romeo,2024,Kick,Media,Kick,,Media & Entertainment,kick
Sauber/Alfa Romeo,2024,Agilis,Technology,Agilis,,Technology,agilis
Sauber/Alfa Romeo,2024,Cielo,Finance,Cielo,,Financial Services,cielo
Sauber/Alfa Romeo,2024,Ciesse Piumini,Apparel,Ciesse Piumini,,Apparel & Sportswear,ciessepiumini
Sauber/Alfa Romeo,2024,Everdome,Crypto/Web3,Everdome,,Crypto & Web3,everdome
Sauber/Alfa Romeo,2024,Georg Fischer,Industrial,Georg Fischer,,Industrial & Aerospace,georgfischer
Sauber/Alfa Romeo,2024,Mascot Workwear,Apparel,Mascot Workwear,,Apparel & Sportswear,mascotworkwear
Sauber/Alfa Romeo,2024,SenseTime,Technology,SenseTime,,Technology,sensetime
Sauber/Alfa Romeo,2024,Seagate,Technology,Seagate,,Technology,seagate
Sauber/Alfa Romeo,2024,WhistlePig,Beverages/Food,WhistlePig,,Food & Beverage,whistlepig
Sauber/Alfa Romeo,2024,FIX Network,Automotive,FIX Network,,Automotive,fixnetwork
Sauber/Alfa Romeo,2024,Sunoco,Energy/Oil,Sunoco,,Energy,sunoco
Sauber/Alfa Romeo,2024,Extreme Networks,Technology,Extreme Networks,,Technology,extremenetworks
Sauber/Alfa Romeo,2024,Lemo,Technology,Lemo,,Technology,lemo
Sauber/Alfa Romeo,2024,Vibratech,Industrial,Vibratech,,Industrial & Aerospace,vibratech
Sauber/Alfa Romeo,2024,Scania,Automotive,Scania,,Automotive,scania
Sauber/Alfa Romeo,2024,Hewlett Packard Enterprise,Technology,Hewlett Packard Enterprise,,Technology,hewlettpackardenterprise
Williams,2024,Gulf,Energy/Oil,Gulf,,Energy,gulf
Williams,2024,Duracell,Consumer Goods,Duracell,,Consumer Goods & Retail,duracell
Williams,2024,Stephens,Finance,Stephens,,Financial Services,stephens
Williams,2024,Dorilton Ventures,Investment,Dorilton Ventures,,Financial Services,doriltonventures
Williams,2024,Michelob Ultra,Beverages/Food,Michelob Ultra,,Food & Beverage,michelobultra
Williams,2024,Financial Times,Media,Financial Times,,Media & Entertainment,financialtimes
Williams,2024,Broadcom Software,Technology,Broadcom Software,,Technology,broadcomsoftware
Williams,2024,PureStream,Technology,PureStream,,Technology,purestream
Williams,2024,Pirelli,Automotive,Pirelli,,Automotive,pirelli
Williams,2024,Crew Clothing Company,Apparel,Crew Clothing Company,,Apparel & Sportswear,crewclothingcompany
Williams,2024,Life Fitness,Fitness,Life Fitness,,Apparel & Sportswear,lifefitness
Williams,2024,SIA,Nonprofit,SIA,,Other,sia
Williams,2024,Kraken,Crypto/Web3,Kraken,,Crypto & Web3,kraken
Williams,2024,Komatsu,Industrial,Komatsu,,Industrial & Aerospace,komatsu
Williams,2024,MyProtein,Fitness,MyProtein,,Apparel & Sportswear,myprotein
Williams,2024,VAST,Technology,VAST,,Technology,vast
Williams,2024,Ingenuity Commerce,Technology,Ingenuity Commerce,,Technology,ingenuitycommerce
Williams,2024,Puma,Apparel,Puma,,Apparel & Sportswear,puma
Alpine/Renault,2025,BWT,Water Technology,BWT,,Industrial & Aerospace,bwt
Alpine/Renault,2025,Renault E-Tech,Automotive,Renault E-Tech,,Automotive,renaultetech
Alpine/Renault,2025,Binance,Crypto/Web3,Binance,,Crypto & Web3,binance
Alpine/Renault,2025,Mobilize Financial Services,Finance,Mobilize Financial Services,,Financial Services,mobilizefinancialservices
Alpine/Renault,2025,Microsoft,Technology,Microsoft,,Technology,microsoft
Alpine/Renault,2025,Sprinklr,Technology,Sprinklr,,Technology,sprinklr
Alpine/Renault,2025,Boeing,Aerospace,Boeing,,Industrial & Aerospace,boeing
Alpine/Renault,2025,Delphi,Automotive,Delphi,,Automotive,delphi
Alpine/Renault,2025,Eurodatacar,Technology,Eurodatacar,,Technology,eurodatacar
Alpine/Renault,2025,Shamir,Consumer Goods,Shamir,,Consumer Goods & Retail,shamir
Alpine/Renault,2025,3D Systems,Technology,3D Systems,,Technology,3dsystems
Alpine/Renault,2025,Alpinestars,Apparel,Alpinestars,,Apparel & Sportswear,alpinestars
Alpine/Renault,2025,Matrix,Technology,Matrix,,Technology,matrix
Alpine/Renault,2025,Pirelli,Automotive,Pirelli,,Automotive,pirelli
Alpine/Renault,2025,Roland,Technology,Roland,,Technology,roland
Alpine/Renault,2025,Track Racer,Consumer Goods,Track Racer,,Consumer Goods & Retail,trackracer
Alpine/Renault,2025,Canel’s,Beverages/Food,Canel’s,,Food & Beverage,canels
Alpine/Renault,2025,businesssolver,Technology,businesssolver,,Technology,businesssolver
Alpine/Renault,2025,XBOX,Gaming,XBOX,,Media & Entertainment,xbox
Alpine/Renault,2025,mntn,Technology,mntn,,Technology,mntn
Alpine/Renault,2025,Qatar Airways,Aviation,Qatar Airways,,"Travel, Hospitality & Logistics",qatarairways
Alpine/Renault,2025,H Moser & Cie,Luxury Watches,H Moser & Cie,,Luxury Watches,hmosercie
Alpine/Renault,2025,Eni,Energy/Oil,Eni,,Energy,eni
Alpine/Renault,2025,MSC Cruises,Hospitality,MSC Cruises,,"Travel, Hospitality & Logistics",msccruises
Alpine/Renault,2025,R5 Turbo 3E,Automotive,R5 Turbo 3E,,Automotive,r5turbo3e
Alpine/Renault,2025,Arctic Monkey,Beverages/Food,Arctic Monkey,,Food & Beverage,arcticmonkey
Alpine/Renault,2025,ApeCoin,Crypto/Web3,ApeCoin,,Crypto & Web3,apecoin
Alpine/Renault,2025,Banco BRB,Finance,Banco BRB,,Financial Services,bancobrb
Alpine/Renault,2025,Castore,Apparel,Castore,,Apparel & Sportswear,castore
Alpine/Renault,2025,INFINOX,Finance,INFINOX,,Financial Services,infinox
Alpine/Renault,2025,Mercado Libre,Ecommerce,Mercado Libre,,Technology,mercadolibre
Alpine/Renault,2025,Modo Casino,Gambling/Betting,Modo Casino,,Other,modocasino
Alpine/Renault,2025,New Era,Apparel,New Era,,Apparel & Sportswear,newera
Alpine/Renault,2025,Oakberry,Beverages/Food,Oakberry,,Food & Beverage,oakberry
Alpine/Renault,2025,The Venetian Resort,Hospitality,The Venetian Resort,,"Travel, Hospitality & Logistics",thevenetianresort
Alpine/Renault,2025,Lumi,Other,Lumi,,Other,lumi
Alpine/Renault,2025,Jaaq,Other,Jaaq,,Other,jaaq
Alpine/Renault,2025,M-Experiment,Other,M-Experiment,,Other,mexperiment
Alpine/Renault,2025,viagogo,Ticketing,viagogo,,Media & Entertainment,viagogo
Aston Martin/Racing Point/Force India,2025,Cognizant,Technology,Cognizant,,Technology,cognizant
Aston Martin/Racing Point/Force India,2025,Aramco,Energy/Oil,Aramco,,Energy,aramco
Aston Martin/Racing Point/Force India,2025,SentinelOne,Cybersecurity,SentinelOne,,Cybersecurity,sentinelone
Aston Martin/Racing Point/Force India,2025,Citi,Finance,Citi,,Financial Services,citi
Aston Martin/Racing Point/Force India,2025,JCB,Industrial,JCB,,Industrial & Aerospace,jcb
Aston Martin/Racing Point/Force India,2025,NetApp,Technology,NetApp,,Technology,netapp
Aston Martin/Racing Point/Force India,2025,Boss,Fashion,Boss,,Luxury & Fashion,boss
Aston Martin/Racing Point/Force India,2025,Girard Perregaux,Luxury Watches,Girard Perregaux,,Luxury Watches,girardperregaux
Aston Martin/Racing Point/Force India,2025,Bombardier,Aerospace,Bombardier,,Industrial & Aerospace,bombardier
Aston Martin/Racing Point/Force India,2025,Pirelli,Automotive,Pirelli,,Automotive,pirelli
Aston Martin/Racing Point/Force India,2025,TikTok,Media,TikTok,,Media & Entertainment,tiktok
Aston Martin/Racing Point/Force India,2025,Ogio,Travel/Luggage,Ogio,,Luxury & Fashion,ogio
Aston Martin/Racing Point/Force India,2025,Oakley,Fashion,Oakley,,Luxury & Fashion,oakley
Aston Martin/Racing Point/Force India,2025,Stilo,Automotive,Stilo,,Automotive,stilo
Aston Martin/Racing Point/Force India,2025,Velocity Black,Technology,Velocity Black,,Technology,velocityblack
Aston Martin/Racing Point/Force India,2025,Valvoline,Energy/Oil,Valvoline,,Energy,valvoline
Aston Martin/Racing Point/Force India,2025,NexGEN,Technology,NexGEN,,Technology,nexgen
Aston Martin/Racing Point/Force India,2025,Banco Master,Finance,Banco Master,,Financial Services,bancomaster
Aston Martin/Racing Point/Force India,2025,ServiceNow,Technology,ServiceNow,,Technology,servicenow
Aston Martin/Racing Point/Force India,2025,Regent Sea Cruises,Hospitality,Regent Sea Cruises,,"Travel, Hospitality & Logistics",regentseacruises
Aston Martin/Racing Point/Force India,2025,Wolfgang Puck,Hospitality,Wolfgang Puck,,"Travel, Hospitality & Logistics",wolfgangpuck
Aston Martin/Racing Point/Force India,2025,Financial Times,Media,Financial Times,,Media & Entertainment,financialtimes
Aston Martin/Racing Point/Force India,2025,OMP,Automotive,OMP,,Automotive,omp
Aston Martin/Racing Point/Force India,2025,Stichd,Apparel,Stichd,,Apparel & Sportswear,stichd
Aston Martin/Racing Point/Force India,2025,Maaden,Mining,Maaden,,Industrial & Aerospace,maaden
Aston Martin/Racing Point/Force India,2025,Glenfiddich,Beverages/Food,Glenfiddich,,Food & Beverage,glenfiddich
Aston Martin/Racing Point/Force India,2025,Coinbase,Crypto/Web3,Coinbase,,Crypto & Web3,coinbase
Aston Martin/Racing Point/Force India,2025,Pepperstone,Finance,Pepperstone,,Financial Services,pepperstone
Aston Martin/Racing Point/Force India,2025,Circle,Crypto/Web3,Circle,,Crypto & Web3,circle
Aston Martin/Racing Point/Force India,2025,Xerox,Technology,Xerox,,Technology,xerox
Aston Martin/Racing Point/Force India,2025,Arm,Technology,Arm,,Technology,arm
Aston Martin/Racing Point/Force India,2025,Atlas Air,Aviation,Atlas Air,,"Travel, Hospitality & Logistics",atlasair
Aston Martin/Racing Point/Force India,2025,Elemis London,Beauty,Elemis London,,Consumer Goods & Retail,elemislondon
Aston Martin/Racing Point/Force India,2025,Puma,Apparel,Puma,,Apparel & Sportswear,puma
Ferrari,2025,Shell,Energy/Oil,Shell,,Energy,shell
Ferrari,2025,Ray-Ban,Fashion,Ray-Ban,,Luxury & Fashion,rayban
Ferrari,2025,AWS,Technology,AWS,,Technology,aws
Ferrari,2025,Richard Mille,Luxury Watches,Richard Mille,,Luxury Watches,richardmille
Ferrari,2025,Ceva Logistics,Logistics,Ceva Logistics,,"Travel, Hospitality & Logistics",cevalogistics
Ferrari,2025,OMR Automotive,Automotive,OMR Automotive,,Automotive,omrautomotive
Ferrari,2025,MAHLE,Automotive,MAHLE,,Automotive,mahle
Ferrari,2025,Pirelli,Automotive,Pirelli,,Automotive,pirelli
Ferrari,2025,Puma,Apparel,Puma,,Apparel & Sportswear,puma
Ferrari,2025,Bell,Automotive,Bell,,Automotive,bell
Ferrari,2025,SKF,Industrial,SKF,,Industrial & Aerospace,skf
Ferrari,2025,VistaJet,Aviation,VistaJet,,"Travel, Hospitality & Logistics",vistajet
Ferrari,2025,NGK Spark Plugs,Automotive,NGK Spark Plugs,,Automotive,ngksparkplugs
Ferrari,2025,Brembo,Automotive,Brembo,,Automotive,brembo
Ferrari,2025,Riedel,Technology,Riedel,,Technology,riedel
Ferrari,2025,Iveco,Automotive,Iveco,,Automotive,iveco
Ferrari,2025,ManPower Group,Staffing,ManPower Group,,Business Services,manpowergroup
Ferrari,2025,Technogym,Fitness,Technogym,,Apparel & Sportswear,technogym
Ferrari,2025,Garrett,Automotive,Garrett,,Automotive,garrett
Ferrari,2025,Giorgio Armani,Fashion,Giorgio Armani,,Luxury & Fashion,giorgioarmani
Ferrari,2025,Sabelt,Automotive,Sabelt,,Automotive,sabelt
Ferrari,2025,VGW Play,Gambling/Betting,VGW Play,,Other,vgwplay
Ferrari,2025,Genesys,Technology,Genesys,,Technology,genesys
Ferrari,2025,Bitdefender,Cybersecurity,Bitdefender,,Cybersecurity,bitdefender
Ferrari,2025,HCL Software,Technology,HCL Software,,Technology,hclsoftware
Ferrari,2025,ZCG,Finance,ZCG,,Financial Services,zcg
Ferrari,2025,Bang & Olufsen,Consumer Electronics,Bang & Olufsen,,Technology,bangolufsen
Ferrari,2025,Ecopol,Industrial,Ecopol,,Industrial & Aerospace,ecopol
Ferrari,2025,Ohlins,Automotive,Ohlins,,Automotive,ohlins
Ferrari,2025,DXC Technology,Technology,DXC Technology,,Technology,dxctechnology
Ferrari,2025,Peroni,Beverages/Food,Peroni,,Food & Beverage,peroni
Ferrari,2025,Philip Morris International,Tobacco,Philip Morris International,,Other,philipmorrisinternational
Ferrari,2025,Celsius,Beverages/Food,Celsius,,Food & Beverage,celsius
Ferrari,2025,HP,Technology,HP,,Technology,hp
Ferrari,2025,UniCredit,Finance,UniCredit,,Financial Services,unicredit
Ferrari,2025,Ambipar,Environmental Services,Ambipar,,Industrial & Aerospace,ambipar
Ferrari,2025,Chivas Regal,Beverages/Food,Chivas Regal,,Food & Beverage,chivasregal
Ferrari,2025,Espacto,Other,Espacto,,Other,espacto
Ferrari,2025,Vantage,Finance,Vantage,,Financial Services,vantage
Ferrari,2025,IBM,Technology,IBM,,Technology,ibm
Haas,2025,Haas Automation,Industrial,Haas Automation,,Industrial & Aerospace,haasautomation
Haas,2025,Alpinestars,Apparel,Alpinestars,,Apparel & Sportswear,alpinestars
Haas,2025,Pirelli,Automotive,Pirelli,,Automotive,pirelli
Haas,2025,Schuberth,Automotive,Schuberth,,Automotive,schuberth
Haas,2025,Taittinger,Beverages/Food,Taittinger,,Food & Beverage,taittinger
Haas,2025,Tricorp Workwear,Apparel,Tricorp Workwear,,Apparel & Sportswear,tricorpworkwear
Haas,2025,MoneyGram,Finance,MoneyGram,,Financial Services,moneygram
Haas,2025,Haas Tooling,Industrial,Haas Tooling,,Industrial & Aerospace,haastooling
Haas,2025,Travis Mathew,Apparel,Travis Mathew,,Apparel & Sportswear,travismathew
Haas,2025,Play & Go,Gaming,Play & Go,,Media & Entertainment,playgo
Haas,2025,MGM Rewards,Hospitality,MGM Rewards,,"Travel, Hospitality & Logistics",mgmrewards
Haas,2025,New Era,Apparel,New Era,,Apparel & Sportswear,newera
Haas,2025,Toyota Gazoo Racing,Automotive,Toyota Gazoo Racing,,Automotive,toyotagazooracing
Haas,2025,CommScope,Technology,CommScope,,Technology,commscope
Haas,2025,Mphasis,Technology,Mphasis,,Technology,mphasis
Haas,2025,Orion180,Insurance,Orion180,,Financial Services,orion180
Haas,2025,Ruckus,Technology,Ruckus,,Technology,ruckus
Haas,2025,UChicago Medicine,Healthcare,UChicago Medicine,,Other,uchicagomedicine
McLaren,2025,British-American Tobacco (A Better Tomorrow),Tobacco,British-American Tobacco (A Better Tomorrow),,Other,britishamericantobaccoabettertomorrow
McLaren,2025,Splunk,Technology,Splunk,,Technology,splunk
McLaren,2025,Dell Technologies,Technology,Dell Technologies,,Technology,delltechnologies
McLaren,2025,Alteryx,Technology,Alteryx,,Technology,alteryx
McLaren,2025,Smartsheet,Technology,Smartsheet,,Technology,smartsheet
McLaren,2025,Medallia,Technology,Medallia,,Technology,medallia
McLaren,2025,Arrow Electronics,Technology,Arrow Electronics,,Technology,arrowelectronics
McLaren,2025,Richard Mille,Luxury Watches,Richard Mille,,Luxury Watches,richardmille
McLaren,2025,Hilton,Hospitality,Hilton,,"Travel, Hospitality & Logistics",hilton
McLaren,2025,Unilever,Consumer Goods,Unilever,,Consumer Goods & Retail,unilever
McLaren,2025,FxPro,Finance,FxPro,,Financial Services,fxpro
McLaren,2025,Deloitte,Professional Services,Deloitte,,Business Services,deloitte
McLaren,2025,TUMI,Fashion,TUMI,,Luxury & Fashion,tumi
McLaren,2025,CNBC,Media,CNBC,,Media & Entertainment,cnbc
McLaren,2025,Ashurst,Legal,Ashurst,,Business Services,ashurst
McLaren,2025,Stratasys,Technology,Stratasys,,Technology,stratasys
McLaren,2025,KAUST,Education,KAUST,,Business Services,kaust
McLaren,2025,New Era,Apparel,New Era,,Apparel & Sportswear,newera
McLaren,2025,FAI Aviation Group,Aviation,FAI Aviation Group,,"Travel, Hospitality & Logistics",faiaviationgroup
McLaren,2025,Cisco,Technology,Cisco,,Technology,cisco
McLaren,2025,AkzoNobel-Sikkens,Industrial,AkzoNobel-Sikkens,,Industrial & Aerospace,akzonobelsikkens
McLaren,2025,Castore,Apparel,Castore,,Apparel & Sportswear,castore
McLaren,2025,SunGod,Fashion,SunGod,,Luxury & Fashion,sungod
McLaren,2025,Google/Chrome,Technology,Google/Chrome,,Technology,googlechrome
McLaren,2025,Pirelli,Automotive,Pirelli,,Automotive,pirelli
McLaren,2025,OKX,Crypto/Web3,OKX,,Crypto & Web3,okx
McLaren,2025,Android,Technology,Android,,Technology,android
McLaren,2025,DP World,Logistics,DP World,,"Travel, Hospitality & Logistics",dpworld
McLaren,2025,Jack Daniels,Beverages/Food,Jack Daniels,,Food & Beverage,jackdaniels
McLaren,2025,DeWalt,Industrial,DeWalt,,Industrial & Aerospace,dewalt
McLaren,2025,K-Swiss,Apparel,K-Swiss,,Apparel & Sportswear,kswiss
McLaren,2025,Monster Energy,Beverages/Food,Monster Energy,,Food & Beverage,monsterenergy
McLaren,2025,Salesforce,Technology,Salesforce,,Technology,salesforce
McLaren,2025,Estrella Galicia,Beverages/Food,Estrella Galicia,,Food & Beverage,estrellagalicia
McLaren,2025,Dropbox,Technology,Dropbox,,Technology,dropbox
McLaren,2025,Workday,Technology,Workday,,Technology,workday
McLaren,2025,Ecolab,Industrial,Ecolab,,Industrial & Aerospace,ecolab
McLaren,2025,Airwallex,Finance,Airwallex,,Financial Services,airwallex
McLaren,2025,ON Optimum Nutrition,Fitness,ON Optimum Nutrition,,Apparel & Sportswear,onoptimumnutrition
McLaren,2025,Halo ITSM,Technology,Halo ITSM,,Technology,haloitsm
McLaren,2025,Udemy,Education,Udemy,,Business Services,udemy
McLaren,2025,Reiss,Fashion,Reiss,,Luxury & Fashion,reiss
McLaren,2025,Alpinestar,Apparel,Alpinestar,,Apparel & Sportswear,alpinestar
McLaren,2025,Mastercard,Finance,Mastercard,,Financial Services,mastercard
McLaren,2025,Allwyn,Gambling/Betting,Allwyn,,Other,allwyn
McLaren,2025,Okta,Cybersecurity,Okta,,Cybersecurity,okta
McLaren,2025,Goldman Sachs,Finance,Goldman Sachs,,Financial Services,goldmansachs
McLaren,2025,eBay,Ecommerce,eBay,,Technology,ebay
McLaren,2025,Greene Tweed,Industrial,Greene Tweed,,Industrial & Aerospace,greenetweed
McLaren,2025,T-Mobile,Telecom,T-Mobile,,Telecom,tmobile
McLaren,2025,LEGO,Toys/Games,LEGO,,Consumer Goods & Retail,lego
Mercedes,2025,Petronas,Energy/Oil,Petronas,,Energy,petronas
Mercedes,2025,Ineos,Chemicals,Ineos,,Industrial & Aerospace,ineos
Mercedes,2025,CrowdStrike,Cybersecurity,CrowdStrike,,Cybersecurity,crowdstrike
Mercedes,2025,TeamViewer,Technology,TeamViewer,,Technology,teamviewer
Mercedes,2025,UBS,Finance,UBS,,Financial Services,ubs
Mercedes,2025,Snapdragon,Technology,Snapdragon,,Technology,snapdragon
Mercedes,2025,G42,Technology,G42,,Technology,g42
Mercedes,2025,Akkodis,Technology,Akkodis,,Technology,akkodis
Mercedes,2025,IWC Schaffhausen,Luxury Watches,IWC Schaffhausen,,Luxury Watches,iwcschaffhausen
Mercedes,2025,Hewlett Packard Enterprise,Technology,Hewlett Packard Enterprise,,Technology,hewlettpackardenterprise
Mercedes,2025,Solera,Technology,Solera,,Technology,solera
Mercedes,2025,Nuvei,Finance,Nuvei,,Financial Services,nuvei
Mercedes,2025,Einhell,Industrial,Einhell,,Industrial & Aerospace,einhell
Mercedes,2025,AMD,Technology,AMD,,Technology,amd
Mercedes,2025,The Ritz-Carlton,Hospitality,The Ritz-Carlton,,"Travel, Hospitality & Logistics",theritzcarlton
Mercedes,2025,Sherwin Williams,Industrial,Sherwin Williams,,Industrial & Aerospace,sherwinwilliams
Mercedes,2025,Endless,Automotive,Endless,,Automotive,endless
Mercedes,2025,Pirelli,Automotive,Pirelli,,Automotive,pirelli
Mercedes,2025,SAP,Technology,SAP,,Technology,sap
Mercedes,2025,WhatsApp,Technology,WhatsApp,,Technology,whatsapp
Mercedes,2025,Luminar,Automotive,Luminar,,Automotive,luminar
Mercedes,2025,BetterUp,Workplace Coaching,BetterUp,,Business Services,betterup
Mercedes,2025,adidas,Apparel,adidas,,Apparel & Sportswear,adidas
Mercedes,2025,Signify,Technology,Signify,,Technology,signify
Mercedes,2025,Mous,Consumer Electronics,Mous,,Technology,mous
RB/AlphaTauri/Toro Rosso,2025,Honda,Automotive,Honda,,Automotive,honda
RB/AlphaTauri/Toro Rosso,2025,Randstad,Staffing,Randstad,,Business Services,randstad
RB/AlphaTauri/Toro Rosso,2025,Pirelli,Automotive,Pirelli,,Automotive,pirelli
RB/AlphaTauri/Toro Rosso,2025,Riedel,Technology,Riedel,,Technology,riedel
RB/AlphaTauri/Toro Rosso,2025,Siemens,Industrial,Siemens,,Industrial & Aerospace,siemens
RB/AlphaTauri/Toro Rosso,2025,XMTrading,Finance,XMTrading,,Financial Services,xmtrading
RB/AlphaTauri/Toro Rosso,2025,Visa,Finance,Visa,,Financial Services,visa
RB/AlphaTauri/Toro Rosso,2025,Cash App,Finance,Cash App,,Financial Services,cashapp
RB/AlphaTauri/Toro Rosso,2025,Hugo,Fashion,Hugo,,Luxury & Fashion,hugo
RB/AlphaTauri/Toro Rosso,2025,Tudor,Luxury Watches,Tudor,,Luxury Watches,tudor
RB/AlphaTauri/Toro Rosso,2025,NEFT Vodka,Beverages/Food,NEFT Vodka,,Food & Beverage,neftvodka
RB/AlphaTauri/Toro Rosso,2025,Piquadro,Fashion,Piquadro,,Luxury & Fashion,piquadro
RB/AlphaTauri/Toro Rosso,2025,Hugo Eyewear,Fashion,Hugo Eyewear,,Luxury & Fashion,hugoeyewear
RB/AlphaTauri/Toro Rosso,2025,RebelDot,Technology,RebelDot,,Technology,rebeldot
RB/AlphaTauri/Toro Rosso,2025,Airtasker,Technology,Airtasker,,Technology,airtasker
RB/AlphaTauri/Toro Rosso,2025,Dynatrace,Technology,Dynatrace,,Technology,dynatrace
RB/AlphaTauri/Toro Rosso,2025,Student.com,Travel,Student.com,,"Travel, Hospitality & Logistics",studentcom
RB/AlphaTauri/Toro Rosso,2025,Roboze,Industrial,Roboze,,Industrial & Aerospace,roboze
RB/AlphaTauri/Toro Rosso,2025,Hahn Air,Aviation,Hahn Air,,"Travel, Hospitality & Logistics",hahnair
Red Bull Racing,2025,Oracle,Technology,Oracle,,Technology,oracle
Red Bull Racing,2025,Tag Heuer,Luxury Watches,Tag Heuer,,Luxury Watches,tagheuer
Red Bull Racing,2025,Rauch,Beverages/Food,Rauch,,Food & Beverage,rauch
Red Bull Racing,2025,Pirelli,Automotive,Pirelli,,Automotive,pirelli
Red Bull Racing,2025,Mobil 1,Energy/Oil,Mobil 1,,Energy,mobil1
Red Bull Racing,2025,Esso,Energy/Oil,Esso,,Energy,esso
Red Bull Racing,2025,Siemens,Industrial,Siemens,,Industrial & Aerospace,siemens
Red Bull Racing,2025,AT&T,Telecom,AT&T,,Telecom,att
Red Bull Racing,2025,Hexagon,Technology,Hexagon,,Technology,hexagon
Red Bull Racing,2025,DMG Mori,Industrial,DMG Mori,,Industrial & Aerospace,dmgmori
Red Bull Racing,2025,Ansys,Technology,Ansys,,Technology,ansys
Red Bull Racing,2025,PWR,Automotive,PWR,,Automotive,pwr
Red Bull Racing,2025,Gold Standard,Finance,Gold Standard,,Financial Services,goldstandard
Red Bull Racing,2025,Armor All,Automotive,Armor All,,Automotive,armorall
Red Bull Racing,2025,Castore,Apparel,Castore,,Apparel & Sportswear,castore
Red Bull Racing,2025,New Era,Apparel,New Era,,Apparel & Sportswear,newera
Red Bull Racing,2025,Hard Rock International,Hospitality,Hard Rock International,,"Travel, Hospitality & Logistics",hardrockinternational
Red Bull Racing,2025,ROKT,Technology,ROKT,,Technology,rokt
Red Bull Racing,2025,Honda,Automotive,Honda,,Automotive,honda
Red Bull Racing,2025,CDW,Technology,CDW,,Technology,cdw
Red Bull Racing,2025,Sparco,Automotive,Sparco,,Automotive,sparco
Red Bull Racing,2025,Visa,Finance,Visa,,Financial Services,visa
Red Bull Racing,2025,Heineken,Beverages/Food,Heineken,,Food & Beverage,heineken
Red Bull Racing,2025,Patron,Beverages/Food,Patron,,Food & Beverage,patron
Red Bull Racing,2025,Gate.io,Crypto/Web3,Gate.io,,Crypto & Web3,gateio
Red Bull Racing,2025,1Password,Cybersecurity,1Password,,Cybersecurity,1password
Red Bull Racing,2025,Yeti,Consumer Goods,Yeti,,Consumer Goods & Retail,yeti
Red Bull Racing,2025,Maui Jim,Fashion,Maui Jim,,Luxury & Fashion,mauijim
Red Bull Racing,2025,AvaTrade,Finance,AvaTrade,,Financial Services,avatrade
Red Bull Racing,2025,Pepe Jeans,Fashion,Pepe Jeans,,Luxury & Fashion,pepejeans
Red Bull Racing,2025,Philips,Consumer Electronics,Philips,,Technology,philips
Red Bull Racing,2025,Neat,Technology,Neat,,Technology,neat
Red Bull Racing,2025,Mophie,Consumer Electronics,Mophie,,Technology,mophie
Sauber/Alfa Romeo,2025,Code Zero,Apparel,Code Zero,,Apparel & Sportswear,codezero
Sauber/Alfa Romeo,2025,Camozzi,Industrial,Camozzi,,Industrial & Aerospace,camozzi
Sauber/Alfa Romeo,2025,Globeair,Aviation,Globeair,,"Travel, Hospitality & Logistics",globeair
Sauber/Alfa Romeo,2025,Singha,Beverages/Food,Singha,,Food & Beverage,singha
Sauber/Alfa Romeo,2025,Additive Industries,Industrial,Additive Industries,,Industrial & Aerospace,additiveindustries
Sauber/Alfa Romeo,2025,Mitsubishi Electric,Industrial,Mitsubishi Electric,,Industrial & Aerospace,mitsubishielectric
Sauber/Alfa Romeo,2025,Pirelli,Automotive,Pirelli,,Automotive,pirelli
Sauber/Alfa Romeo,2025,Puma,Apparel,Puma,,Apparel & Sportswear,puma
Sauber/Alfa Romeo,2025,Sabelt,Automotive,Sabelt,,Automotive,sabelt
Sauber/Alfa Romeo,2025,Walter Meier,Industrial,Walter Meier,,Industrial & Aerospace,waltermeier
Sauber/Alfa Romeo,2025,Web Eyewear,Fashion,Web Eyewear,,Luxury & Fashion,webeyewear
Sauber/Alfa Romeo,2025,JigSpace,Technology,JigSpace,,Technology,jigspace
Sauber/Alfa Romeo,2025,Brutsch-Ruegger,Industrial,Brutsch-Ruegger,,Industrial & Aerospace,brutschruegger
Sauber/Alfa Romeo,2025,Riedel,Technology,Riedel,,Technology,riedel
Sauber/Alfa Romeo,2025,Stake,Gambling/Betting,Stake,,Other,stake
Sauber/Alfa Romeo,2025,Kick,Media,Kick,,Media & Entertainment,kick
Sauber/Alfa Romeo,2025,Agilis,Technology,Agilis,,Technology,agilis
Sauber/Alfa Romeo,2025,Cielo,Finance,Cielo,,Financial Services,cielo
Sauber/Alfa Romeo,2025,Mascot Workwear,Apparel,Mascot Workwear,,Apparel & Sportswear,mascotworkwear
Sauber/Alfa Romeo,2025,SenseTime,Technology,SenseTime,,Technology,sensetime
Sauber/Alfa Romeo,2025,FIX Network,Automotive,FIX Network,,Automotive,fixnetwork
Sauber/Alfa Romeo,2025,Sunoco,Energy/Oil,Sunoco,,Energy,sunoco
Sauber/Alfa Romeo,2025,Extreme Networks,Technology,Extreme Networks,,Technology,extremenetworks
Sauber/Alfa Romeo,2025,Scania,Automotive,Scania,,Automotive,scania
Sauber/Alfa Romeo,2025,Hewlett Packard Enterprise,Technology,Hewlett Packard Enterprise,,Technology,hewlettpackardenterprise
Sauber/Alfa Romeo,2025,Zero,Technology,Zero,,Technology,zero
Sauber/Alfa Romeo,2025,Jeckerson,Fashion,Jeckerson,,Luxury & Fashion,jeckerson
Sauber/Alfa Romeo,2025,Beyond Nations,Other,Beyond Nations,,Other,beyondnations
Sauber/Alfa Romeo,2025,Edelweiss,Aviation,Edelweiss,,"Travel, Hospitality & Logistics",edelweiss
Sauber/Alfa Romeo,2025,GF+,Industrial,GF+,,Industrial & Aerospace,gf
Sauber/Alfa Romeo,2025,Tucano,Consumer Electronics,Tucano,,Technology,tucano
Sauber/Alfa Romeo,2025,Catalano,Industrial,Catalano,,Industrial & Aerospace,catalano
Sauber/Alfa Romeo,2025,Libertex,Finance,Libertex,,Financial Services,libertex
Sauber/Alfa Romeo,2025,CoinPayments,Crypto/Web3,CoinPayments,,Crypto & Web3,coinpayments
Sauber/Alfa Romeo,2025,Admin By Request,Cybersecurity,Admin By Request,,Cybersecurity,adminbyrequest
Williams,2025,Gulf,Energy/Oil,Gulf,,Energy,gulf
Williams,2025,Duracell,Consumer Goods,Duracell,,Consumer Goods & Retail,duracell
Williams,2025,Stephens,Finance,Stephens,,Financial Services,stephens
Williams,2025,Dorilton Ventures,Investment,Dorilton Ventures,,Financial Services,doriltonventures
Williams,2025,Pirelli,Automotive,Pirelli,,Automotive,pirelli
Williams,2025,Life Fitness,Fitness,Life Fitness,,Apparel & Sportswear,lifefitness
Williams,2025,SIA,Nonprofit,SIA,,Other,sia
Williams,2025,Kraken,Crypto/Web3,Kraken,,Crypto & Web3,kraken
Williams,2025,Komatsu,Industrial,Komatsu,,Industrial & Aerospace,komatsu
Williams,2025,MyProtein,Fitness,MyProtein,,Apparel & Sportswear,myprotein
Williams,2025,VAST,Technology,VAST,,Technology,vast
Williams,2025,THG Ingenuity Commerce,Technology,THG Ingenuity Commerce,,Technology,thgingenuitycommerce
Williams,2025,Puma,Apparel,Puma,,Apparel & Sportswear,puma
Williams,2025,Atlassian,Technology,Atlassian,,Technology,atlassian
Williams,2025,Santander,Finance,Santander,,Financial Services,santander
Williams,2025,Keeper,Cybersecurity,Keeper,,Cybersecurity,keeper
Williams,2025,FanCapital,Finance,FanCapital,,Financial Services,fancapital
Williams,2025,Reviva,Other,Reviva,,Other,reviva
Williams,2025,Zoox,Automotive,Zoox,,Automotive,zoox
Williams,2025,Brillio,Technology,Brillio,,Technology,brillio
