Season,RoundNumber,RaceName,Team,Driver,QualifyingPos,RaceFinishPos,RacePoints,TeamStd
2018,1,Australian Grand Prix,Mercedes,HAM,1.0,2.0,18.0,Mercedes
2018,1,Australian Grand Prix,Ferrari,RAI,2.0,3.0,15.0,Ferrari
2018,1,Australian Grand Prix,Ferrari,VET,3.0,1.0,25.0,Ferrari
2018,1,Australian Grand Prix,Red Bull Racing,VER,4.0,6.0,8.0,Red Bull Racing
2018,1,Australian Grand Prix,Red Bull Racing,RIC,5.0,4.0,12.0,Red Bull Racing
2018,1,Australian Grand Prix,Haas F1 Team,MAG,6.0,17.0,0.0,Haas
2018,1,Australian Grand Prix,Haas F1 Team,GRO,7.0,16.0,0.0,Haas
2018,1,Australian Grand Prix,Renault,HUL,8.0,7.0,6.0,Alpine/Renault
2018,1,Australian Grand Prix,Renault,SAI,9.0,10.0,1.0,Alpine/Renault
2018,1,Australian Grand Prix,Mercedes,BOT,10.0,8.0,4.0,Mercedes
2018,1,Australian Grand Prix,McLaren,ALO,11.0,5.0,10.0,McLaren
2018,1,Australian Grand Prix,McLaren,VAN,12.0,9.0,2.0,McLaren
2018,1,Australian Grand Prix,Force India,PER,13.0,11.0,0.0,Aston Martin/Racing Point/Force India
2018,1,Australian Grand Prix,Williams,STR,14.0,14.0,0.0,Williams
2018,1,Australian Grand Prix,Force India,OCO,15.0,12.0,0.0,Aston Martin/Racing Point/Force India
2018,1,Australian Grand Prix,Toro Rosso,HAR,16.0,15.0,0.0,RB/AlphaTauri/Toro Rosso
2018,1,Australian Grand Prix,Sauber,ERI,17.0,19.0,0.0,Sauber/Alfa Romeo
2018,1,Australian Grand Prix,Sauber,LEC,18.0,13.0,0.0,Sauber/Alfa Romeo
2018,1,Australian Grand Prix,Williams,SIR,19.0,20.0,0.0,Williams
2018,1,Australian Grand Prix,Toro Rosso,GAS,20.0,18.0,0.0,RB/AlphaTauri/Toro Rosso
2018,2,Bahrain Grand Prix,Ferrari,VET,1.0,1.0,25.0,Ferrari
2018,2,Bahrain Grand Prix,Ferrari,RAI,2.0,18.0,0.0,Ferrari
2018,2,Bahrain Grand Prix,Mercedes,BOT,3.0,2.0,18.0,Mercedes
2018,2,Bahrain Grand Prix,Mercedes,HAM,4.0,3.0,15.0,Mercedes
2018,2,Bahrain Grand Prix,Red Bull Racing,RIC,5.0,20.0,0.0,Red Bull Racing
2018,2,Bahrain Grand Prix,Toro Rosso,GAS,6.0,4.0,12.0,RB/AlphaTauri/Toro Rosso
2018,2,Bahrain Grand Prix,Haas F1 Team,MAG,7.0,5.0,10.0,Haas
2018,2,Bahrain Grand Prix,Renault,HUL,8.0,6.0,8.0,Alpine/Renault
2018,2,Bahrain Grand Prix,Force India,OCO,9.0,10.0,1.0,Aston Martin/Racing Point/Force India
2018,2,Bahrain Grand Prix,Renault,SAI,10.0,11.0,0.0,Alpine/Renault
2018,2,Bahrain Grand Prix,Toro Rosso,HAR,11.0,17.0,0.0,RB/AlphaTauri/Toro Rosso
2018,2,Bahrain Grand Prix,Force India,PER,12.0,16.0,0.0,Aston Martin/Racing Point/Force India
2018,2,Bahrain Grand Prix,McLaren,ALO,13.0,7.0,6.0,McLaren
2018,2,Bahrain Grand Prix,McLaren,VAN,14.0,8.0,4.0,McLaren
2018,2,Bahrain Grand Prix,Red Bull Racing,VER,15.0,19.0,0.0,Red Bull Racing
2018,2,Bahrain Grand Prix,Haas F1 Team,GRO,16.0,13.0,0.0,Haas
2018,2,Bahrain Grand Prix,Sauber,ERI,17.0,9.0,2.0,Sauber/Alfa Romeo
2018,2,Bahrain Grand Prix,Williams,SIR,18.0,15.0,0.0,Williams
2018,2,Bahrain Grand Prix,Sauber,LEC,19.0,12.0,0.0,Sauber/Alfa Romeo
2018,2,Bahrain Grand Prix,Williams,STR,20.0,14.0,0.0,Williams
2018,3,Chinese Grand Prix,Ferrari,VET,1.0,8.0,4.0,Ferrari
2018,3,Chinese Grand Prix,Ferrari,RAI,2.0,3.0,15.0,Ferrari
2018,3,Chinese Grand Prix,Mercedes,BOT,3.0,2.0,18.0,Mercedes
2018,3,Chinese Grand Prix,Mercedes,HAM,4.0,4.0,12.0,Mercedes
2018,3,Chinese Grand Prix,Red Bull Racing,VER,5.0,5.0,10.0,Red Bull Racing
2018,3,Chinese Grand Prix,Red Bull Racing,RIC,6.0,1.0,25.0,Red Bull Racing
2018,3,Chinese Grand Prix,Renault,HUL,7.0,6.0,8.0,Alpine/Renault
2018,3,Chinese Grand Prix,Force India,PER,8.0,12.0,0.0,Aston Martin/Racing Point/Force India
2018,3,Chinese Grand Prix,Renault,SAI,9.0,9.0,2.0,Alpine/Renault
2018,3,Chinese Grand Prix,Haas F1 Team,GRO,10.0,17.0,0.0,Haas
2018,3,Chinese Grand Prix,Haas F1 Team,MAG,11.0,10.0,1.0,Haas
2018,3,Chinese Grand Prix,Force India,OCO,12.0,11.0,0.0,Aston Martin/Racing Point/Force India
2018,3,Chinese Grand Prix,McLaren,ALO,13.0,7.0,6.0,McLaren
2018,3,Chinese Grand Prix,McLaren,VAN,14.0,13.0,0.0,McLaren
2018,3,Chinese Grand Prix,Toro Rosso,HAR,15.0,20.0,0.0,RB/AlphaTauri/Toro Rosso
2018,3,Chinese Grand Prix,Williams,SIR,16.0,15.0,0.0,Williams
2018,3,Chinese Grand Prix,Toro Rosso,GAS,17.0,18.0,0.0,RB/AlphaTauri/Toro Rosso
2018,3,Chinese Grand Prix,Williams,STR,18.0,14.0,0.0,Williams
2018,3,Chinese Grand Prix,Sauber,LEC,19.0,19.0,0.0,Sauber/Alfa Romeo
2018,3,Chinese Grand Prix,Sauber,ERI,20.0,16.0,0.0,Sauber/Alfa Romeo
2018,4,Azerbaijan Grand Prix,Ferrari,VET,1.0,4.0,12.0,Ferrari
2018,4,Azerbaijan Grand Prix,Mercedes,HAM,2.0,1.0,25.0,Mercedes
2018,4,Azerbaijan Grand Prix,Mercedes,BOT,3.0,14.0,0.0,Mercedes
2018,4,Azerbaijan Grand Prix,Red Bull Racing,RIC,4.0,17.0,0.0,Red Bull Racing
2018,4,Azerbaijan Grand Prix,Red Bull Racing,VER,5.0,16.0,0.0,Red Bull Racing
2018,4,Azerbaijan Grand Prix,Ferrari,RAI,6.0,2.0,18.0,Ferrari
2018,4,Azerbaijan Grand Prix,Force India,OCO,7.0,19.0,0.0,Aston Martin/Racing Point/Force India
2018,4,Azerbaijan Grand Prix,Force India,PER,8.0,3.0,15.0,Aston Martin/Racing Point/Force India
2018,4,Azerbaijan Grand Prix,Renault,HUL,9.0,18.0,0.0,Alpine/Renault
2018,4,Azerbaijan Grand Prix,Renault,SAI,10.0,5.0,10.0,Alpine/Renault
2018,4,Azerbaijan Grand Prix,Williams,STR,11.0,8.0,4.0,Williams
2018,4,Azerbaijan Grand Prix,Williams,SIR,12.0,20.0,0.0,Williams
2018,4,Azerbaijan Grand Prix,McLaren,ALO,13.0,7.0,6.0,McLaren
2018,4,Azerbaijan Grand Prix,Sauber,LEC,14.0,6.0,8.0,Sauber/Alfa Romeo
2018,4,Azerbaijan Grand Prix,Haas F1 Team,MAG,15.0,13.0,0.0,Haas
2018,4,Azerbaijan Grand Prix,McLaren,VAN,16.0,9.0,2.0,McLaren
2018,4,Azerbaijan Grand Prix,Toro Rosso,GAS,17.0,12.0,0.0,RB/AlphaTauri/Toro Rosso
2018,4,Azerbaijan Grand Prix,Sauber,ERI,18.0,11.0,0.0,Sauber/Alfa Romeo
2018,4,Azerbaijan Grand Prix,Toro Rosso,HAR,19.0,10.0,1.0,RB/AlphaTauri/Toro Rosso
2018,4,Azerbaijan Grand Prix,Haas F1 Team,GRO,20.0,15.0,0.0,Haas
2018,5,Spanish Grand Prix,Mercedes,HAM,1.0,1.0,25.0,Mercedes
2018,5,Spanish Grand Prix,Mercedes,BOT,2.0,2.0,18.0,Mercedes
2018,5,Spanish Grand Prix,Ferrari,VET,3.0,4.0,12.0,Ferrari
2018,5,Spanish Grand Prix,Ferrari,RAI,4.0,17.0,0.0,Ferrari
2018,5,Spanish Grand Prix,Red Bull Racing,VER,5.0,3.0,15.0,Red Bull Racing
2018,5,Spanish Grand Prix,Red Bull Racing,RIC,6.0,5.0,10.0,Red Bull Racing
2018,5,Spanish Grand Prix,Haas F1 Team,MAG,7.0,6.0,8.0,Haas
2018,5,Spanish Grand Prix,McLaren,ALO,8.0,8.0,4.0,McLaren
2018,5,Spanish Grand Prix,Renault,SAI,9.0,7.0,6.0,Alpine/Renault
2018,5,Spanish Grand Prix,Haas F1 Team,GRO,10.0,18.0,0.0,Haas
2018,5,Spanish Grand Prix,McLaren,VAN,11.0,15.0,0.0,McLaren
2018,5,Spanish Grand Prix,Toro Rosso,GAS,12.0,19.0,0.0,RB/AlphaTauri/Toro Rosso
2018,5,Spanish Grand Prix,Force India,OCO,13.0,16.0,0.0,Aston Martin/Racing Point/Force India
2018,5,Spanish Grand Prix,Sauber,LEC,14.0,10.0,1.0,Sauber/Alfa Romeo
2018,5,Spanish Grand Prix,Force India,PER,15.0,9.0,2.0,Aston Martin/Racing Point/Force India
2018,5,Spanish Grand Prix,Renault,HUL,16.0,20.0,0.0,Alpine/Renault
2018,5,Spanish Grand Prix,Sauber,ERI,17.0,13.0,0.0,Sauber/Alfa Romeo
2018,5,Spanish Grand Prix,Williams,SIR,18.0,14.0,0.0,Williams
2018,5,Spanish Grand Prix,Williams,STR,19.0,11.0,0.0,Williams
2018,5,Spanish Grand Prix,Toro Rosso,HAR,20.0,12.0,0.0,RB/AlphaTauri/Toro Rosso
2018,6,Monaco Grand Prix,Red Bull Racing,RIC,1.0,1.0,25.0,Red Bull Racing
2018,6,Monaco Grand Prix,Ferrari,VET,2.0,2.0,18.0,Ferrari
2018,6,Monaco Grand Prix,Mercedes,HAM,3.0,3.0,15.0,Mercedes
2018,6,Monaco Grand Prix,Ferrari,RAI,4.0,4.0,12.0,Ferrari
2018,6,Monaco Grand Prix,Mercedes,BOT,5.0,5.0,10.0,Mercedes
2018,6,Monaco Grand Prix,Force India,OCO,6.0,6.0,8.0,Aston Martin/Racing Point/Force India
2018,6,Monaco Grand Prix,McLaren,ALO,7.0,20.0,0.0,McLaren
2018,6,Monaco Grand Prix,Renault,SAI,8.0,10.0,1.0,Alpine/Renault
2018,6,Monaco Grand Prix,Force India,PER,9.0,12.0,0.0,Aston Martin/Racing Point/Force India
2018,6,Monaco Grand Prix,Toro Rosso,GAS,10.0,7.0,6.0,RB/AlphaTauri/Toro Rosso
2018,6,Monaco Grand Prix,Renault,HUL,11.0,8.0,4.0,Alpine/Renault
2018,6,Monaco Grand Prix,McLaren,VAN,12.0,14.0,0.0,McLaren
2018,6,Monaco Grand Prix,Williams,SIR,13.0,16.0,0.0,Williams
2018,6,Monaco Grand Prix,Sauber,LEC,14.0,18.0,0.0,Sauber/Alfa Romeo
2018,6,Monaco Grand Prix,Haas F1 Team,GRO,15.0,15.0,0.0,Haas
2018,6,Monaco Grand Prix,Toro Rosso,HAR,16.0,19.0,0.0,RB/AlphaTauri/Toro Rosso
2018,6,Monaco Grand Prix,Sauber,ERI,17.0,11.0,0.0,Sauber/Alfa Romeo
2018,6,Monaco Grand Prix,Williams,STR,18.0,17.0,0.0,Williams
2018,6,Monaco Grand Prix,Haas F1 Team,MAG,19.0,13.0,0.0,Haas
2018,6,Monaco Grand Prix,Red Bull Racing,VER,20.0,9.0,2.0,Red Bull Racing
2018,7,Canadian Grand Prix,Ferrari,VET,1.0,1.0,25.0,Ferrari
2018,7,Canadian Grand Prix,Mercedes,BOT,2.0,2.0,18.0,Mercedes
2018,7,Canadian Grand Prix,Red Bull Racing,VER,3.0,3.0,15.0,Red Bull Racing
2018,7,Canadian Grand Prix,Mercedes,HAM,4.0,5.0,10.0,Mercedes
2018,7,Canadian Grand Prix,Ferrari,RAI,5.0,6.0,8.0,Ferrari
2018,7,Canadian Grand Prix,Red Bull Racing,RIC,6.0,4.0,12.0,Red Bull Racing
2018,7,Canadian Grand Prix,Renault,HUL,7.0,7.0,6.0,Alpine/Renault
2018,7,Canadian Grand Prix,Force India,OCO,8.0,9.0,2.0,Aston Martin/Racing Point/Force India
2018,7,Canadian Grand Prix,Renault,SAI,9.0,8.0,4.0,Alpine/Renault
2018,7,Canadian Grand Prix,Force India,PER,10.0,14.0,0.0,Aston Martin/Racing Point/Force India
2018,7,Canadian Grand Prix,Haas F1 Team,MAG,11.0,13.0,0.0,Haas
2018,7,Canadian Grand Prix,Toro Rosso,HAR,12.0,19.0,0.0,RB/AlphaTauri/Toro Rosso
2018,7,Canadian Grand Prix,Sauber,LEC,13.0,10.0,1.0,Sauber/Alfa Romeo
2018,7,Canadian Grand Prix,McLaren,ALO,14.0,18.0,0.0,McLaren
2018,7,Canadian Grand Prix,McLaren,VAN,15.0,16.0,0.0,McLaren
2018,7,Canadian Grand Prix,Toro Rosso,GAS,16.0,11.0,0.0,RB/AlphaTauri/Toro Rosso
2018,7,Canadian Grand Prix,Williams,STR,17.0,20.0,0.0,Williams
2018,7,Canadian Grand Prix,Williams,SIR,18.0,17.0,0.0,Williams
2018,7,Canadian Grand Prix,Sauber,ERI,19.0,15.0,0.0,Sauber/Alfa Romeo
2018,7,Canadian Grand Prix,Haas F1 Team,GRO,20.0,12.0,0.0,Haas
2018,8,French Grand Prix,Mercedes,HAM,1.0,1.0,25.0,Mercedes
2018,8,French Grand Prix,Mercedes,BOT,2.0,7.0,6.0,Mercedes
2018,8,French Grand Prix,Ferrari,VET,3.0,5.0,10.0,Ferrari
2018,8,French Grand Prix,Red Bull Racing,VER,4.0,2.0,18.0,Red Bull Racing
2018,8,French Grand Prix,Red Bull Racing,RIC,5.0,4.0,12.0,Red Bull Racing
2018,8,French Grand Prix,Ferrari,RAI,6.0,3.0,15.0,Ferrari
2018,8,French Grand Prix,Renault,SAI,7.0,8.0,4.0,Alpine/Renault
2018,8,French Grand Prix,Sauber,LEC,8.0,10.0,1.0,Sauber/Alfa Romeo
2018,8,French Grand Prix,Haas F1 Team,MAG,9.0,6.0,8.0,Haas
2018,8,French Grand Prix,Haas F1 Team,GRO,10.0,11.0,0.0,Haas
2018,8,French Grand Prix,Force India,OCO,11.0,19.0,0.0,Aston Martin/Racing Point/Force India
2018,8,French Grand Prix,Renault,HUL,12.0,9.0,2.0,Alpine/Renault
2018,8,French Grand Prix,Force India,PER,13.0,18.0,0.0,Aston Martin/Racing Point/Force India
2018,8,French Grand Prix,Toro Rosso,GAS,14.0,20.0,0.0,RB/AlphaTauri/Toro Rosso
2018,8,French Grand Prix,Sauber,ERI,15.0,13.0,0.0,Sauber/Alfa Romeo
2018,8,French Grand Prix,McLaren,ALO,16.0,16.0,0.0,McLaren
2018,8,French Grand Prix,Toro Rosso,HAR,17.0,14.0,0.0,RB/AlphaTauri/Toro Rosso
2018,8,French Grand Prix,McLaren,VAN,18.0,12.0,0.0,McLaren
2018,8,French Grand Prix,Williams,SIR,19.0,15.0,0.0,Williams
2018,8,French Grand Prix,Williams,STR,20.0,17.0,0.0,Williams
2018,9,Austrian Grand Prix,Mercedes,BOT,1.0,19.0,0.0,Mercedes
2018,9,Austrian Grand Prix,Mercedes,HAM,2.0,16.0,0.0,Mercedes
2018,9,Austrian Grand Prix,Ferrari,VET,3.0,3.0,15.0,Ferrari
2018,9,Austrian Grand Prix,Ferrari,RAI,4.0,2.0,18.0,Ferrari
2018,9,Austrian Grand Prix,Red Bull Racing,VER,5.0,1.0,25.0,Red Bull Racing
2018,9,Austrian Grand Prix,Haas F1 Team,GRO,6.0,4.0,12.0,Haas
2018,9,Austrian Grand Prix,Red Bull Racing,RIC,7.0,18.0,0.0,Red Bull Racing
2018,9,Austrian Grand Prix,Haas F1 Team,MAG,8.0,5.0,10.0,Haas
2018,9,Austrian Grand Prix,Renault,SAI,9.0,12.0,0.0,Alpine/Renault
2018,9,Austrian Grand Prix,Renault,HUL,10.0,20.0,0.0,Alpine/Renault
2018,9,Austrian Grand Prix,Force India,OCO,11.0,6.0,8.0,Aston Martin/Racing Point/Force India
2018,9,Austrian Grand Prix,Toro Rosso,GAS,12.0,11.0,0.0,RB/AlphaTauri/Toro Rosso
2018,9,Austrian Grand Prix,Sauber,LEC,13.0,9.0,2.0,Sauber/Alfa Romeo
2018,9,Austrian Grand Prix,McLaren,ALO,14.0,8.0,4.0,McLaren
2018,9,Austrian Grand Prix,Williams,STR,15.0,14.0,0.0,Williams
2018,9,Austrian Grand Prix,McLaren,VAN,16.0,15.0,0.0,McLaren
2018,9,Austrian Grand Prix,Force India,PER,17.0,7.0,6.0,Aston Martin/Racing Point/Force India
2018,9,Austrian Grand Prix,Williams,SIR,18.0,13.0,0.0,Williams
2018,9,Austrian Grand Prix,Toro Rosso,HAR,19.0,17.0,0.0,RB/AlphaTauri/Toro Rosso
2018,9,Austrian Grand Prix,Sauber,ERI,20.0,10.0,1.0,Sauber/Alfa Romeo
2018,10,British Grand Prix,Mercedes,HAM,1.0,2.0,18.0,Mercedes
2018,10,British Grand Prix,Ferrari,VET,2.0,1.0,25.0,Ferrari
2018,10,British Grand Prix,Ferrari,RAI,3.0,3.0,15.0,Ferrari
2018,10,British Grand Prix,Mercedes,BOT,4.0,4.0,12.0,Mercedes
2018,10,British Grand Prix,Red Bull Racing,VER,5.0,15.0,0.0,Red Bull Racing
2018,10,British Grand Prix,Red Bull Racing,RIC,6.0,5.0,10.0,Red Bull Racing
2018,10,British Grand Prix,Haas F1 Team,MAG,7.0,9.0,2.0,Haas
2018,10,British Grand Prix,Haas F1 Team,GRO,8.0,16.0,0.0,Haas
2018,10,British Grand Prix,Sauber,LEC,9.0,19.0,0.0,Sauber/Alfa Romeo
2018,10,British Grand Prix,Force India,OCO,10.0,7.0,6.0,Aston Martin/Racing Point/Force India
2018,10,British Grand Prix,Renault,HUL,11.0,6.0,8.0,Alpine/Renault
2018,10,British Grand Prix,Force India,PER,12.0,10.0,1.0,Aston Martin/Racing Point/Force India
2018,10,British Grand Prix,McLaren,ALO,13.0,8.0,4.0,McLaren
2018,10,British Grand Prix,Toro Rosso,GAS,14.0,13.0,0.0,RB/AlphaTauri/Toro Rosso
2018,10,British Grand Prix,Sauber,ERI,15.0,18.0,0.0,Sauber/Alfa Romeo
2018,10,British Grand Prix,Renault,SAI,16.0,17.0,0.0,Alpine/Renault
2018,10,British Grand Prix,McLaren,VAN,17.0,11.0,0.0,McLaren
2018,10,British Grand Prix,Williams,SIR,18.0,14.0,0.0,Williams
2018,10,British Grand Prix,Williams,STR,19.0,12.0,0.0,Williams
2018,10,British Grand Prix,Toro Rosso,HAR,20.0,20.0,0.0,RB/AlphaTauri/Toro Rosso
2018,11,German Grand Prix,Ferrari,VET,1.0,18.0,0.0,Ferrari
2018,11,German Grand Prix,Mercedes,BOT,2.0,2.0,18.0,Mercedes
2018,11,German Grand Prix,Ferrari,RAI,3.0,3.0,15.0,Ferrari
2018,11,German Grand Prix,Red Bull Racing,VER,4.0,4.0,12.0,Red Bull Racing
2018,11,German Grand Prix,Haas F1 Team,MAG,5.0,11.0,0.0,Haas
2018,11,German Grand Prix,Haas F1 Team,GRO,6.0,6.0,8.0,Haas
2018,11,German Grand Prix,Renault,HUL,7.0,5.0,10.0,Alpine/Renault
2018,11,German Grand Prix,Renault,SAI,8.0,12.0,0.0,Alpine/Renault
2018,11,German Grand Prix,Sauber,LEC,9.0,15.0,0.0,Sauber/Alfa Romeo
2018,11,German Grand Prix,Force India,PER,10.0,7.0,6.0,Aston Martin/Racing Point/Force India
2018,11,German Grand Prix,McLaren,ALO,11.0,16.0,0.0,McLaren
2018,11,German Grand Prix,Williams,SIR,12.0,19.0,0.0,Williams
2018,11,German Grand Prix,Sauber,ERI,13.0,9.0,2.0,Sauber/Alfa Romeo
2018,11,German Grand Prix,Mercedes,HAM,14.0,1.0,25.0,Mercedes
2018,11,German Grand Prix,Red Bull Racing,RIC,15.0,20.0,0.0,Red Bull Racing
2018,11,German Grand Prix,Force India,OCO,16.0,8.0,4.0,Aston Martin/Racing Point/Force India
2018,11,German Grand Prix,Toro Rosso,GAS,17.0,14.0,0.0,RB/AlphaTauri/Toro Rosso
2018,11,German Grand Prix,Toro Rosso,HAR,18.0,10.0,1.0,RB/AlphaTauri/Toro Rosso
2018,11,German Grand Prix,Williams,STR,19.0,17.0,0.0,Williams
2018,11,German Grand Prix,McLaren,VAN,20.0,13.0,0.0,McLaren
2018,12,Hungarian Grand Prix,Mercedes,HAM,1.0,1.0,25.0,Mercedes
2018,12,Hungarian Grand Prix,Mercedes,BOT,2.0,5.0,10.0,Mercedes
2018,12,Hungarian Grand Prix,Ferrari,RAI,3.0,3.0,15.0,Ferrari
2018,12,Hungarian Grand Prix,Ferrari,VET,4.0,2.0,18.0,Ferrari
2018,12,Hungarian Grand Prix,Renault,SAI,5.0,9.0,2.0,Alpine/Renault
2018,12,Hungarian Grand Prix,Toro Rosso,GAS,6.0,6.0,8.0,RB/AlphaTauri/Toro Rosso
2018,12,Hungarian Grand Prix,Red Bull Racing,VER,7.0,19.0,0.0,Red Bull Racing
2018,12,Hungarian Grand Prix,Toro Rosso,HAR,8.0,11.0,0.0,RB/AlphaTauri/Toro Rosso
2018,12,Hungarian Grand Prix,Haas F1 Team,MAG,9.0,7.0,6.0,Haas
2018,12,Hungarian Grand Prix,Haas F1 Team,GRO,10.0,10.0,1.0,Haas
2018,12,Hungarian Grand Prix,McLaren,ALO,11.0,8.0,4.0,McLaren
2018,12,Hungarian Grand Prix,Red Bull Racing,RIC,12.0,4.0,12.0,Red Bull Racing
2018,12,Hungarian Grand Prix,Renault,HUL,13.0,12.0,0.0,Alpine/Renault
2018,12,Hungarian Grand Prix,Sauber,ERI,14.0,15.0,0.0,Sauber/Alfa Romeo
2018,12,Hungarian Grand Prix,Williams,STR,15.0,17.0,0.0,Williams
2018,12,Hungarian Grand Prix,McLaren,VAN,16.0,18.0,0.0,McLaren
2018,12,Hungarian Grand Prix,Sauber,LEC,17.0,20.0,0.0,Sauber/Alfa Romeo
2018,12,Hungarian Grand Prix,Force India,OCO,18.0,13.0,0.0,Aston Martin/Racing Point/Force India
2018,12,Hungarian Grand Prix,Force India,PER,19.0,14.0,0.0,Aston Martin/Racing Point/Force India
2018,12,Hungarian Grand Prix,Williams,SIR,20.0,16.0,0.0,Williams
2018,13,Belgian Grand Prix,Mercedes,HAM,1.0,2.0,18.0,Mercedes
2018,13,Belgian Grand Prix,Ferrari,VET,2.0,1.0,25.0,Ferrari
2018,13,Belgian Grand Prix,Racing Point,OCO,3.0,6.0,8.0,Aston Martin/Racing Point/Force India
2018,13,Belgian Grand Prix,Racing Point,PER,4.0,5.0,10.0,Aston Martin/Racing Point/Force India
2018,13,Belgian Grand Prix,Haas F1 Team,GRO,5.0,7.0,6.0,Haas
2018,13,Belgian Grand Prix,Ferrari,RAI,6.0,17.0,0.0,Ferrari
2018,13,Belgian Grand Prix,Red Bull Racing,VER,7.0,3.0,15.0,Red Bull Racing
2018,13,Belgian Grand Prix,Red Bull Racing,RIC,8.0,16.0,0.0,Red Bull Racing
2018,13,Belgian Grand Prix,Haas F1 Team,MAG,9.0,8.0,4.0,Haas
2018,13,Belgian Grand Prix,Mercedes,BOT,10.0,4.0,12.0,Mercedes
2018,13,Belgian Grand Prix,Toro Rosso,GAS,11.0,9.0,2.0,RB/AlphaTauri/Toro Rosso
2018,13,Belgian Grand Prix,Toro Rosso,HAR,12.0,14.0,0.0,RB/AlphaTauri/Toro Rosso
2018,13,Belgian Grand Prix,Sauber,LEC,13.0,18.0,0.0,Sauber/Alfa Romeo
2018,13,Belgian Grand Prix,Sauber,ERI,14.0,10.0,1.0,Sauber/Alfa Romeo
2018,13,Belgian Grand Prix,Renault,HUL,15.0,20.0,0.0,Alpine/Renault
2018,13,Belgian Grand Prix,Renault,SAI,16.0,11.0,0.0,Alpine/Renault
2018,13,Belgian Grand Prix,McLaren,ALO,17.0,19.0,0.0,McLaren
2018,13,Belgian Grand Prix,Williams,SIR,18.0,12.0,0.0,Williams
2018,13,Belgian Grand Prix,Williams,STR,19.0,13.0,0.0,Williams
2018,13,Belgian Grand Prix,McLaren,VAN,20.0,15.0,0.0,McLaren
2018,14,Italian Grand Prix,Ferrari,RAI,1.0,2.0,18.0,Ferrari
2018,14,Italian Grand Prix,Ferrari,VET,2.0,4.0,12.0,Ferrari
2018,14,Italian Grand Prix,Mercedes,HAM,3.0,1.0,25.0,Mercedes
2018,14,Italian Grand Prix,Mercedes,BOT,4.0,3.0,15.0,Mercedes
2018,14,Italian Grand Prix,Red Bull Racing,VER,5.0,5.0,10.0,Red Bull Racing
2018,14,Italian Grand Prix,Haas F1 Team,GRO,6.0,20.0,0.0,Haas
2018,14,Italian Grand Prix,Renault,SAI,7.0,8.0,4.0,Alpine/Renault
2018,14,Italian Grand Prix,Racing Point,OCO,8.0,6.0,8.0,Aston Martin/Racing Point/Force India
2018,14,Italian Grand Prix,Toro Rosso,GAS,9.0,14.0,0.0,RB/AlphaTauri/Toro Rosso
2018,14,Italian Grand Prix,Williams,STR,10.0,9.0,2.0,Williams
2018,14,Italian Grand Prix,Haas F1 Team,MAG,11.0,16.0,0.0,Haas
2018,14,Italian Grand Prix,Williams,SIR,12.0,10.0,1.0,Williams
2018,14,Italian Grand Prix,McLaren,ALO,13.0,18.0,0.0,McLaren
2018,14,Italian Grand Prix,Renault,HUL,14.0,13.0,0.0,Alpine/Renault
2018,14,Italian Grand Prix,Red Bull Racing,RIC,15.0,17.0,0.0,Red Bull Racing
2018,14,Italian Grand Prix,Racing Point,PER,16.0,7.0,6.0,Aston Martin/Racing Point/Force India
2018,14,Italian Grand Prix,Sauber,LEC,17.0,11.0,0.0,Sauber/Alfa Romeo
2018,14,Italian Grand Prix,Toro Rosso,HAR,18.0,19.0,0.0,RB/AlphaTauri/Toro Rosso
2018,14,Italian Grand Prix,Sauber,ERI,19.0,15.0,0.0,Sauber/Alfa Romeo
2018,14,Italian Grand Prix,McLaren,VAN,20.0,12.0,0.0,McLaren
2018,15,Singapore Grand Prix,Mercedes,HAM,1.0,1.0,25.0,Mercedes
2018,15,Singapore Grand Prix,Red Bull Racing,VER,2.0,2.0,18.0,Red Bull Racing
2018,15,Singapore Grand Prix,Ferrari,VET,3.0,3.0,15.0,Ferrari
2018,15,Singapore Grand Prix,Mercedes,BOT,4.0,4.0,12.0,Mercedes
2018,15,Singapore Grand Prix,Ferrari,RAI,5.0,5.0,10.0,Ferrari
2018,15,Singapore Grand Prix,Red Bull Racing,RIC,6.0,6.0,8.0,Red Bull Racing
2018,15,Singapore Grand Prix,Racing Point,PER,7.0,16.0,0.0,Aston Martin/Racing Point/Force India
2018,15,Singapore Grand Prix,Haas F1 Team,GRO,8.0,15.0,0.0,Haas
2018,15,Singapore Grand Prix,Racing Point,OCO,9.0,20.0,0.0,Aston Martin/Racing Point/Force India
2018,15,Singapore Grand Prix,Renault,HUL,10.0,10.0,1.0,Alpine/Renault
2018,15,Singapore Grand Prix,McLaren,ALO,11.0,7.0,6.0,McLaren
2018,15,Singapore Grand Prix,Renault,SAI,12.0,8.0,4.0,Alpine/Renault
2018,15,Singapore Grand Prix,Sauber,LEC,13.0,9.0,2.0,Sauber/Alfa Romeo
2018,15,Singapore Grand Prix,Sauber,ERI,14.0,11.0,0.0,Sauber/Alfa Romeo
2018,15,Singapore Grand Prix,Toro Rosso,GAS,15.0,13.0,0.0,RB/AlphaTauri/Toro Rosso
2018,15,Singapore Grand Prix,Haas F1 Team,MAG,16.0,18.0,0.0,Haas
2018,15,Singapore Grand Prix,Toro Rosso,HAR,17.0,17.0,0.0,RB/AlphaTauri/Toro Rosso
2018,15,Singapore Grand Prix,McLaren,VAN,18.0,12.0,0.0,McLaren
2018,15,Singapore Grand Prix,Williams,SIR,19.0,19.0,0.0,Williams
2018,15,Singapore Grand Prix,Williams,STR,20.0,14.0,0.0,Williams
2018,16,Russian Grand Prix,Mercedes,BOT,1.0,2.0,18.0,Mercedes
2018,16,Russian Grand Prix,Mercedes,HAM,2.0,1.0,25.0,Mercedes
2018,16,Russian Grand Prix,Ferrari,VET,3.0,3.0,15.0,Ferrari
2018,16,Russian Grand Prix,Ferrari,RAI,4.0,4.0,12.0,Ferrari
2018,16,Russian Grand Prix,Haas F1 Team,MAG,5.0,8.0,4.0,Haas
2018,16,Russian Grand Prix,Racing Point,OCO,6.0,9.0,2.0,Aston Martin/Racing Point/Force India
2018,16,Russian Grand Prix,Sauber,LEC,7.0,7.0,6.0,Sauber/Alfa Romeo
2018,16,Russian Grand Prix,Racing Point,PER,8.0,10.0,1.0,Aston Martin/Racing Point/Force India
2018,16,Russian Grand Prix,Haas F1 Team,GRO,9.0,11.0,0.0,Haas
2018,16,Russian Grand Prix,Sauber,ERI,10.0,13.0,0.0,Sauber/Alfa Romeo
2018,16,Russian Grand Prix,Red Bull Racing,VER,11.0,5.0,10.0,Red Bull Racing
2018,16,Russian Grand Prix,Red Bull Racing,RIC,12.0,6.0,8.0,Red Bull Racing
2018,16,Russian Grand Prix,Toro Rosso,GAS,13.0,19.0,0.0,RB/AlphaTauri/Toro Rosso
2018,16,Russian Grand Prix,Renault,SAI,14.0,17.0,0.0,Alpine/Renault
2018,16,Russian Grand Prix,Renault,HUL,15.0,12.0,0.0,Alpine/Renault
2018,16,Russian Grand Prix,Toro Rosso,HAR,16.0,20.0,0.0,RB/AlphaTauri/Toro Rosso
2018,16,Russian Grand Prix,McLaren,ALO,17.0,14.0,0.0,McLaren
2018,16,Russian Grand Prix,Williams,SIR,18.0,18.0,0.0,Williams
2018,16,Russian Grand Prix,McLaren,VAN,19.0,16.0,0.0,McLaren
2018,16,Russian Grand Prix,Williams,STR,20.0,15.0,0.0,Williams
2018,17,Japanese Grand Prix,Mercedes,HAM,1.0,1.0,25.0,Mercedes
2018,17,Japanese Grand Prix,Mercedes,BOT,2.0,2.0,18.0,Mercedes
2018,17,Japanese Grand Prix,Red Bull Racing,VER,3.0,3.0,15.0,Red Bull Racing
2018,17,Japanese Grand Prix,Ferrari,RAI,4.0,5.0,10.0,Ferrari
2018,17,Japanese Grand Prix,Haas F1 Team,GRO,5.0,8.0,4.0,Haas
2018,17,Japanese Grand Prix,Toro Rosso,HAR,6.0,13.0,0.0,RB/AlphaTauri/Toro Rosso
2018,17,Japanese Grand Prix,Toro Rosso,GAS,7.0,11.0,0.0,RB/AlphaTauri/Toro Rosso
2018,17,Japanese Grand Prix,Racing Point,OCO,8.0,9.0,2.0,Aston Martin/Racing Point/Force India
2018,17,Japanese Grand Prix,Ferrari,VET,9.0,6.0,8.0,Ferrari
2018,17,Japanese Grand Prix,Racing Point,PER,10.0,7.0,6.0,Aston Martin/Racing Point/Force India
2018,17,Japanese Grand Prix,Sauber,LEC,11.0,18.0,0.0,Sauber/Alfa Romeo
2018,17,Japanese Grand Prix,Haas F1 Team,MAG,12.0,20.0,0.0,Haas
2018,17,Japanese Grand Prix,Renault,SAI,13.0,10.0,1.0,Alpine/Renault
2018,17,Japanese Grand Prix,Williams,STR,14.0,17.0,0.0,Williams
2018,17,Japanese Grand Prix,Red Bull Racing,RIC,15.0,4.0,12.0,Red Bull Racing
2018,17,Japanese Grand Prix,Renault,HUL,16.0,19.0,0.0,Alpine/Renault
2018,17,Japanese Grand Prix,Williams,SIR,17.0,16.0,0.0,Williams
2018,17,Japanese Grand Prix,McLaren,ALO,18.0,14.0,0.0,McLaren
2018,17,Japanese Grand Prix,McLaren,VAN,19.0,15.0,0.0,McLaren
2018,17,Japanese Grand Prix,Sauber,ERI,20.0,12.0,0.0,Sauber/Alfa Romeo
2018,18,United States Grand Prix,Mercedes,HAM,1.0,3.0,15.0,Mercedes
2018,18,United States Grand Prix,Ferrari,VET,2.0,4.0,12.0,Ferrari
2018,18,United States Grand Prix,Ferrari,RAI,3.0,1.0,25.0,Ferrari
2018,18,United States Grand Prix,Mercedes,BOT,4.0,5.0,10.0,Mercedes
2018,18,United States Grand Prix,Red Bull Racing,RIC,5.0,16.0,0.0,Red Bull Racing
2018,18,United States Grand Prix,Racing Point,OCO,6.0,19.0,0.0,Aston Martin/Racing Point/Force India
2018,18,United States Grand Prix,Renault,HUL,7.0,6.0,8.0,Alpine/Renault
2018,18,United States Grand Prix,Haas F1 Team,GRO,8.0,17.0,0.0,Haas
2018,18,United States Grand Prix,Sauber,LEC,9.0,15.0,0.0,Sauber/Alfa Romeo
2018,18,United States Grand Prix,Racing Point,PER,10.0,8.0,4.0,Aston Martin/Racing Point/Force India
2018,18,United States Grand Prix,Renault,SAI,11.0,7.0,6.0,Alpine/Renault
2018,18,United States Grand Prix,Haas F1 Team,MAG,12.0,20.0,0.0,Haas
2018,18,United States Grand Prix,Toro Rosso,GAS,13.0,12.0,0.0,RB/AlphaTauri/Toro Rosso
2018,18,United States Grand Prix,Toro Rosso,HAR,14.0,9.0,2.0,RB/AlphaTauri/Toro Rosso
2018,18,United States Grand Prix,Red Bull Racing,VER,15.0,2.0,18.0,Red Bull Racing
2018,18,United States Grand Prix,McLaren,ALO,16.0,18.0,0.0,McLaren
2018,18,United States Grand Prix,Williams,SIR,17.0,13.0,0.0,Williams
2018,18,United States Grand Prix,Williams,STR,18.0,14.0,0.0,Williams
2018,18,United States Grand Prix,Sauber,ERI,19.0,10.0,1.0,Sauber/Alfa Romeo
2018,18,United States Grand Prix,McLaren,VAN,20.0,11.0,0.0,McLaren
2018,19,Mexican Grand Prix,Red Bull Racing,RIC,1.0,17.0,0.0,Red Bull Racing
2018,19,Mexican Grand Prix,Red Bull Racing,VER,2.0,1.0,25.0,Red Bull Racing
2018,19,Mexican Grand Prix,Mercedes,HAM,3.0,4.0,12.0,Mercedes
2018,19,Mexican Grand Prix,Ferrari,VET,4.0,2.0,18.0,Ferrari
2018,19,Mexican Grand Prix,Mercedes,BOT,5.0,5.0,10.0,Mercedes
2018,19,Mexican Grand Prix,Ferrari,RAI,6.0,3.0,15.0,Ferrari
2018,19,Mexican Grand Prix,Renault,HUL,7.0,6.0,8.0,Alpine/Renault
2018,19,Mexican Grand Prix,Renault,SAI,8.0,19.0,0.0,Alpine/Renault
2018,19,Mexican Grand Prix,Sauber,LEC,9.0,7.0,6.0,Sauber/Alfa Romeo
2018,19,Mexican Grand Prix,Sauber,ERI,10.0,9.0,2.0,Sauber/Alfa Romeo
2018,19,Mexican Grand Prix,Racing Point,OCO,11.0,11.0,0.0,Aston Martin/Racing Point/Force India
2018,19,Mexican Grand Prix,McLaren,ALO,12.0,20.0,0.0,McLaren
2018,19,Mexican Grand Prix,Racing Point,PER,13.0,18.0,0.0,Aston Martin/Racing Point/Force India
2018,19,Mexican Grand Prix,Toro Rosso,HAR,14.0,14.0,0.0,RB/AlphaTauri/Toro Rosso
2018,19,Mexican Grand Prix,Toro Rosso,GAS,15.0,10.0,1.0,RB/AlphaTauri/Toro Rosso
2018,19,Mexican Grand Prix,Haas F1 Team,GRO,16.0,16.0,0.0,Haas
2018,19,Mexican Grand Prix,McLaren,VAN,17.0,8.0,4.0,McLaren
2018,19,Mexican Grand Prix,Haas F1 Team,MAG,18.0,15.0,0.0,Haas
2018,19,Mexican Grand Prix,Williams,STR,19.0,12.0,0.0,Williams
2018,19,Mexican Grand Prix,Williams,SIR,20.0,13.0,0.0,Williams
2018,20,Brazilian Grand Prix,Mercedes,HAM,1.0,1.0,25.0,Mercedes
2018,20,Brazilian Grand Prix,Ferrari,VET,2.0,6.0,8.0,Ferrari
2018,20,Brazilian Grand Prix,Mercedes,BOT,3.0,5.0,10.0,Mercedes
2018,20,Brazilian Grand Prix,Ferrari,RAI,4.0,3.0,15.0,Ferrari
2018,20,Brazilian Grand Prix,Red Bull Racing,VER,5.0,2.0,18.0,Red Bull Racing
2018,20,Brazilian Grand Prix,Red Bull Racing,RIC,6.0,4.0,12.0,Red Bull Racing
2018,20,Brazilian Grand Prix,Sauber,ERI,7.0,20.0,0.0,Sauber/Alfa Romeo
2018,20,Brazilian Grand Prix,Sauber,LEC,8.0,7.0,6.0,Sauber/Alfa Romeo
2018,20,Brazilian Grand Prix,Haas F1 Team,GRO,9.0,8.0,4.0,Haas
2018,20,Brazilian Grand Prix,Toro Rosso,GAS,10.0,13.0,0.0,RB/AlphaTauri/Toro Rosso
2018,20,Brazilian Grand Prix,Haas F1 Team,MAG,11.0,9.0,2.0,Haas
2018,20,Brazilian Grand Prix,Racing Point,PER,12.0,10.0,1.0,Aston Martin/Racing Point/Force India
2018,20,Brazilian Grand Prix,Racing Point,OCO,13.0,15.0,0.0,Aston Martin/Racing Point/Force India
2018,20,Brazilian Grand Prix,Renault,HUL,14.0,19.0,0.0,Alpine/Renault
2018,20,Brazilian Grand Prix,Williams,SIR,15.0,16.0,0.0,Williams
2018,20,Brazilian Grand Prix,Renault,SAI,16.0,12.0,0.0,Alpine/Renault
2018,20,Brazilian Grand Prix,Toro Rosso,HAR,17.0,11.0,0.0,RB/AlphaTauri/Toro Rosso
2018,20,Brazilian Grand Prix,McLaren,ALO,18.0,17.0,0.0,McLaren
2018,20,Brazilian Grand Prix,Williams,STR,19.0,18.0,0.0,Williams
2018,20,Brazilian Grand Prix,McLaren,VAN,20.0,14.0,0.0,McLaren
2018,21,Abu Dhabi Grand Prix,Mercedes,HAM,1.0,1.0,25.0,Mercedes
2018,21,Abu Dhabi Grand Prix,Mercedes,BOT,2.0,5.0,10.0,Mercedes
2018,21,Abu Dhabi Grand Prix,Ferrari,VET,3.0,2.0,18.0,Ferrari
2018,21,Abu Dhabi Grand Prix,Ferrari,RAI,4.0,19.0,0.0,Ferrari
2018,21,Abu Dhabi Grand Prix,Red Bull Racing,RIC,5.0,4.0,12.0,Red Bull Racing
2018,21,Abu Dhabi Grand Prix,Red Bull Racing,VER,6.0,3.0,15.0,Red Bull Racing
2018,21,Abu Dhabi Grand Prix,Haas F1 Team,GRO,7.0,9.0,2.0,Haas
2018,21,Abu Dhabi Grand Prix,Sauber,LEC,8.0,7.0,6.0,Sauber/Alfa Romeo
2018,21,Abu Dhabi Grand Prix,Racing Point,OCO,9.0,17.0,0.0,Aston Martin/Racing Point/Force India
2018,21,Abu Dhabi Grand Prix,Renault,HUL,10.0,20.0,0.0,Alpine/Renault
2018,21,Abu Dhabi Grand Prix,Renault,SAI,11.0,6.0,8.0,Alpine/Renault
2018,21,Abu Dhabi Grand Prix,Sauber,ERI,12.0,18.0,0.0,Sauber/Alfa Romeo
2018,21,Abu Dhabi Grand Prix,Haas F1 Team,MAG,13.0,10.0,1.0,Haas
2018,21,Abu Dhabi Grand Prix,Racing Point,PER,14.0,8.0,4.0,Aston Martin/Racing Point/Force India
2018,21,Abu Dhabi Grand Prix,McLaren,ALO,15.0,11.0,0.0,McLaren
2018,21,Abu Dhabi Grand Prix,Toro Rosso,HAR,16.0,12.0,0.0,RB/AlphaTauri/Toro Rosso
2018,21,Abu Dhabi Grand Prix,Toro Rosso,GAS,17.0,16.0,0.0,RB/AlphaTauri/Toro Rosso
2018,21,Abu Dhabi Grand Prix,McLaren,VAN,18.0,14.0,0.0,McLaren
2018,21,Abu Dhabi Grand Prix,Williams,SIR,19.0,15.0,0.0,Williams
2018,21,Abu Dhabi Grand Prix,Williams,STR,20.0,13.0,0.0,Williams
2019,1,Australian Grand Prix,Mercedes,HAM,1.0,2.0,18.0,Mercedes
2019,1,Australian Grand Prix,Mercedes,BOT,2.0,1.0,26.0,Mercedes
2019,1,Australian Grand Prix,Ferrari,VET,3.0,4.0,12.0,Ferrari
2019,1,Australian Grand Prix,Red Bull Racing,VER,4.0,3.0,15.0,Red Bull Racing
2019,1,Australian Grand Prix,Ferrari,LEC,5.0,5.0,10.0,Ferrari
2019,1,Australian Grand Prix,Haas F1 Team,GRO,6.0,18.0,0.0,Haas
2019,1,Australian Grand Prix,Haas F1 Team,MAG,7.0,6.0,8.0,Haas
2019,1,Australian Grand Prix,McLaren,NOR,8.0,12.0,0.0,McLaren
2019,1,Australian Grand Prix,Alfa Romeo Racing,RAI,9.0,8.0,4.0,Sauber/Alfa Romeo
2019,1,Australian Grand Prix,Racing Point,PER,10.0,13.0,0.0,Aston Martin/Racing Point/Force India
2019,1,Australian Grand Prix,Renault,HUL,11.0,7.0,6.0,Alpine/Renault
2019,1,Australian Grand Prix,Renault,RIC,12.0,19.0,0.0,Alpine/Renault
2019,1,Australian Grand Prix,Toro Rosso,ALB,13.0,14.0,0.0,RB/AlphaTauri/Toro Rosso
2019,1,Australian Grand Prix,Alfa Romeo Racing,GIO,14.0,15.0,0.0,Sauber/Alfa Romeo
2019,1,Australian Grand Prix,Toro Rosso,KVY,15.0,10.0,1.0,RB/AlphaTauri/Toro Rosso
2019,1,Australian Grand Prix,Racing Point,STR,16.0,9.0,2.0,Aston Martin/Racing Point/Force India
2019,1,Australian Grand Prix,Red Bull Racing,GAS,17.0,11.0,0.0,Red Bull Racing
2019,1,Australian Grand Prix,McLaren,SAI,18.0,20.0,0.0,McLaren
2019,1,Australian Grand Prix,Williams,RUS,19.0,16.0,0.0,Williams
2019,1,Australian Grand Prix,Williams,KUB,20.0,17.0,0.0,Williams
2019,2,Bahrain Grand Prix,Ferrari,LEC,1.0,3.0,16.0,Ferrari
2019,2,Bahrain Grand Prix,Ferrari,VET,2.0,5.0,10.0,Ferrari
2019,2,Bahrain Grand Prix,Mercedes,HAM,3.0,1.0,25.0,Mercedes
2019,2,Bahrain Grand Prix,Mercedes,BOT,4.0,2.0,18.0,Mercedes
2019,2,Bahrain Grand Prix,Red Bull Racing,VER,5.0,4.0,12.0,Red Bull Racing
2019,2,Bahrain Grand Prix,Haas F1 Team,MAG,6.0,13.0,0.0,Haas
2019,2,Bahrain Grand Prix,McLaren,SAI,7.0,19.0,0.0,McLaren
2019,2,Bahrain Grand Prix,Haas F1 Team,GRO,8.0,20.0,0.0,Haas
2019,2,Bahrain Grand Prix,Alfa Romeo Racing,RAI,9.0,7.0,6.0,Sauber/Alfa Romeo
2019,2,Bahrain Grand Prix,McLaren,NOR,10.0,6.0,8.0,McLaren
2019,2,Bahrain Grand Prix,Renault,RIC,11.0,18.0,0.0,Alpine/Renault
2019,2,Bahrain Grand Prix,Toro Rosso,ALB,12.0,9.0,2.0,RB/AlphaTauri/Toro Rosso
2019,2,Bahrain Grand Prix,Red Bull Racing,GAS,13.0,8.0,4.0,Red Bull Racing
2019,2,Bahrain Grand Prix,Racing Point,PER,14.0,10.0,1.0,Aston Martin/Racing Point/Force India
2019,2,Bahrain Grand Prix,Toro Rosso,KVY,15.0,12.0,0.0,RB/AlphaTauri/Toro Rosso
2019,2,Bahrain Grand Prix,Alfa Romeo Racing,GIO,16.0,11.0,0.0,Sauber/Alfa Romeo
2019,2,Bahrain Grand Prix,Renault,HUL,17.0,17.0,0.0,Alpine/Renault
2019,2,Bahrain Grand Prix,Racing Point,STR,18.0,14.0,0.0,Aston Martin/Racing Point/Force India
2019,2,Bahrain Grand Prix,Williams,RUS,19.0,15.0,0.0,Williams
2019,2,Bahrain Grand Prix,Williams,KUB,20.0,16.0,0.0,Williams
2019,3,Chinese Grand Prix,Mercedes,BOT,1.0,2.0,18.0,Mercedes
2019,3,Chinese Grand Prix,Mercedes,HAM,2.0,1.0,25.0,Mercedes
2019,3,Chinese Grand Prix,Ferrari,VET,3.0,3.0,15.0,Ferrari
2019,3,Chinese Grand Prix,Ferrari,LEC,4.0,5.0,10.0,Ferrari
2019,3,Chinese Grand Prix,Red Bull Racing,VER,5.0,4.0,12.0,Red Bull Racing
2019,3,Chinese Grand Prix,Red Bull Racing,GAS,6.0,6.0,9.0,Red Bull Racing
2019,3,Chinese Grand Prix,Renault,RIC,7.0,7.0,6.0,Alpine/Renault
2019,3,Chinese Grand Prix,Renault,HUL,8.0,20.0,0.0,Alpine/Renault
2019,3,Chinese Grand Prix,Haas F1 Team,MAG,9.0,13.0,0.0,Haas
2019,3,Chinese Grand Prix,Haas F1 Team,GRO,10.0,11.0,0.0,Haas
2019,3,Chinese Grand Prix,Toro Rosso,KVY,11.0,19.0,0.0,RB/AlphaTauri/Toro Rosso
2019,3,Chinese Grand Prix,Racing Point,PER,12.0,8.0,4.0,Aston Martin/Racing Point/Force India
2019,3,Chinese Grand Prix,Alfa Romeo Racing,RAI,13.0,9.0,2.0,Sauber/Alfa Romeo
2019,3,Chinese Grand Prix,McLaren,SAI,14.0,14.0,0.0,McLaren
2019,3,Chinese Grand Prix,McLaren,NOR,15.0,18.0,0.0,McLaren
2019,3,Chinese Grand Prix,Racing Point,STR,16.0,12.0,0.0,Aston Martin/Racing Point/Force India
2019,3,Chinese Grand Prix,Williams,RUS,17.0,16.0,0.0,Williams
2019,3,Chinese Grand Prix,Williams,KUB,18.0,17.0,0.0,Williams
2019,3,Chinese Grand Prix,Toro Rosso,ALB,,10.0,1.0,RB/AlphaTauri/Toro Rosso
2019,3,Chinese Grand Prix,Alfa Romeo Racing,GIO,,15.0,0.0,Sauber/Alfa Romeo
2019,4,Azerbaijan Grand Prix,Mercedes,BOT,1.0,1.0,25.0,Mercedes
2019,4,Azerbaijan Grand Prix,Mercedes,HAM,2.0,2.0,18.0,Mercedes
2019,4,Azerbaijan Grand Prix,Ferrari,VET,3.0,3.0,15.0,Ferrari
2019,4,Azerbaijan Grand Prix,Red Bull Racing,VER,4.0,4.0,12.0,Red Bull Racing
2019,4,Azerbaijan Grand Prix,Racing Point,PER,5.0,6.0,8.0,Aston Martin/Racing Point/Force India
2019,4,Azerbaijan Grand Prix,Toro Rosso,KVY,6.0,19.0,0.0,RB/AlphaTauri/Toro Rosso
2019,4,Azerbaijan Grand Prix,McLaren,NOR,7.0,8.0,4.0,McLaren
2019,4,Azerbaijan Grand Prix,Alfa Romeo Racing,GIO,8.0,12.0,0.0,Sauber/Alfa Romeo
2019,4,Azerbaijan Grand Prix,Ferrari,LEC,9.0,5.0,11.0,Ferrari
2019,4,Azerbaijan Grand Prix,McLaren,SAI,10.0,7.0,6.0,McLaren
2019,4,Azerbaijan Grand Prix,Renault,RIC,11.0,20.0,0.0,Alpine/Renault
2019,4,Azerbaijan Grand Prix,Toro Rosso,ALB,12.0,11.0,0.0,RB/AlphaTauri/Toro Rosso
2019,4,Azerbaijan Grand Prix,Haas F1 Team,MAG,13.0,13.0,0.0,Haas
2019,4,Azerbaijan Grand Prix,Racing Point,STR,14.0,9.0,2.0,Aston Martin/Racing Point/Force India
2019,4,Azerbaijan Grand Prix,Haas F1 Team,GRO,15.0,18.0,0.0,Haas
2019,4,Azerbaijan Grand Prix,Renault,HUL,16.0,14.0,0.0,Alpine/Renault
2019,4,Azerbaijan Grand Prix,Williams,RUS,17.0,15.0,0.0,Williams
2019,4,Azerbaijan Grand Prix,Williams,KUB,18.0,16.0,0.0,Williams
2019,4,Azerbaijan Grand Prix,Alfa Romeo Racing,RAI,19.0,10.0,1.0,Sauber/Alfa Romeo
2019,4,Azerbaijan Grand Prix,Red Bull Racing,GAS,20.0,17.0,0.0,Red Bull Racing
2019,5,Spanish Grand Prix,Mercedes,BOT,1.0,2.0,18.0,Mercedes
2019,5,Spanish Grand Prix,Mercedes,HAM,2.0,1.0,26.0,Mercedes
2019,5,Spanish Grand Prix,Ferrari,VET,3.0,4.0,12.0,Ferrari
2019,5,Spanish Grand Prix,Red Bull Racing,VER,4.0,3.0,15.0,Red Bull Racing
2019,5,Spanish Grand Prix,Ferrari,LEC,5.0,5.0,10.0,Ferrari
2019,5,Spanish Grand Prix,Red Bull Racing,GAS,6.0,6.0,8.0,Red Bull Racing
2019,5,Spanish Grand Prix,Haas F1 Team,GRO,7.0,10.0,1.0,Haas
2019,5,Spanish Grand Prix,Haas F1 Team,MAG,8.0,7.0,6.0,Haas
2019,5,Spanish Grand Prix,Toro Rosso,KVY,9.0,9.0,2.0,RB/AlphaTauri/Toro Rosso
2019,5,Spanish Grand Prix,Renault,RIC,10.0,12.0,0.0,Alpine/Renault
2019,5,Spanish Grand Prix,McLaren,NOR,11.0,20.0,0.0,McLaren
2019,5,Spanish Grand Prix,Toro Rosso,ALB,12.0,11.0,0.0,RB/AlphaTauri/Toro Rosso
2019,5,Spanish Grand Prix,McLaren,SAI,13.0,8.0,4.0,McLaren
2019,5,Spanish Grand Prix,Alfa Romeo Racing,RAI,14.0,14.0,0.0,Sauber/Alfa Romeo
2019,5,Spanish Grand Prix,Racing Point,PER,15.0,15.0,0.0,Aston Martin/Racing Point/Force India
2019,5,Spanish Grand Prix,Renault,HUL,16.0,13.0,0.0,Alpine/Renault
2019,5,Spanish Grand Prix,Racing Point,STR,17.0,19.0,0.0,Aston Martin/Racing Point/Force India
2019,5,Spanish Grand Prix,Alfa Romeo Racing,GIO,18.0,16.0,0.0,Sauber/Alfa Romeo
2019,5,Spanish Grand Prix,Williams,RUS,19.0,17.0,0.0,Williams
2019,5,Spanish Grand Prix,Williams,KUB,20.0,18.0,0.0,Williams
2019,6,Monaco Grand Prix,Mercedes,HAM,1.0,1.0,25.0,Mercedes
2019,6,Monaco Grand Prix,Mercedes,BOT,2.0,3.0,15.0,Mercedes
2019,6,Monaco Grand Prix,Red Bull Racing,VER,3.0,4.0,12.0,Red Bull Racing
2019,6,Monaco Grand Prix,Ferrari,VET,4.0,2.0,18.0,Ferrari
2019,6,Monaco Grand Prix,Red Bull Racing,GAS,5.0,5.0,11.0,Red Bull Racing
2019,6,Monaco Grand Prix,Haas F1 Team,MAG,6.0,14.0,0.0,Haas
2019,6,Monaco Grand Prix,Renault,RIC,7.0,9.0,2.0,Alpine/Renault
2019,6,Monaco Grand Prix,Toro Rosso,KVY,8.0,7.0,6.0,RB/AlphaTauri/Toro Rosso
2019,6,Monaco Grand Prix,McLaren,SAI,9.0,6.0,8.0,McLaren
2019,6,Monaco Grand Prix,Toro Rosso,ALB,10.0,8.0,4.0,RB/AlphaTauri/Toro Rosso
2019,6,Monaco Grand Prix,Renault,HUL,11.0,13.0,0.0,Alpine/Renault
2019,6,Monaco Grand Prix,McLaren,NOR,12.0,11.0,0.0,McLaren
2019,6,Monaco Grand Prix,Haas F1 Team,GRO,13.0,10.0,1.0,Haas
2019,6,Monaco Grand Prix,Alfa Romeo Racing,RAI,14.0,17.0,0.0,Sauber/Alfa Romeo
2019,6,Monaco Grand Prix,Alfa Romeo Racing,GIO,15.0,19.0,0.0,Sauber/Alfa Romeo
2019,6,Monaco Grand Prix,Ferrari,LEC,16.0,20.0,0.0,Ferrari
2019,6,Monaco Grand Prix,Racing Point,PER,17.0,12.0,0.0,Aston Martin/Racing Point/Force India
2019,6,Monaco Grand Prix,Racing Point,STR,18.0,16.0,0.0,Aston Martin/Racing Point/Force India
2019,6,Monaco Grand Prix,Williams,RUS,19.0,15.0,0.0,Williams
2019,6,Monaco Grand Prix,Williams,KUB,20.0,18.0,0.0,Williams
2019,7,Canadian Grand Prix,Ferrari,VET,1.0,2.0,18.0,Ferrari
2019,7,Canadian Grand Prix,Mercedes,HAM,2.0,1.0,25.0,Mercedes
2019,7,Canadian Grand Prix,Ferrari,LEC,3.0,3.0,15.0,Ferrari
2019,7,Canadian Grand Prix,Renault,RIC,4.0,6.0,8.0,Alpine/Renault
2019,7,Canadian Grand Prix,Red Bull Racing,GAS,5.0,8.0,4.0,Red Bull Racing
2019,7,Canadian Grand Prix,Mercedes,BOT,6.0,4.0,13.0,Mercedes
2019,7,Canadian Grand Prix,Renault,HUL,7.0,7.0,6.0,Alpine/Renault
2019,7,Canadian Grand Prix,McLaren,NOR,8.0,20.0,0.0,McLaren
2019,7,Canadian Grand Prix,McLaren,SAI,9.0,11.0,0.0,McLaren
2019,7,Canadian Grand Prix,Haas F1 Team,MAG,10.0,17.0,0.0,Haas
2019,7,Canadian Grand Prix,Red Bull Racing,VER,11.0,5.0,10.0,Red Bull Racing
2019,7,Canadian Grand Prix,Toro Rosso,KVY,12.0,10.0,1.0,RB/AlphaTauri/Toro Rosso
2019,7,Canadian Grand Prix,Alfa Romeo Racing,GIO,13.0,13.0,0.0,Sauber/Alfa Romeo
2019,7,Canadian Grand Prix,Toro Rosso,ALB,14.0,19.0,0.0,RB/AlphaTauri/Toro Rosso
2019,7,Canadian Grand Prix,Haas F1 Team,GRO,15.0,14.0,0.0,Haas
2019,7,Canadian Grand Prix,Racing Point,PER,16.0,12.0,0.0,Aston Martin/Racing Point/Force India
2019,7,Canadian Grand Prix,Alfa Romeo Racing,RAI,17.0,15.0,0.0,Sauber/Alfa Romeo
2019,7,Canadian Grand Prix,Racing Point,STR,18.0,9.0,2.0,Aston Martin/Racing Point/Force India
2019,7,Canadian Grand Prix,Williams,RUS,19.0,16.0,0.0,Williams
2019,7,Canadian Grand Prix,Williams,KUB,20.0,18.0,0.0,Williams
2019,8,French Grand Prix,Mercedes,HAM,1.0,1.0,25.0,Mercedes
2019,8,French Grand Prix,Mercedes,BOT,2.0,2.0,18.0,Mercedes
2019,8,French Grand Prix,Ferrari,LEC,3.0,3.0,15.0,Ferrari
2019,8,French Grand Prix,Red Bull Racing,VER,4.0,4.0,12.0,Red Bull Racing
2019,8,French Grand Prix,McLaren,NOR,5.0,9.0,2.0,McLaren
2019,8,French Grand Prix,McLaren,SAI,6.0,6.0,8.0,McLaren
2019,8,French Grand Prix,Ferrari,VET,7.0,5.0,11.0,Ferrari
2019,8,French Grand Prix,Renault,RIC,8.0,11.0,0.0,Alpine/Renault
2019,8,French Grand Prix,Red Bull Racing,GAS,9.0,10.0,1.0,Red Bull Racing
2019,8,French Grand Prix,Alfa Romeo Racing,GIO,10.0,16.0,0.0,Sauber/Alfa Romeo
2019,8,French Grand Prix,Toro Rosso,ALB,11.0,15.0,0.0,RB/AlphaTauri/Toro Rosso
2019,8,French Grand Prix,Alfa Romeo Racing,RAI,12.0,7.0,6.0,Sauber/Alfa Romeo
2019,8,French Grand Prix,Renault,HUL,13.0,8.0,4.0,Alpine/Renault
2019,8,French Grand Prix,Racing Point,PER,14.0,12.0,0.0,Aston Martin/Racing Point/Force India
2019,8,French Grand Prix,Haas F1 Team,MAG,15.0,17.0,0.0,Haas
2019,8,French Grand Prix,Toro Rosso,KVY,16.0,14.0,0.0,RB/AlphaTauri/Toro Rosso
2019,8,French Grand Prix,Haas F1 Team,GRO,17.0,20.0,0.0,Haas
2019,8,French Grand Prix,Racing Point,STR,18.0,13.0,0.0,Aston Martin/Racing Point/Force India
2019,8,French Grand Prix,Williams,RUS,19.0,19.0,0.0,Williams
2019,8,French Grand Prix,Williams,KUB,20.0,18.0,0.0,Williams
2019,9,Austrian Grand Prix,Ferrari,LEC,1.0,2.0,18.0,Ferrari
2019,9,Austrian Grand Prix,Mercedes,HAM,2.0,5.0,10.0,Mercedes
2019,9,Austrian Grand Prix,Red Bull Racing,VER,3.0,1.0,26.0,Red Bull Racing
2019,9,Austrian Grand Prix,Mercedes,BOT,4.0,3.0,15.0,Mercedes
2019,9,Austrian Grand Prix,Haas F1 Team,MAG,5.0,19.0,0.0,Haas
2019,9,Austrian Grand Prix,McLaren,NOR,6.0,6.0,8.0,McLaren
2019,9,Austrian Grand Prix,Alfa Romeo Racing,RAI,7.0,9.0,2.0,Sauber/Alfa Romeo
2019,9,Austrian Grand Prix,Alfa Romeo Racing,GIO,8.0,10.0,1.0,Sauber/Alfa Romeo
2019,9,Austrian Grand Prix,Red Bull Racing,GAS,9.0,7.0,6.0,Red Bull Racing
2019,9,Austrian Grand Prix,Ferrari,VET,10.0,4.0,12.0,Ferrari
2019,9,Austrian Grand Prix,Haas F1 Team,GRO,11.0,16.0,0.0,Haas
2019,9,Austrian Grand Prix,Renault,HUL,12.0,13.0,0.0,Alpine/Renault
2019,9,Austrian Grand Prix,Toro Rosso,ALB,13.0,15.0,0.0,RB/AlphaTauri/Toro Rosso
2019,9,Austrian Grand Prix,Renault,RIC,14.0,12.0,0.0,Alpine/Renault
2019,9,Austrian Grand Prix,McLaren,SAI,15.0,8.0,4.0,McLaren
2019,9,Austrian Grand Prix,Racing Point,PER,16.0,11.0,0.0,Aston Martin/Racing Point/Force India
2019,9,Austrian Grand Prix,Racing Point,STR,17.0,14.0,0.0,Aston Martin/Racing Point/Force India
2019,9,Austrian Grand Prix,Toro Rosso,KVY,18.0,17.0,0.0,RB/AlphaTauri/Toro Rosso
2019,9,Austrian Grand Prix,Williams,RUS,19.0,18.0,0.0,Williams
2019,9,Austrian Grand Prix,Williams,KUB,20.0,20.0,0.0,Williams
2019,10,British Grand Prix,Mercedes,BOT,1.0,2.0,18.0,Mercedes
2019,10,British Grand Prix,Mercedes,HAM,2.0,1.0,26.0,Mercedes
2019,10,British Grand Prix,Ferrari,LEC,3.0,3.0,15.0,Ferrari
2019,10,British Grand Prix,Red Bull Racing,VER,4.0,5.0,10.0,Red Bull Racing
2019,10,British Grand Prix,Red Bull Racing,GAS,5.0,4.0,12.0,Red Bull Racing
2019,10,British Grand Prix,Ferrari,VET,6.0,16.0,0.0,Ferrari
2019,10,British Grand Prix,Renault,RIC,7.0,7.0,6.0,Alpine/Renault
2019,10,British Grand Prix,McLaren,NOR,8.0,11.0,0.0,McLaren
2019,10,British Grand Prix,Toro Rosso,ALB,9.0,12.0,0.0,RB/AlphaTauri/Toro Rosso
2019,10,British Grand Prix,Renault,HUL,10.0,10.0,1.0,Alpine/Renault
2019,10,British Grand Prix,Alfa Romeo Racing,GIO,11.0,18.0,0.0,Sauber/Alfa Romeo
2019,10,British Grand Prix,Alfa Romeo Racing,RAI,12.0,8.0,4.0,Sauber/Alfa Romeo
2019,10,British Grand Prix,McLaren,SAI,13.0,6.0,8.0,McLaren
2019,10,British Grand Prix,Haas F1 Team,GRO,14.0,19.0,0.0,Haas
2019,10,British Grand Prix,Racing Point,PER,15.0,17.0,0.0,Aston Martin/Racing Point/Force India
2019,10,British Grand Prix,Haas F1 Team,MAG,16.0,20.0,0.0,Haas
2019,10,British Grand Prix,Toro Rosso,KVY,17.0,9.0,2.0,RB/AlphaTauri/Toro Rosso
2019,10,British Grand Prix,Racing Point,STR,18.0,13.0,0.0,Aston Martin/Racing Point/Force India
2019,10,British Grand Prix,Williams,RUS,19.0,14.0,0.0,Williams
2019,10,British Grand Prix,Williams,KUB,20.0,15.0,0.0,Williams
2019,11,German Grand Prix,Mercedes,HAM,1.0,9.0,2.0,Mercedes
2019,11,German Grand Prix,Red Bull Racing,VER,2.0,1.0,26.0,Red Bull Racing
2019,11,German Grand Prix,Mercedes,BOT,3.0,15.0,0.0,Mercedes
2019,11,German Grand Prix,Red Bull Racing,GAS,4.0,14.0,0.0,Red Bull Racing
2019,11,German Grand Prix,Alfa Romeo Racing,RAI,5.0,12.0,0.0,Sauber/Alfa Romeo
2019,11,German Grand Prix,Haas F1 Team,GRO,6.0,7.0,6.0,Haas
2019,11,German Grand Prix,McLaren,SAI,7.0,5.0,10.0,McLaren
2019,11,German Grand Prix,Racing Point,PER,8.0,20.0,0.0,Aston Martin/Racing Point/Force India
2019,11,German Grand Prix,Renault,HUL,9.0,16.0,0.0,Alpine/Renault
2019,11,German Grand Prix,Ferrari,LEC,10.0,17.0,0.0,Ferrari
2019,11,German Grand Prix,Alfa Romeo Racing,GIO,11.0,13.0,0.0,Sauber/Alfa Romeo
2019,11,German Grand Prix,Haas F1 Team,MAG,12.0,8.0,4.0,Haas
2019,11,German Grand Prix,Renault,RIC,13.0,19.0,0.0,Alpine/Renault
2019,11,German Grand Prix,Toro Rosso,KVY,14.0,3.0,15.0,RB/AlphaTauri/Toro Rosso
2019,11,German Grand Prix,Racing Point,STR,15.0,4.0,12.0,Aston Martin/Racing Point/Force India
2019,11,German Grand Prix,McLaren,NOR,16.0,18.0,0.0,McLaren
2019,11,German Grand Prix,Toro Rosso,ALB,17.0,6.0,8.0,RB/AlphaTauri/Toro Rosso
2019,11,German Grand Prix,Williams,RUS,18.0,11.0,0.0,Williams
2019,11,German Grand Prix,Williams,KUB,19.0,10.0,1.0,Williams
2019,11,German Grand Prix,Ferrari,VET,20.0,2.0,18.0,Ferrari
2019,12,Hungarian Grand Prix,Red Bull Racing,VER,1.0,2.0,19.0,Red Bull Racing
2019,12,Hungarian Grand Prix,Mercedes,BOT,2.0,8.0,4.0,Mercedes
2019,12,Hungarian Grand Prix,Mercedes,HAM,3.0,1.0,25.0,Mercedes
2019,12,Hungarian Grand Prix,Ferrari,LEC,4.0,4.0,12.0,Ferrari
2019,12,Hungarian Grand Prix,Ferrari,VET,5.0,3.0,15.0,Ferrari
2019,12,Hungarian Grand Prix,Red Bull Racing,GAS,6.0,6.0,8.0,Red Bull Racing
2019,12,Hungarian Grand Prix,McLaren,NOR,7.0,9.0,2.0,McLaren
2019,12,Hungarian Grand Prix,McLaren,SAI,8.0,5.0,10.0,McLaren
2019,12,Hungarian Grand Prix,Haas F1 Team,GRO,9.0,20.0,0.0,Haas
2019,12,Hungarian Grand Prix,Alfa Romeo Racing,RAI,10.0,7.0,6.0,Sauber/Alfa Romeo
2019,12,Hungarian Grand Prix,Renault,HUL,11.0,12.0,0.0,Alpine/Renault
2019,12,Hungarian Grand Prix,Toro Rosso,ALB,12.0,10.0,1.0,RB/AlphaTauri/Toro Rosso
2019,12,Hungarian Grand Prix,Toro Rosso,KVY,13.0,15.0,0.0,RB/AlphaTauri/Toro Rosso
2019,12,Hungarian Grand Prix,Alfa Romeo Racing,GIO,14.0,18.0,0.0,Sauber/Alfa Romeo
2019,12,Hungarian Grand Prix,Haas F1 Team,MAG,15.0,13.0,0.0,Haas
2019,12,Hungarian Grand Prix,Williams,RUS,16.0,16.0,0.0,Williams
2019,12,Hungarian Grand Prix,Racing Point,PER,17.0,11.0,0.0,Aston Martin/Racing Point/Force India
2019,12,Hungarian Grand Prix,Renault,RIC,18.0,14.0,0.0,Alpine/Renault
2019,12,Hungarian Grand Prix,Racing Point,STR,19.0,17.0,0.0,Aston Martin/Racing Point/Force India
2019,12,Hungarian Grand Prix,Williams,KUB,20.0,19.0,0.0,Williams
2019,13,Belgian Grand Prix,Ferrari,LEC,1.0,1.0,25.0,Ferrari
2019,13,Belgian Grand Prix,Ferrari,VET,2.0,4.0,13.0,Ferrari
2019,13,Belgian Grand Prix,Mercedes,HAM,3.0,2.0,18.0,Mercedes
2019,13,Belgian Grand Prix,Mercedes,BOT,4.0,3.0,15.0,Mercedes
2019,13,Belgian Grand Prix,Red Bull Racing,VER,5.0,20.0,0.0,Red Bull Racing
2019,13,Belgian Grand Prix,Renault,RIC,6.0,14.0,0.0,Alpine/Renault
2019,13,Belgian Grand Prix,Renault,HUL,7.0,8.0,4.0,Alpine/Renault
2019,13,Belgian Grand Prix,Alfa Romeo Racing,RAI,8.0,16.0,0.0,Sauber/Alfa Romeo
2019,13,Belgian Grand Prix,Racing Point,PER,9.0,6.0,8.0,Aston Martin/Racing Point/Force India
2019,13,Belgian Grand Prix,Haas F1 Team,MAG,10.0,12.0,0.0,Haas
2019,13,Belgian Grand Prix,Haas F1 Team,GRO,11.0,13.0,0.0,Haas
2019,13,Belgian Grand Prix,McLaren,NOR,12.0,11.0,0.0,McLaren
2019,13,Belgian Grand Prix,Racing Point,STR,13.0,10.0,1.0,Aston Martin/Racing Point/Force India
2019,13,Belgian Grand Prix,Red Bull Racing,ALB,14.0,5.0,10.0,Red Bull Racing
2019,13,Belgian Grand Prix,Alfa Romeo Racing,GIO,15.0,18.0,0.0,Sauber/Alfa Romeo
2019,13,Belgian Grand Prix,Toro Rosso,GAS,16.0,9.0,2.0,RB/AlphaTauri/Toro Rosso
2019,13,Belgian Grand Prix,McLaren,SAI,17.0,19.0,0.0,McLaren
2019,13,Belgian Grand Prix,Toro Rosso,KVY,18.0,7.0,6.0,RB/AlphaTauri/Toro Rosso
2019,13,Belgian Grand Prix,Williams,RUS,19.0,15.0,0.0,Williams
2019,13,Belgian Grand Prix,Williams,KUB,20.0,17.0,0.0,Williams
2019,14,Italian Grand Prix,Ferrari,LEC,1.0,1.0,25.0,Ferrari
2019,14,Italian Grand Prix,Mercedes,HAM,2.0,3.0,16.0,Mercedes
2019,14,Italian Grand Prix,Mercedes,BOT,3.0,2.0,18.0,Mercedes
2019,14,Italian Grand Prix,Ferrari,VET,4.0,13.0,0.0,Ferrari
2019,14,Italian Grand Prix,Renault,RIC,5.0,4.0,12.0,Alpine/Renault
2019,14,Italian Grand Prix,Renault,HUL,6.0,5.0,10.0,Alpine/Renault
2019,14,Italian Grand Prix,McLaren,SAI,7.0,20.0,0.0,McLaren
2019,14,Italian Grand Prix,Red Bull Racing,ALB,8.0,6.0,8.0,Red Bull Racing
2019,14,Italian Grand Prix,Racing Point,STR,9.0,12.0,0.0,Aston Martin/Racing Point/Force India
2019,14,Italian Grand Prix,Alfa Romeo Racing,RAI,10.0,15.0,0.0,Sauber/Alfa Romeo
2019,14,Italian Grand Prix,Alfa Romeo Racing,GIO,11.0,9.0,2.0,Sauber/Alfa Romeo
2019,14,Italian Grand Prix,Haas F1 Team,MAG,12.0,18.0,0.0,Haas
2019,14,Italian Grand Prix,Toro Rosso,KVY,13.0,19.0,0.0,RB/AlphaTauri/Toro Rosso
2019,14,Italian Grand Prix,McLaren,NOR,14.0,10.0,1.0,McLaren
2019,14,Italian Grand Prix,Toro Rosso,GAS,15.0,11.0,0.0,RB/AlphaTauri/Toro Rosso
2019,14,Italian Grand Prix,Haas F1 Team,GRO,16.0,16.0,0.0,Haas
2019,14,Italian Grand Prix,Racing Point,PER,17.0,7.0,6.0,Aston Martin/Racing Point/Force India
2019,14,Italian Grand Prix,Williams,RUS,18.0,14.0,0.0,Williams
2019,14,Italian Grand Prix,Williams,KUB,19.0,17.0,0.0,Williams
2019,14,Italian Grand Prix,Red Bull Racing,VER,20.0,8.0,4.0,Red Bull Racing
2019,15,Singapore Grand Prix,Ferrari,LEC,1.0,2.0,18.0,Ferrari
2019,15,Singapore Grand Prix,Mercedes,HAM,2.0,4.0,12.0,Mercedes
2019,15,Singapore Grand Prix,Ferrari,VET,3.0,1.0,25.0,Ferrari
2019,15,Singapore Grand Prix,Red Bull Racing,VER,4.0,3.0,15.0,Red Bull Racing
2019,15,Singapore Grand Prix,Mercedes,BOT,5.0,5.0,10.0,Mercedes
2019,15,Singapore Grand Prix,Red Bull Racing,ALB,6.0,6.0,8.0,Red Bull Racing
2019,15,Singapore Grand Prix,McLaren,SAI,7.0,12.0,0.0,McLaren
2019,15,Singapore Grand Prix,Renault,HUL,8.0,9.0,2.0,Alpine/Renault
2019,15,Singapore Grand Prix,McLaren,NOR,9.0,7.0,6.0,McLaren
2019,15,Singapore Grand Prix,Racing Point,PER,10.0,19.0,0.0,Aston Martin/Racing Point/Force India
2019,15,Singapore Grand Prix,Alfa Romeo Racing,GIO,11.0,10.0,1.0,Sauber/Alfa Romeo
2019,15,Singapore Grand Prix,Toro Rosso,GAS,12.0,8.0,4.0,RB/AlphaTauri/Toro Rosso
2019,15,Singapore Grand Prix,Alfa Romeo Racing,RAI,13.0,18.0,0.0,Sauber/Alfa Romeo
2019,15,Singapore Grand Prix,Haas F1 Team,MAG,14.0,17.0,0.0,Haas
2019,15,Singapore Grand Prix,Toro Rosso,KVY,15.0,15.0,0.0,RB/AlphaTauri/Toro Rosso
2019,15,Singapore Grand Prix,Racing Point,STR,16.0,13.0,0.0,Aston Martin/Racing Point/Force India
2019,15,Singapore Grand Prix,Haas F1 Team,GRO,17.0,11.0,0.0,Haas
2019,15,Singapore Grand Prix,Williams,RUS,18.0,20.0,0.0,Williams
2019,15,Singapore Grand Prix,Williams,KUB,19.0,16.0,0.0,Williams
2019,15,Singapore Grand Prix,Renault,RIC,20.0,14.0,0.0,Alpine/Renault
2019,16,Russian Grand Prix,Ferrari,LEC,1.0,3.0,15.0,Ferrari
2019,16,Russian Grand Prix,Mercedes,HAM,2.0,1.0,26.0,Mercedes
2019,16,Russian Grand Prix,Ferrari,VET,3.0,18.0,0.0,Ferrari
2019,16,Russian Grand Prix,Red Bull Racing,VER,4.0,4.0,12.0,Red Bull Racing
2019,16,Russian Grand Prix,Mercedes,BOT,5.0,2.0,18.0,Mercedes
2019,16,Russian Grand Prix,McLaren,SAI,6.0,6.0,8.0,McLaren
2019,16,Russian Grand Prix,Renault,HUL,7.0,10.0,1.0,Alpine/Renault
2019,16,Russian Grand Prix,McLaren,NOR,8.0,8.0,4.0,McLaren
2019,16,Russian Grand Prix,Haas F1 Team,GRO,9.0,20.0,0.0,Haas
2019,16,Russian Grand Prix,Renault,RIC,10.0,19.0,0.0,Alpine/Renault
2019,16,Russian Grand Prix,Toro Rosso,GAS,11.0,14.0,0.0,RB/AlphaTauri/Toro Rosso
2019,16,Russian Grand Prix,Racing Point,PER,12.0,7.0,6.0,Aston Martin/Racing Point/Force India
2019,16,Russian Grand Prix,Alfa Romeo Racing,GIO,13.0,15.0,0.0,Sauber/Alfa Romeo
2019,16,Russian Grand Prix,Haas F1 Team,MAG,14.0,9.0,2.0,Haas
2019,16,Russian Grand Prix,Racing Point,STR,15.0,11.0,0.0,Aston Martin/Racing Point/Force India
2019,16,Russian Grand Prix,Alfa Romeo Racing,RAI,16.0,13.0,0.0,Sauber/Alfa Romeo
2019,16,Russian Grand Prix,Williams,RUS,17.0,17.0,0.0,Williams
2019,16,Russian Grand Prix,Williams,KUB,18.0,16.0,0.0,Williams
2019,16,Russian Grand Prix,Red Bull Racing,ALB,19.0,5.0,10.0,Red Bull Racing
2019,16,Russian Grand Prix,Toro Rosso,KVY,20.0,12.0,0.0,RB/AlphaTauri/Toro Rosso
2019,17,Japanese Grand Prix,Ferrari,VET,1.0,2.0,18.0,Ferrari
2019,17,Japanese Grand Prix,Ferrari,LEC,2.0,6.0,8.0,Ferrari
2019,17,Japanese Grand Prix,Mercedes,BOT,3.0,1.0,25.0,Mercedes
2019,17,Japanese Grand Prix,Mercedes,HAM,4.0,3.0,16.0,Mercedes
2019,17,Japanese Grand Prix,Red Bull Racing,VER,5.0,18.0,0.0,Red Bull Racing
2019,17,Japanese Grand Prix,Red Bull Racing,ALB,6.0,4.0,12.0,Red Bull Racing
2019,17,Japanese Grand Prix,McLaren,SAI,7.0,5.0,10.0,McLaren
2019,17,Japanese Grand Prix,McLaren,NOR,8.0,11.0,0.0,McLaren
2019,17,Japanese Grand Prix,Toro Rosso,GAS,9.0,7.0,6.0,RB/AlphaTauri/Toro Rosso
2019,17,Japanese Grand Prix,Haas F1 Team,GRO,10.0,13.0,0.0,Haas
2019,17,Japanese Grand Prix,Alfa Romeo Racing,GIO,11.0,14.0,0.0,Sauber/Alfa Romeo
2019,17,Japanese Grand Prix,Racing Point,STR,12.0,9.0,2.0,Aston Martin/Racing Point/Force India
2019,17,Japanese Grand Prix,Alfa Romeo Racing,RAI,13.0,12.0,0.0,Sauber/Alfa Romeo
2019,17,Japanese Grand Prix,Toro Rosso,KVY,14.0,10.0,1.0,RB/AlphaTauri/Toro Rosso
2019,17,Japanese Grand Prix,Renault,HUL,15.0,20.0,0.0,Alpine/Renault
2019,17,Japanese Grand Prix,Renault,RIC,16.0,19.0,0.0,Alpine/Renault
2019,17,Japanese Grand Prix,Racing Point,PER,17.0,8.0,4.0,Aston Martin/Racing Point/Force India
2019,17,Japanese Grand Prix,Williams,RUS,18.0,16.0,0.0,Williams
2019,17,Japanese Grand Prix,Haas F1 Team,MAG,19.0,15.0,0.0,Haas
2019,17,Japanese Grand Prix,Williams,KUB,20.0,17.0,0.0,Williams
2019,18,Mexican Grand Prix,Red Bull Racing,VER,1.0,6.0,8.0,Red Bull Racing
2019,18,Mexican Grand Prix,Ferrari,LEC,2.0,4.0,13.0,Ferrari
2019,18,Mexican Grand Prix,Ferrari,VET,3.0,2.0,18.0,Ferrari
2019,18,Mexican Grand Prix,Mercedes,HAM,4.0,1.0,25.0,Mercedes
2019,18,Mexican Grand Prix,Red Bull Racing,ALB,5.0,5.0,10.0,Red Bull Racing
2019,18,Mexican Grand Prix,Mercedes,BOT,6.0,3.0,15.0,Mercedes
2019,18,Mexican Grand Prix,McLaren,SAI,7.0,13.0,0.0,McLaren
2019,18,Mexican Grand Prix,McLaren,NOR,8.0,20.0,0.0,McLaren
2019,18,Mexican Grand Prix,Toro Rosso,KVY,9.0,11.0,0.0,RB/AlphaTauri/Toro Rosso
2019,18,Mexican Grand Prix,Toro Rosso,GAS,10.0,9.0,2.0,RB/AlphaTauri/Toro Rosso
2019,18,Mexican Grand Prix,Racing Point,PER,11.0,7.0,6.0,Aston Martin/Racing Point/Force India
2019,18,Mexican Grand Prix,Renault,HUL,12.0,10.0,1.0,Alpine/Renault
2019,18,Mexican Grand Prix,Renault,RIC,13.0,8.0,4.0,Alpine/Renault
2019,18,Mexican Grand Prix,Alfa Romeo Racing,RAI,14.0,19.0,0.0,Sauber/Alfa Romeo
2019,18,Mexican Grand Prix,Alfa Romeo Racing,GIO,15.0,14.0,0.0,Sauber/Alfa Romeo
2019,18,Mexican Grand Prix,Racing Point,STR,16.0,12.0,0.0,Aston Martin/Racing Point/Force India
2019,18,Mexican Grand Prix,Haas F1 Team,MAG,17.0,15.0,0.0,Haas
2019,18,Mexican Grand Prix,Haas F1 Team,GRO,18.0,17.0,0.0,Haas
2019,18,Mexican Grand Prix,Williams,RUS,19.0,16.0,0.0,Williams
2019,18,Mexican Grand Prix,Williams,KUB,20.0,18.0,0.0,Williams
2019,19,United States Grand Prix,Mercedes,BOT,1.0,1.0,25.0,Mercedes
2019,19,United States Grand Prix,Ferrari,VET,2.0,20.0,0.0,Ferrari
2019,19,United States Grand Prix,Red Bull Racing,VER,3.0,3.0,15.0,Red Bull Racing
2019,19,United States Grand Prix,Ferrari,LEC,4.0,4.0,13.0,Ferrari
2019,19,United States Grand Prix,Mercedes,HAM,5.0,2.0,18.0,Mercedes
2019,19,United States Grand Prix,Red Bull Racing,ALB,6.0,5.0,10.0,Red Bull Racing
2019,19,United States Grand Prix,McLaren,SAI,7.0,8.0,4.0,McLaren
2019,19,United States Grand Prix,McLaren,NOR,8.0,7.0,6.0,McLaren
2019,19,United States Grand Prix,Renault,RIC,9.0,6.0,8.0,Alpine/Renault
2019,19,United States Grand Prix,Toro Rosso,GAS,10.0,16.0,0.0,RB/AlphaTauri/Toro Rosso
2019,19,United States Grand Prix,Renault,HUL,11.0,9.0,2.0,Alpine/Renault
2019,19,United States Grand Prix,Haas F1 Team,MAG,12.0,18.0,0.0,Haas
2019,19,United States Grand Prix,Toro Rosso,KVY,13.0,12.0,0.0,RB/AlphaTauri/Toro Rosso
2019,19,United States Grand Prix,Racing Point,STR,14.0,13.0,0.0,Aston Martin/Racing Point/Force India
2019,19,United States Grand Prix,Haas F1 Team,GRO,15.0,15.0,0.0,Haas
2019,19,United States Grand Prix,Alfa Romeo Racing,GIO,16.0,14.0,0.0,Sauber/Alfa Romeo
2019,19,United States Grand Prix,Alfa Romeo Racing,RAI,17.0,11.0,0.0,Sauber/Alfa Romeo
2019,19,United States Grand Prix,Williams,RUS,18.0,17.0,0.0,Williams
2019,19,United States Grand Prix,Racing Point,PER,19.0,10.0,1.0,Aston Martin/Racing Point/Force India
2019,19,United States Grand Prix,Williams,KUB,20.0,19.0,0.0,Williams
2019,20,Brazilian Grand Prix,Red Bull Racing,VER,1.0,1.0,25.0,Red Bull Racing
2019,20,Brazilian Grand Prix,Ferrari,VET,2.0,17.0,0.0,Ferrari
2019,20,Brazilian Grand Prix,Mercedes,HAM,3.0,7.0,6.0,Mercedes
2019,20,Brazilian Grand Prix,Ferrari,LEC,4.0,18.0,0.0,Ferrari
2019,20,Brazilian Grand Prix,Mercedes,BOT,5.0,20.0,0.0,Mercedes
2019,20,Brazilian Grand Prix,Red Bull Racing,ALB,6.0,14.0,0.0,Red Bull Racing
2019,20,Brazilian Grand Prix,Toro Rosso,GAS,7.0,2.0,18.0,RB/AlphaTauri/Toro Rosso
2019,20,Brazilian Grand Prix,Haas F1 Team,GRO,8.0,13.0,0.0,Haas
2019,20,Brazilian Grand Prix,Alfa Romeo Racing,RAI,9.0,4.0,12.0,Sauber/Alfa Romeo
2019,20,Brazilian Grand Prix,Haas F1 Team,MAG,10.0,11.0,0.0,Haas
2019,20,Brazilian Grand Prix,McLaren,NOR,11.0,8.0,4.0,McLaren
2019,20,Brazilian Grand Prix,Renault,RIC,12.0,6.0,8.0,Alpine/Renault
2019,20,Brazilian Grand Prix,Alfa Romeo Racing,GIO,13.0,5.0,10.0,Sauber/Alfa Romeo
2019,20,Brazilian Grand Prix,Renault,HUL,14.0,15.0,0.0,Alpine/Renault
2019,20,Brazilian Grand Prix,Racing Point,PER,15.0,9.0,2.0,Aston Martin/Racing Point/Force India
2019,20,Brazilian Grand Prix,Toro Rosso,KVY,16.0,10.0,1.0,RB/AlphaTauri/Toro Rosso
2019,20,Brazilian Grand Prix,Racing Point,STR,17.0,19.0,0.0,Aston Martin/Racing Point/Force India
2019,20,Brazilian Grand Prix,Williams,RUS,18.0,12.0,0.0,Williams
2019,20,Brazilian Grand Prix,Williams,KUB,19.0,16.0,0.0,Williams
2019,20,Brazilian Grand Prix,McLaren,SAI,20.0,3.0,15.0,McLaren
2019,21,Abu Dhabi Grand Prix,Mercedes,HAM,1.0,1.0,26.0,Mercedes
2019,21,Abu Dhabi Grand Prix,Mercedes,BOT,2.0,4.0,12.0,Mercedes
2019,21,Abu Dhabi Grand Prix,Red Bull Racing,VER,3.0,2.0,18.0,Red Bull Racing
2019,21,Abu Dhabi Grand Prix,Ferrari,LEC,4.0,3.0,15.0,Ferrari
2019,21,Abu Dhabi Grand Prix,Ferrari,VET,5.0,5.0,10.0,Ferrari
2019,21,Abu Dhabi Grand Prix,Red Bull Racing,ALB,6.0,6.0,8.0,Red Bull Racing
2019,21,Abu Dhabi Grand Prix,McLaren,NOR,7.0,8.0,4.0,McLaren
2019,21,Abu Dhabi Grand Prix,Renault,RIC,8.0,11.0,0.0,Alpine/Renault
2019,21,Abu Dhabi Grand Prix,McLaren,SAI,9.0,10.0,1.0,McLaren
2019,21,Abu Dhabi Grand Prix,Renault,HUL,10.0,12.0,0.0,Alpine/Renault
2019,21,Abu Dhabi Grand Prix,Racing Point,PER,11.0,7.0,6.0,Aston Martin/Racing Point/Force India
2019,21,Abu Dhabi Grand Prix,Toro Rosso,GAS,12.0,18.0,0.0,RB/AlphaTauri/Toro Rosso
2019,21,Abu Dhabi Grand Prix,Racing Point,STR,13.0,20.0,0.0,Aston Martin/Racing Point/Force India
2019,21,Abu Dhabi Grand Prix,Toro Rosso,KVY,14.0,9.0,2.0,RB/AlphaTauri/Toro Rosso
2019,21,Abu Dhabi Grand Prix,Haas F1 Team,MAG,15.0,14.0,0.0,Haas
2019,21,Abu Dhabi Grand Prix,Haas F1 Team,GRO,16.0,15.0,0.0,Haas
2019,21,Abu Dhabi Grand Prix,Alfa Romeo Racing,GIO,17.0,16.0,0.0,Sauber/Alfa Romeo
2019,21,Abu Dhabi Grand Prix,Alfa Romeo Racing,RAI,18.0,13.0,0.0,Sauber/Alfa Romeo
2019,21,Abu Dhabi Grand Prix,Williams,RUS,19.0,17.0,0.0,Williams
2019,21,Abu Dhabi Grand Prix,Williams,KUB,20.0,19.0,0.0,Williams
2020,1,Austrian Grand Prix,Mercedes,BOT,1.0,1.0,25.0,Mercedes
2020,1,Austrian Grand Prix,Mercedes,HAM,2.0,4.0,12.0,Mercedes
2020,1,Austrian Grand Prix,Red Bull Racing,VER,3.0,20.0,0.0,Red Bull Racing
2020,1,Austrian Grand Prix,McLaren,NOR,4.0,3.0,16.0,McLaren
2020,1,Austrian Grand Prix,Red Bull Racing,ALB,5.0,13.0,0.0,Red Bull Racing
2020,1,Austrian Grand Prix,Racing Point,PER,6.0,6.0,8.0,Aston Martin/Racing Point/Force India
2020,1,Austrian Grand Prix,Ferrari,LEC,7.0,2.0,18.0,Ferrari
2020,1,Austrian Grand Prix,McLaren,SAI,8.0,5.0,10.0,McLaren
2020,1,Austrian Grand Prix,Racing Point,STR,9.0,18.0,0.0,Aston Martin/Racing Point/Force India
2020,1,Austrian Grand Prix,Renault,RIC,10.0,19.0,0.0,Alpine/Renault
2020,1,Austrian Grand Prix,Ferrari,VET,11.0,10.0,1.0,Ferrari
2020,1,Austrian Grand Prix,AlphaTauri,GAS,12.0,7.0,6.0,RB/AlphaTauri/Toro Rosso
2020,1,Austrian Grand Prix,AlphaTauri,KVY,13.0,12.0,0.0,RB/AlphaTauri/Toro Rosso
2020,1,Austrian Grand Prix,Renault,OCO,14.0,8.0,4.0,Alpine/Renault
2020,1,Austrian Grand Prix,Haas F1 Team,GRO,15.0,16.0,0.0,Haas
2020,1,Austrian Grand Prix,Haas F1 Team,MAG,16.0,17.0,0.0,Haas
2020,1,Austrian Grand Prix,Williams,RUS,17.0,15.0,0.0,Williams
2020,1,Austrian Grand Prix,Alfa Romeo Racing,GIO,18.0,9.0,2.0,Sauber/Alfa Romeo
2020,1,Austrian Grand Prix,Alfa Romeo Racing,RAI,19.0,14.0,0.0,Sauber/Alfa Romeo
2020,1,Austrian Grand Prix,Williams,LAT,20.0,11.0,0.0,Williams
2020,2,Styrian Grand Prix,Mercedes,HAM,1.0,1.0,25.0,Mercedes
2020,2,Styrian Grand Prix,Red Bull Racing,VER,2.0,3.0,15.0,Red Bull Racing
2020,2,Styrian Grand Prix,McLaren,SAI,3.0,9.0,3.0,McLaren
2020,2,Styrian Grand Prix,Mercedes,BOT,4.0,2.0,18.0,Mercedes
2020,2,Styrian Grand Prix,Renault,OCO,5.0,18.0,0.0,Alpine/Renault
2020,2,Styrian Grand Prix,McLaren,NOR,6.0,5.0,10.0,McLaren
2020,2,Styrian Grand Prix,Red Bull Racing,ALB,7.0,4.0,12.0,Red Bull Racing
2020,2,Styrian Grand Prix,AlphaTauri,GAS,8.0,15.0,0.0,RB/AlphaTauri/Toro Rosso
2020,2,Styrian Grand Prix,Renault,RIC,9.0,8.0,4.0,Alpine/Renault
2020,2,Styrian Grand Prix,Ferrari,VET,10.0,20.0,0.0,Ferrari
2020,2,Styrian Grand Prix,Ferrari,LEC,11.0,19.0,0.0,Ferrari
2020,2,Styrian Grand Prix,Williams,RUS,12.0,16.0,0.0,Williams
2020,2,Styrian Grand Prix,Racing Point,STR,13.0,7.0,6.0,Aston Martin/Racing Point/Force India
2020,2,Styrian Grand Prix,AlphaTauri,KVY,14.0,10.0,1.0,RB/AlphaTauri/Toro Rosso
2020,2,Styrian Grand Prix,Haas F1 Team,MAG,15.0,12.0,0.0,Haas
2020,2,Styrian Grand Prix,Alfa Romeo Racing,RAI,16.0,11.0,0.0,Sauber/Alfa Romeo
2020,2,Styrian Grand Prix,Racing Point,PER,17.0,6.0,8.0,Aston Martin/Racing Point/Force India
2020,2,Styrian Grand Prix,Williams,LAT,18.0,17.0,0.0,Williams
2020,2,Styrian Grand Prix,Alfa Romeo Racing,GIO,19.0,14.0,0.0,Sauber/Alfa Romeo
2020,2,Styrian Grand Prix,Haas F1 Team,GRO,20.0,13.0,0.0,Haas
2020,3,Hungarian Grand Prix,Mercedes,HAM,1.0,1.0,26.0,Mercedes
2020,3,Hungarian Grand Prix,Mercedes,BOT,2.0,3.0,15.0,Mercedes
2020,3,Hungarian Grand Prix,Racing Point,STR,3.0,4.0,12.0,Aston Martin/Racing Point/Force India
2020,3,Hungarian Grand Prix,Racing Point,PER,4.0,7.0,6.0,Aston Martin/Racing Point/Force India
2020,3,Hungarian Grand Prix,Ferrari,VET,5.0,6.0,8.0,Ferrari
2020,3,Hungarian Grand Prix,Ferrari,LEC,6.0,11.0,0.0,Ferrari
2020,3,Hungarian Grand Prix,Red Bull Racing,VER,7.0,2.0,18.0,Red Bull Racing
2020,3,Hungarian Grand Prix,McLaren,NOR,8.0,13.0,0.0,McLaren
2020,3,Hungarian Grand Prix,McLaren,SAI,9.0,9.0,2.0,McLaren
2020,3,Hungarian Grand Prix,AlphaTauri,GAS,10.0,20.0,0.0,RB/AlphaTauri/Toro Rosso
2020,3,Hungarian Grand Prix,Renault,RIC,11.0,8.0,4.0,Alpine/Renault
2020,3,Hungarian Grand Prix,Williams,RUS,12.0,18.0,0.0,Williams
2020,3,Hungarian Grand Prix,Red Bull Racing,ALB,13.0,5.0,10.0,Red Bull Racing
2020,3,Hungarian Grand Prix,Renault,OCO,14.0,14.0,0.0,Alpine/Renault
2020,3,Hungarian Grand Prix,Williams,LAT,15.0,19.0,0.0,Williams
2020,3,Hungarian Grand Prix,Haas F1 Team,MAG,16.0,10.0,1.0,Haas
2020,3,Hungarian Grand Prix,AlphaTauri,KVY,17.0,12.0,0.0,RB/AlphaTauri/Toro Rosso
2020,3,Hungarian Grand Prix,Haas F1 Team,GRO,18.0,16.0,0.0,Haas
2020,3,Hungarian Grand Prix,Alfa Romeo Racing,GIO,19.0,17.0,0.0,Sauber/Alfa Romeo
2020,3,Hungarian Grand Prix,Alfa Romeo Racing,RAI,20.0,15.0,0.0,Sauber/Alfa Romeo
2020,4,British Grand Prix,Mercedes,HAM,1.0,1.0,25.0,Mercedes
2020,4,British Grand Prix,Mercedes,BOT,2.0,11.0,0.0,Mercedes
2020,4,British Grand Prix,Red Bull Racing,VER,3.0,2.0,19.0,Red Bull Racing
2020,4,British Grand Prix,Ferrari,LEC,4.0,3.0,15.0,Ferrari
2020,4,British Grand Prix,McLaren,NOR,5.0,5.0,10.0,McLaren
2020,4,British Grand Prix,Racing Point,STR,6.0,9.0,2.0,Aston Martin/Racing Point/Force India
2020,4,British Grand Prix,McLaren,SAI,7.0,13.0,0.0,McLaren
2020,4,British Grand Prix,Renault,RIC,8.0,4.0,12.0,Alpine/Renault
2020,4,British Grand Prix,Renault,OCO,9.0,6.0,8.0,Alpine/Renault
2020,4,British Grand Prix,Ferrari,VET,10.0,10.0,1.0,Ferrari
2020,4,British Grand Prix,AlphaTauri,GAS,11.0,7.0,6.0,RB/AlphaTauri/Toro Rosso
2020,4,British Grand Prix,Red Bull Racing,ALB,12.0,8.0,4.0,Red Bull Racing
2020,4,British Grand Prix,Racing Point,HUL,13.0,20.0,0.0,Aston Martin/Racing Point/Force India
2020,4,British Grand Prix,AlphaTauri,KVY,14.0,18.0,0.0,RB/AlphaTauri/Toro Rosso
2020,4,British Grand Prix,Williams,RUS,15.0,12.0,0.0,Williams
2020,4,British Grand Prix,Haas F1 Team,MAG,16.0,19.0,0.0,Haas
2020,4,British Grand Prix,Alfa Romeo Racing,GIO,17.0,14.0,0.0,Sauber/Alfa Romeo
2020,4,British Grand Prix,Alfa Romeo Racing,RAI,18.0,17.0,0.0,Sauber/Alfa Romeo
2020,4,British Grand Prix,Haas F1 Team,GRO,19.0,16.0,0.0,Haas
2020,4,British Grand Prix,Williams,LAT,20.0,15.0,0.0,Williams
2020,5,70th Anniversary Grand Prix,Mercedes,BOT,1.0,3.0,15.0,Mercedes
2020,5,70th Anniversary Grand Prix,Mercedes,HAM,2.0,2.0,19.0,Mercedes
2020,5,70th Anniversary Grand Prix,Racing Point,HUL,3.0,7.0,6.0,Aston Martin/Racing Point/Force India
2020,5,70th Anniversary Grand Prix,Red Bull Racing,VER,4.0,1.0,25.0,Red Bull Racing
2020,5,70th Anniversary Grand Prix,Renault,RIC,5.0,14.0,0.0,Alpine/Renault
2020,5,70th Anniversary Grand Prix,Racing Point,STR,6.0,6.0,8.0,Aston Martin/Racing Point/Force India
2020,5,70th Anniversary Grand Prix,AlphaTauri,GAS,7.0,11.0,0.0,RB/AlphaTauri/Toro Rosso
2020,5,70th Anniversary Grand Prix,Ferrari,LEC,8.0,4.0,12.0,Ferrari
2020,5,70th Anniversary Grand Prix,Red Bull Racing,ALB,9.0,5.0,10.0,Red Bull Racing
2020,5,70th Anniversary Grand Prix,McLaren,NOR,10.0,9.0,2.0,McLaren
2020,5,70th Anniversary Grand Prix,Renault,OCO,11.0,8.0,4.0,Alpine/Renault
2020,5,70th Anniversary Grand Prix,Ferrari,VET,12.0,12.0,0.0,Ferrari
2020,5,70th Anniversary Grand Prix,McLaren,SAI,13.0,13.0,0.0,McLaren
2020,5,70th Anniversary Grand Prix,Haas F1 Team,GRO,14.0,16.0,0.0,Haas
2020,5,70th Anniversary Grand Prix,Williams,RUS,15.0,18.0,0.0,Williams
2020,5,70th Anniversary Grand Prix,AlphaTauri,KVY,16.0,10.0,1.0,RB/AlphaTauri/Toro Rosso
2020,5,70th Anniversary Grand Prix,Haas F1 Team,MAG,17.0,20.0,0.0,Haas
2020,5,70th Anniversary Grand Prix,Williams,LAT,18.0,19.0,0.0,Williams
2020,5,70th Anniversary Grand Prix,Alfa Romeo Racing,GIO,19.0,17.0,0.0,Sauber/Alfa Romeo
2020,5,70th Anniversary Grand Prix,Alfa Romeo Racing,RAI,20.0,15.0,0.0,Sauber/Alfa Romeo
2020,6,Spanish Grand Prix,Mercedes,HAM,1.0,1.0,25.0,Mercedes
2020,6,Spanish Grand Prix,Mercedes,BOT,2.0,3.0,16.0,Mercedes
2020,6,Spanish Grand Prix,Red Bull Racing,VER,3.0,2.0,18.0,Red Bull Racing
2020,6,Spanish Grand Prix,Racing Point,PER,4.0,5.0,10.0,Aston Martin/Racing Point/Force India
2020,6,Spanish Grand Prix,Racing Point,STR,5.0,4.0,12.0,Aston Martin/Racing Point/Force India
2020,6,Spanish Grand Prix,Red Bull Racing,ALB,6.0,8.0,4.0,Red Bull Racing
2020,6,Spanish Grand Prix,McLaren,SAI,7.0,6.0,8.0,McLaren
2020,6,Spanish Grand Prix,McLaren,NOR,8.0,10.0,1.0,McLaren
2020,6,Spanish Grand Prix,Ferrari,LEC,9.0,20.0,0.0,Ferrari
2020,6,Spanish Grand Prix,AlphaTauri,GAS,10.0,9.0,2.0,RB/AlphaTauri/Toro Rosso
2020,6,Spanish Grand Prix,Ferrari,VET,11.0,7.0,6.0,Ferrari
2020,6,Spanish Grand Prix,AlphaTauri,KVY,12.0,12.0,0.0,RB/AlphaTauri/Toro Rosso
2020,6,Spanish Grand Prix,Renault,RIC,13.0,11.0,0.0,Alpine/Renault
2020,6,Spanish Grand Prix,Alfa Romeo Racing,RAI,14.0,14.0,0.0,Sauber/Alfa Romeo
2020,6,Spanish Grand Prix,Renault,OCO,15.0,13.0,0.0,Alpine/Renault
2020,6,Spanish Grand Prix,Haas F1 Team,MAG,16.0,15.0,0.0,Haas
2020,6,Spanish Grand Prix,Haas F1 Team,GRO,17.0,19.0,0.0,Haas
2020,6,Spanish Grand Prix,Williams,RUS,18.0,17.0,0.0,Williams
2020,6,Spanish Grand Prix,Williams,LAT,19.0,18.0,0.0,Williams
2020,6,Spanish Grand Prix,Alfa Romeo Racing,GIO,20.0,16.0,0.0,Sauber/Alfa Romeo
2020,7,Belgian Grand Prix,Mercedes,HAM,1.0,1.0,25.0,Mercedes
2020,7,Belgian Grand Prix,Mercedes,BOT,2.0,2.0,18.0,Mercedes
2020,7,Belgian Grand Prix,Red Bull Racing,VER,3.0,3.0,15.0,Red Bull Racing
2020,7,Belgian Grand Prix,Renault,RIC,4.0,4.0,13.0,Alpine/Renault
2020,7,Belgian Grand Prix,Red Bull Racing,ALB,5.0,6.0,8.0,Red Bull Racing
2020,7,Belgian Grand Prix,Renault,OCO,6.0,5.0,10.0,Alpine/Renault
2020,7,Belgian Grand Prix,McLaren,SAI,7.0,20.0,0.0,McLaren
2020,7,Belgian Grand Prix,Racing Point,PER,8.0,10.0,1.0,Aston Martin/Racing Point/Force India
2020,7,Belgian Grand Prix,Racing Point,STR,9.0,9.0,2.0,Aston Martin/Racing Point/Force India
2020,7,Belgian Grand Prix,McLaren,NOR,10.0,7.0,6.0,McLaren
2020,7,Belgian Grand Prix,AlphaTauri,KVY,11.0,11.0,0.0,RB/AlphaTauri/Toro Rosso
2020,7,Belgian Grand Prix,AlphaTauri,GAS,12.0,8.0,4.0,RB/AlphaTauri/Toro Rosso
2020,7,Belgian Grand Prix,Ferrari,LEC,13.0,14.0,0.0,Ferrari
2020,7,Belgian Grand Prix,Ferrari,VET,14.0,13.0,0.0,Ferrari
2020,7,Belgian Grand Prix,Williams,RUS,15.0,19.0,0.0,Williams
2020,7,Belgian Grand Prix,Alfa Romeo Racing,RAI,16.0,12.0,0.0,Sauber/Alfa Romeo
2020,7,Belgian Grand Prix,Haas F1 Team,GRO,17.0,15.0,0.0,Haas
2020,7,Belgian Grand Prix,Alfa Romeo Racing,GIO,18.0,18.0,0.0,Sauber/Alfa Romeo
2020,7,Belgian Grand Prix,Williams,LAT,19.0,16.0,0.0,Williams
2020,7,Belgian Grand Prix,Haas F1 Team,MAG,20.0,17.0,0.0,Haas
2020,8,Italian Grand Prix,Mercedes,HAM,1.0,7.0,7.0,Mercedes
2020,8,Italian Grand Prix,Mercedes,BOT,2.0,5.0,10.0,Mercedes
2020,8,Italian Grand Prix,McLaren,SAI,3.0,2.0,18.0,McLaren
2020,8,Italian Grand Prix,Racing Point,PER,4.0,10.0,1.0,Aston Martin/Racing Point/Force India
2020,8,Italian Grand Prix,Red Bull Racing,VER,5.0,17.0,0.0,Red Bull Racing
2020,8,Italian Grand Prix,McLaren,NOR,6.0,4.0,12.0,McLaren
2020,8,Italian Grand Prix,Renault,RIC,7.0,6.0,8.0,Alpine/Renault
2020,8,Italian Grand Prix,Racing Point,STR,8.0,3.0,15.0,Aston Martin/Racing Point/Force India
2020,8,Italian Grand Prix,Red Bull Racing,ALB,9.0,15.0,0.0,Red Bull Racing
2020,8,Italian Grand Prix,AlphaTauri,GAS,10.0,1.0,25.0,RB/AlphaTauri/Toro Rosso
2020,8,Italian Grand Prix,AlphaTauri,KVY,11.0,9.0,2.0,RB/AlphaTauri/Toro Rosso
2020,8,Italian Grand Prix,Renault,OCO,12.0,8.0,4.0,Alpine/Renault
2020,8,Italian Grand Prix,Ferrari,LEC,13.0,18.0,0.0,Ferrari
2020,8,Italian Grand Prix,Alfa Romeo Racing,RAI,14.0,13.0,0.0,Sauber/Alfa Romeo
2020,8,Italian Grand Prix,Haas F1 Team,MAG,15.0,19.0,0.0,Haas
2020,8,Italian Grand Prix,Haas F1 Team,GRO,16.0,12.0,0.0,Haas
2020,8,Italian Grand Prix,Ferrari,VET,17.0,20.0,0.0,Ferrari
2020,8,Italian Grand Prix,Alfa Romeo Racing,GIO,18.0,16.0,0.0,Sauber/Alfa Romeo
2020,8,Italian Grand Prix,Williams,RUS,19.0,14.0,0.0,Williams
2020,8,Italian Grand Prix,Williams,LAT,20.0,11.0,0.0,Williams
2020,9,Tuscan Grand Prix,Mercedes,HAM,1.0,1.0,26.0,Mercedes
2020,9,Tuscan Grand Prix,Mercedes,BOT,2.0,2.0,18.0,Mercedes
2020,9,Tuscan Grand Prix,Red Bull Racing,VER,3.0,19.0,0.0,Red Bull Racing
2020,9,Tuscan Grand Prix,Red Bull Racing,ALB,4.0,3.0,15.0,Red Bull Racing
2020,9,Tuscan Grand Prix,Ferrari,LEC,5.0,8.0,4.0,Ferrari
2020,9,Tuscan Grand Prix,Racing Point,PER,6.0,5.0,10.0,Aston Martin/Racing Point/Force India
2020,9,Tuscan Grand Prix,Racing Point,STR,7.0,13.0,0.0,Aston Martin/Racing Point/Force India
2020,9,Tuscan Grand Prix,Renault,RIC,8.0,4.0,12.0,Alpine/Renault
2020,9,Tuscan Grand Prix,McLaren,SAI,9.0,18.0,0.0,McLaren
2020,9,Tuscan Grand Prix,Renault,OCO,10.0,14.0,0.0,Alpine/Renault
2020,9,Tuscan Grand Prix,McLaren,NOR,11.0,6.0,8.0,McLaren
2020,9,Tuscan Grand Prix,AlphaTauri,KVY,12.0,7.0,6.0,RB/AlphaTauri/Toro Rosso
2020,9,Tuscan Grand Prix,Alfa Romeo Racing,RAI,13.0,9.0,2.0,Sauber/Alfa Romeo
2020,9,Tuscan Grand Prix,Ferrari,VET,14.0,10.0,1.0,Ferrari
2020,9,Tuscan Grand Prix,Haas F1 Team,GRO,15.0,12.0,0.0,Haas
2020,9,Tuscan Grand Prix,AlphaTauri,GAS,16.0,20.0,0.0,RB/AlphaTauri/Toro Rosso
2020,9,Tuscan Grand Prix,Alfa Romeo Racing,GIO,17.0,17.0,0.0,Sauber/Alfa Romeo
2020,9,Tuscan Grand Prix,Williams,RUS,18.0,11.0,0.0,Williams
2020,9,Tuscan Grand Prix,Williams,LAT,19.0,15.0,0.0,Williams
2020,9,Tuscan Grand Prix,Haas F1 Team,MAG,20.0,16.0,0.0,Haas
2020,10,Russian Grand Prix,Mercedes,HAM,1.0,3.0,15.0,Mercedes
2020,10,Russian Grand Prix,Red Bull Racing,VER,2.0,2.0,18.0,Red Bull Racing
2020,10,Russian Grand Prix,Mercedes,BOT,3.0,1.0,26.0,Mercedes
2020,10,Russian Grand Prix,Racing Point,PER,4.0,4.0,12.0,Aston Martin/Racing Point/Force India
2020,10,Russian Grand Prix,Renault,RIC,5.0,5.0,10.0,Alpine/Renault
2020,10,Russian Grand Prix,McLaren,SAI,6.0,19.0,0.0,McLaren
2020,10,Russian Grand Prix,Renault,OCO,7.0,7.0,6.0,Alpine/Renault
2020,10,Russian Grand Prix,McLaren,NOR,8.0,15.0,0.0,McLaren
2020,10,Russian Grand Prix,AlphaTauri,GAS,9.0,9.0,2.0,RB/AlphaTauri/Toro Rosso
2020,10,Russian Grand Prix,Red Bull Racing,ALB,10.0,10.0,1.0,Red Bull Racing
2020,10,Russian Grand Prix,Ferrari,LEC,11.0,6.0,8.0,Ferrari
2020,10,Russian Grand Prix,AlphaTauri,KVY,12.0,8.0,4.0,RB/AlphaTauri/Toro Rosso
2020,10,Russian Grand Prix,Racing Point,STR,13.0,20.0,0.0,Aston Martin/Racing Point/Force India
2020,10,Russian Grand Prix,Williams,RUS,14.0,18.0,0.0,Williams
2020,10,Russian Grand Prix,Ferrari,VET,15.0,13.0,0.0,Ferrari
2020,10,Russian Grand Prix,Haas F1 Team,GRO,16.0,17.0,0.0,Haas
2020,10,Russian Grand Prix,Alfa Romeo Racing,GIO,17.0,11.0,0.0,Sauber/Alfa Romeo
2020,10,Russian Grand Prix,Haas F1 Team,MAG,18.0,12.0,0.0,Haas
2020,10,Russian Grand Prix,Williams,LAT,19.0,16.0,0.0,Williams
2020,10,Russian Grand Prix,Alfa Romeo Racing,RAI,20.0,14.0,0.0,Sauber/Alfa Romeo
2020,11,Eifel Grand Prix,Mercedes,BOT,1.0,19.0,0.0,Mercedes
2020,11,Eifel Grand Prix,Mercedes,HAM,2.0,1.0,25.0,Mercedes
2020,11,Eifel Grand Prix,Red Bull Racing,VER,3.0,2.0,19.0,Red Bull Racing
2020,11,Eifel Grand Prix,Ferrari,LEC,4.0,7.0,6.0,Ferrari
2020,11,Eifel Grand Prix,Red Bull Racing,ALB,5.0,17.0,0.0,Red Bull Racing
2020,11,Eifel Grand Prix,Renault,RIC,6.0,3.0,15.0,Alpine/Renault
2020,11,Eifel Grand Prix,Renault,OCO,7.0,18.0,0.0,Alpine/Renault
2020,11,Eifel Grand Prix,McLaren,NOR,8.0,16.0,0.0,McLaren
2020,11,Eifel Grand Prix,Racing Point,PER,9.0,4.0,12.0,Aston Martin/Racing Point/Force India
2020,11,Eifel Grand Prix,McLaren,SAI,10.0,5.0,10.0,McLaren
2020,11,Eifel Grand Prix,Ferrari,VET,11.0,11.0,0.0,Ferrari
2020,11,Eifel Grand Prix,AlphaTauri,GAS,12.0,6.0,8.0,RB/AlphaTauri/Toro Rosso
2020,11,Eifel Grand Prix,AlphaTauri,KVY,13.0,15.0,0.0,RB/AlphaTauri/Toro Rosso
2020,11,Eifel Grand Prix,Alfa Romeo Racing,GIO,14.0,10.0,1.0,Sauber/Alfa Romeo
2020,11,Eifel Grand Prix,Haas F1 Team,MAG,15.0,13.0,0.0,Haas
2020,11,Eifel Grand Prix,Haas F1 Team,GRO,16.0,9.0,2.0,Haas
2020,11,Eifel Grand Prix,Williams,RUS,17.0,20.0,0.0,Williams
2020,11,Eifel Grand Prix,Williams,LAT,18.0,14.0,0.0,Williams
2020,11,Eifel Grand Prix,Alfa Romeo Racing,RAI,19.0,12.0,0.0,Sauber/Alfa Romeo
2020,11,Eifel Grand Prix,Racing Point,HUL,20.0,8.0,4.0,Aston Martin/Racing Point/Force India
2020,12,Portuguese Grand Prix,Mercedes,HAM,1.0,1.0,26.0,Mercedes
2020,12,Portuguese Grand Prix,Mercedes,BOT,2.0,2.0,18.0,Mercedes
2020,12,Portuguese Grand Prix,Red Bull Racing,VER,3.0,3.0,15.0,Red Bull Racing
2020,12,Portuguese Grand Prix,Ferrari,LEC,4.0,4.0,12.0,Ferrari
2020,12,Portuguese Grand Prix,Racing Point,PER,5.0,7.0,6.0,Aston Martin/Racing Point/Force India
2020,12,Portuguese Grand Prix,Red Bull Racing,ALB,6.0,12.0,0.0,Red Bull Racing
2020,12,Portuguese Grand Prix,McLaren,SAI,7.0,6.0,8.0,McLaren
2020,12,Portuguese Grand Prix,McLaren,NOR,8.0,13.0,0.0,McLaren
2020,12,Portuguese Grand Prix,AlphaTauri,GAS,9.0,5.0,10.0,RB/AlphaTauri/Toro Rosso
2020,12,Portuguese Grand Prix,Renault,RIC,10.0,9.0,2.0,Alpine/Renault
2020,12,Portuguese Grand Prix,Renault,OCO,11.0,8.0,4.0,Alpine/Renault
2020,12,Portuguese Grand Prix,Racing Point,STR,12.0,20.0,0.0,Aston Martin/Racing Point/Force India
2020,12,Portuguese Grand Prix,AlphaTauri,KVY,13.0,19.0,0.0,RB/AlphaTauri/Toro Rosso
2020,12,Portuguese Grand Prix,Williams,RUS,14.0,14.0,0.0,Williams
2020,12,Portuguese Grand Prix,Ferrari,VET,15.0,10.0,1.0,Ferrari
2020,12,Portuguese Grand Prix,Alfa Romeo Racing,RAI,16.0,11.0,0.0,Sauber/Alfa Romeo
2020,12,Portuguese Grand Prix,Alfa Romeo Racing,GIO,17.0,15.0,0.0,Sauber/Alfa Romeo
2020,12,Portuguese Grand Prix,Haas F1 Team,GRO,18.0,17.0,0.0,Haas
2020,12,Portuguese Grand Prix,Haas F1 Team,MAG,19.0,16.0,0.0,Haas
2020,12,Portuguese Grand Prix,Williams,LAT,20.0,18.0,0.0,Williams
2020,13,Emilia Romagna Grand Prix,Mercedes,BOT,1.0,2.0,18.0,Mercedes
2020,13,Emilia Romagna Grand Prix,Mercedes,HAM,2.0,1.0,26.0,Mercedes
2020,13,Emilia Romagna Grand Prix,Red Bull Racing,VER,3.0,17.0,0.0,Red Bull Racing
2020,13,Emilia Romagna Grand Prix,AlphaTauri,GAS,4.0,20.0,0.0,RB/AlphaTauri/Toro Rosso
2020,13,Emilia Romagna Grand Prix,Renault,RIC,5.0,3.0,15.0,Alpine/Renault
2020,13,Emilia Romagna Grand Prix,Red Bull Racing,ALB,6.0,15.0,0.0,Red Bull Racing
2020,13,Emilia Romagna Grand Prix,Ferrari,LEC,7.0,5.0,10.0,Ferrari
2020,13,Emilia Romagna Grand Prix,AlphaTauri,KVY,8.0,4.0,12.0,RB/AlphaTauri/Toro Rosso
2020,13,Emilia Romagna Grand Prix,McLaren,NOR,9.0,8.0,4.0,McLaren
2020,13,Emilia Romagna Grand Prix,McLaren,SAI,10.0,7.0,6.0,McLaren
2020,13,Emilia Romagna Grand Prix,Racing Point,PER,11.0,6.0,8.0,Aston Martin/Racing Point/Force India
2020,13,Emilia Romagna Grand Prix,Renault,OCO,12.0,19.0,0.0,Alpine/Renault
2020,13,Emilia Romagna Grand Prix,Williams,RUS,13.0,16.0,0.0,Williams
2020,13,Emilia Romagna Grand Prix,Ferrari,VET,14.0,12.0,0.0,Ferrari
2020,13,Emilia Romagna Grand Prix,Racing Point,STR,15.0,13.0,0.0,Aston Martin/Racing Point/Force India
2020,13,Emilia Romagna Grand Prix,Haas F1 Team,GRO,16.0,14.0,0.0,Haas
2020,13,Emilia Romagna Grand Prix,Haas F1 Team,MAG,17.0,18.0,0.0,Haas
2020,13,Emilia Romagna Grand Prix,Alfa Romeo Racing,RAI,18.0,9.0,2.0,Sauber/Alfa Romeo
2020,13,Emilia Romagna Grand Prix,Williams,LAT,19.0,11.0,0.0,Williams
2020,13,Emilia Romagna Grand Prix,Alfa Romeo Racing,GIO,20.0,10.0,1.0,Sauber/Alfa Romeo
2020,14,Turkish Grand Prix,Racing Point,STR,1.0,9.0,2.0,Aston Martin/Racing Point/Force India
2020,14,Turkish Grand Prix,Red Bull Racing,VER,2.0,6.0,8.0,Red Bull Racing
2020,14,Turkish Grand Prix,Racing Point,PER,3.0,2.0,18.0,Aston Martin/Racing Point/Force India
2020,14,Turkish Grand Prix,Red Bull Racing,ALB,4.0,7.0,6.0,Red Bull Racing
2020,14,Turkish Grand Prix,Renault,RIC,5.0,10.0,1.0,Alpine/Renault
2020,14,Turkish Grand Prix,Mercedes,HAM,6.0,1.0,25.0,Mercedes
2020,14,Turkish Grand Prix,Renault,OCO,7.0,11.0,0.0,Alpine/Renault
2020,14,Turkish Grand Prix,Alfa Romeo Racing,RAI,8.0,15.0,0.0,Sauber/Alfa Romeo
2020,14,Turkish Grand Prix,Mercedes,BOT,9.0,14.0,0.0,Mercedes
2020,14,Turkish Grand Prix,Alfa Romeo Racing,GIO,10.0,20.0,0.0,Sauber/Alfa Romeo
2020,14,Turkish Grand Prix,McLaren,NOR,11.0,8.0,5.0,McLaren
2020,14,Turkish Grand Prix,Ferrari,VET,12.0,3.0,15.0,Ferrari
2020,14,Turkish Grand Prix,McLaren,SAI,13.0,5.0,10.0,McLaren
2020,14,Turkish Grand Prix,Ferrari,LEC,14.0,4.0,12.0,Ferrari
2020,14,Turkish Grand Prix,AlphaTauri,GAS,15.0,13.0,0.0,RB/AlphaTauri/Toro Rosso
2020,14,Turkish Grand Prix,Haas F1 Team,MAG,16.0,17.0,0.0,Haas
2020,14,Turkish Grand Prix,AlphaTauri,KVY,17.0,12.0,0.0,RB/AlphaTauri/Toro Rosso
2020,14,Turkish Grand Prix,Williams,RUS,18.0,16.0,0.0,Williams
2020,14,Turkish Grand Prix,Haas F1 Team,GRO,19.0,18.0,0.0,Haas
2020,14,Turkish Grand Prix,Williams,LAT,20.0,19.0,0.0,Williams
2020,15,Bahrain Grand Prix,Mercedes,HAM,1.0,1.0,25.0,Mercedes
2020,15,Bahrain Grand Prix,Mercedes,BOT,2.0,8.0,4.0,Mercedes
2020,15,Bahrain Grand Prix,Red Bull Racing,VER,3.0,2.0,19.0,Red Bull Racing
2020,15,Bahrain Grand Prix,Red Bull Racing,ALB,4.0,3.0,15.0,Red Bull Racing
2020,15,Bahrain Grand Prix,Racing Point,PER,5.0,18.0,0.0,Aston Martin/Racing Point/Force India
2020,15,Bahrain Grand Prix,Renault,RIC,6.0,7.0,6.0,Alpine/Renault
2020,15,Bahrain Grand Prix,Renault,OCO,7.0,9.0,2.0,Alpine/Renault
2020,15,Bahrain Grand Prix,AlphaTauri,GAS,8.0,6.0,8.0,RB/AlphaTauri/Toro Rosso
2020,15,Bahrain Grand Prix,McLaren,NOR,9.0,4.0,12.0,McLaren
2020,15,Bahrain Grand Prix,AlphaTauri,KVY,10.0,11.0,0.0,RB/AlphaTauri/Toro Rosso
2020,15,Bahrain Grand Prix,Ferrari,VET,11.0,13.0,0.0,Ferrari
2020,15,Bahrain Grand Prix,Ferrari,LEC,12.0,10.0,1.0,Ferrari
2020,15,Bahrain Grand Prix,Racing Point,STR,13.0,19.0,0.0,Aston Martin/Racing Point/Force India
2020,15,Bahrain Grand Prix,Williams,RUS,14.0,12.0,0.0,Williams
2020,15,Bahrain Grand Prix,McLaren,SAI,15.0,5.0,10.0,McLaren
2020,15,Bahrain Grand Prix,Alfa Romeo Racing,GIO,16.0,16.0,0.0,Sauber/Alfa Romeo
2020,15,Bahrain Grand Prix,Alfa Romeo Racing,RAI,17.0,15.0,0.0,Sauber/Alfa Romeo
2020,15,Bahrain Grand Prix,Haas F1 Team,MAG,18.0,17.0,0.0,Haas
2020,15,Bahrain Grand Prix,Haas F1 Team,GRO,19.0,20.0,0.0,Haas
2020,15,Bahrain Grand Prix,Williams,LAT,20.0,14.0,0.0,Williams
2020,16,Sakhir Grand Prix,Mercedes,BOT,1.0,8.0,4.0,Mercedes
2020,16,Sakhir Grand Prix,Mercedes,RUS,2.0,9.0,3.0,Mercedes
2020,16,Sakhir Grand Prix,Red Bull Racing,VER,3.0,19.0,0.0,Red Bull Racing
2020,16,Sakhir Grand Prix,Ferrari,LEC,4.0,20.0,0.0,Ferrari
2020,16,Sakhir Grand Prix,Racing Point,PER,5.0,1.0,25.0,Aston Martin/Racing Point/Force India
2020,16,Sakhir Grand Prix,AlphaTauri,KVY,6.0,7.0,6.0,RB/AlphaTauri/Toro Rosso
2020,16,Sakhir Grand Prix,Renault,RIC,7.0,5.0,10.0,Alpine/Renault
2020,16,Sakhir Grand Prix,McLaren,SAI,8.0,4.0,12.0,McLaren
2020,16,Sakhir Grand Prix,AlphaTauri,GAS,9.0,11.0,0.0,RB/AlphaTauri/Toro Rosso
2020,16,Sakhir Grand Prix,Racing Point,STR,10.0,3.0,15.0,Aston Martin/Racing Point/Force India
2020,16,Sakhir Grand Prix,Renault,OCO,11.0,2.0,18.0,Alpine/Renault
2020,16,Sakhir Grand Prix,Red Bull Racing,ALB,12.0,6.0,8.0,Red Bull Racing
2020,16,Sakhir Grand Prix,Ferrari,VET,13.0,12.0,0.0,Ferrari
2020,16,Sakhir Grand Prix,Alfa Romeo Racing,GIO,14.0,13.0,0.0,Sauber/Alfa Romeo
2020,16,Sakhir Grand Prix,McLaren,NOR,15.0,10.0,1.0,McLaren
2020,16,Sakhir Grand Prix,Haas F1 Team,MAG,16.0,15.0,0.0,Haas
2020,16,Sakhir Grand Prix,Williams,LAT,17.0,18.0,0.0,Williams
2020,16,Sakhir Grand Prix,Williams,AIT,18.0,16.0,0.0,Williams
2020,16,Sakhir Grand Prix,Alfa Romeo Racing,RAI,19.0,14.0,0.0,Sauber/Alfa Romeo
2020,16,Sakhir Grand Prix,Haas F1 Team,FIT,20.0,17.0,0.0,Haas
2020,17,Abu Dhabi Grand Prix,Red Bull Racing,VER,1.0,1.0,25.0,Red Bull Racing
2020,17,Abu Dhabi Grand Prix,Mercedes,BOT,2.0,2.0,18.0,Mercedes
2020,17,Abu Dhabi Grand Prix,Mercedes,HAM,3.0,3.0,15.0,Mercedes
2020,17,Abu Dhabi Grand Prix,McLaren,NOR,4.0,5.0,10.0,McLaren
2020,17,Abu Dhabi Grand Prix,Red Bull Racing,ALB,5.0,4.0,12.0,Red Bull Racing
2020,17,Abu Dhabi Grand Prix,McLaren,SAI,6.0,6.0,8.0,McLaren
2020,17,Abu Dhabi Grand Prix,AlphaTauri,KVY,7.0,11.0,0.0,RB/AlphaTauri/Toro Rosso
2020,17,Abu Dhabi Grand Prix,Racing Point,STR,8.0,10.0,1.0,Aston Martin/Racing Point/Force India
2020,17,Abu Dhabi Grand Prix,Ferrari,LEC,9.0,13.0,0.0,Ferrari
2020,17,Abu Dhabi Grand Prix,AlphaTauri,GAS,10.0,8.0,4.0,RB/AlphaTauri/Toro Rosso
2020,17,Abu Dhabi Grand Prix,Renault,OCO,11.0,9.0,2.0,Alpine/Renault
2020,17,Abu Dhabi Grand Prix,Renault,RIC,12.0,7.0,7.0,Alpine/Renault
2020,17,Abu Dhabi Grand Prix,Ferrari,VET,13.0,14.0,0.0,Ferrari
2020,17,Abu Dhabi Grand Prix,Alfa Romeo Racing,GIO,14.0,16.0,0.0,Sauber/Alfa Romeo
2020,17,Abu Dhabi Grand Prix,Racing Point,PER,15.0,20.0,0.0,Aston Martin/Racing Point/Force India
2020,17,Abu Dhabi Grand Prix,Alfa Romeo Racing,RAI,16.0,12.0,0.0,Sauber/Alfa Romeo
2020,17,Abu Dhabi Grand Prix,Haas F1 Team,MAG,17.0,18.0,0.0,Haas
2020,17,Abu Dhabi Grand Prix,Williams,RUS,18.0,15.0,0.0,Williams
2020,17,Abu Dhabi Grand Prix,Haas F1 Team,FIT,19.0,19.0,0.0,Haas
2020,17,Abu Dhabi Grand Prix,Williams,LAT,20.0,17.0,0.0,Williams
2021,1,Bahrain Grand Prix,Red Bull Racing,VER,1.0,2.0,18.0,Red Bull Racing
2021,1,Bahrain Grand Prix,Mercedes,HAM,2.0,1.0,25.0,Mercedes
2021,1,Bahrain Grand Prix,Mercedes,BOT,3.0,3.0,16.0,Mercedes
2021,1,Bahrain Grand Prix,Ferrari,LEC,4.0,6.0,8.0,Ferrari
2021,1,Bahrain Grand Prix,AlphaTauri,GAS,5.0,17.0,0.0,RB/AlphaTauri/Toro Rosso
2021,1,Bahrain Grand Prix,McLaren,RIC,6.0,7.0,6.0,McLaren
2021,1,Bahrain Grand Prix,McLaren,NOR,7.0,4.0,12.0,McLaren
2021,1,Bahrain Grand Prix,Ferrari,SAI,8.0,8.0,4.0,Ferrari
2021,1,Bahrain Grand Prix,Alpine,ALO,9.0,19.0,0.0,Alpine/Renault
2021,1,Bahrain Grand Prix,Aston Martin,STR,10.0,10.0,1.0,Aston Martin/Racing Point/Force India
2021,1,Bahrain Grand Prix,Red Bull Racing,PER,11.0,5.0,10.0,Red Bull Racing
2021,1,Bahrain Grand Prix,Alfa Romeo Racing,GIO,12.0,12.0,0.0,Sauber/Alfa Romeo
2021,1,Bahrain Grand Prix,AlphaTauri,TSU,13.0,9.0,2.0,RB/AlphaTauri/Toro Rosso
2021,1,Bahrain Grand Prix,Alfa Romeo Racing,RAI,14.0,11.0,0.0,Sauber/Alfa Romeo
2021,1,Bahrain Grand Prix,Williams,RUS,15.0,14.0,0.0,Williams
2021,1,Bahrain Grand Prix,Alpine,OCO,16.0,13.0,0.0,Alpine/Renault
2021,1,Bahrain Grand Prix,Williams,LAT,17.0,18.0,0.0,Williams
2021,1,Bahrain Grand Prix,Aston Martin,VET,18.0,15.0,0.0,Aston Martin/Racing Point/Force India
2021,1,Bahrain Grand Prix,Haas F1 Team,MSC,19.0,16.0,0.0,Haas
2021,1,Bahrain Grand Prix,Haas F1 Team,MAZ,20.0,20.0,0.0,Haas
2021,2,Emilia Romagna Grand Prix,Mercedes,HAM,1.0,2.0,19.0,Mercedes
2021,2,Emilia Romagna Grand Prix,Red Bull Racing,PER,2.0,11.0,0.0,Red Bull Racing
2021,2,Emilia Romagna Grand Prix,Red Bull Racing,VER,3.0,1.0,25.0,Red Bull Racing
2021,2,Emilia Romagna Grand Prix,Ferrari,LEC,4.0,4.0,12.0,Ferrari
2021,2,Emilia Romagna Grand Prix,AlphaTauri,GAS,5.0,7.0,6.0,RB/AlphaTauri/Toro Rosso
2021,2,Emilia Romagna Grand Prix,McLaren,RIC,6.0,6.0,8.0,McLaren
2021,2,Emilia Romagna Grand Prix,McLaren,NOR,7.0,3.0,15.0,McLaren
2021,2,Emilia Romagna Grand Prix,Mercedes,BOT,8.0,18.0,0.0,Mercedes
2021,2,Emilia Romagna Grand Prix,Alpine,OCO,9.0,9.0,2.0,Alpine/Renault
2021,2,Emilia Romagna Grand Prix,Aston Martin,STR,10.0,8.0,4.0,Aston Martin/Racing Point/Force India
2021,2,Emilia Romagna Grand Prix,Ferrari,SAI,11.0,5.0,10.0,Ferrari
2021,2,Emilia Romagna Grand Prix,Williams,RUS,12.0,19.0,0.0,Williams
2021,2,Emilia Romagna Grand Prix,Aston Martin,VET,13.0,15.0,0.0,Aston Martin/Racing Point/Force India
2021,2,Emilia Romagna Grand Prix,Williams,LAT,14.0,20.0,0.0,Williams
2021,2,Emilia Romagna Grand Prix,Alpine,ALO,15.0,10.0,1.0,Alpine/Renault
2021,2,Emilia Romagna Grand Prix,Alfa Romeo Racing,RAI,16.0,13.0,0.0,Sauber/Alfa Romeo
2021,2,Emilia Romagna Grand Prix,Alfa Romeo Racing,GIO,17.0,14.0,0.0,Sauber/Alfa Romeo
2021,2,Emilia Romagna Grand Prix,Haas F1 Team,MSC,18.0,16.0,0.0,Haas
2021,2,Emilia Romagna Grand Prix,Haas F1 Team,MAZ,19.0,17.0,0.0,Haas
2021,2,Emilia Romagna Grand Prix,AlphaTauri,TSU,20.0,12.0,0.0,RB/AlphaTauri/Toro Rosso
2021,3,Portuguese Grand Prix,Mercedes,BOT,1.0,3.0,16.0,Mercedes
2021,3,Portuguese Grand Prix,Mercedes,HAM,2.0,1.0,25.0,Mercedes
2021,3,Portuguese Grand Prix,Red Bull Racing,VER,3.0,2.0,18.0,Red Bull Racing
2021,3,Portuguese Grand Prix,Red Bull Racing,PER,4.0,4.0,12.0,Red Bull Racing
2021,3,Portuguese Grand Prix,Ferrari,SAI,5.0,11.0,0.0,Ferrari
2021,3,Portuguese Grand Prix,Alpine,OCO,6.0,7.0,6.0,Alpine/Renault
2021,3,Portuguese Grand Prix,McLaren,NOR,7.0,5.0,10.0,McLaren
2021,3,Portuguese Grand Prix,Ferrari,LEC,8.0,6.0,8.0,Ferrari
2021,3,Portuguese Grand Prix,AlphaTauri,GAS,9.0,10.0,1.0,RB/AlphaTauri/Toro Rosso
2021,3,Portuguese Grand Prix,Aston Martin,VET,10.0,13.0,0.0,Aston Martin/Racing Point/Force India
2021,3,Portuguese Grand Prix,Williams,RUS,11.0,16.0,0.0,Williams
2021,3,Portuguese Grand Prix,Alfa Romeo Racing,GIO,12.0,12.0,0.0,Sauber/Alfa Romeo
2021,3,Portuguese Grand Prix,Alpine,ALO,13.0,8.0,4.0,Alpine/Renault
2021,3,Portuguese Grand Prix,AlphaTauri,TSU,14.0,15.0,0.0,RB/AlphaTauri/Toro Rosso
2021,3,Portuguese Grand Prix,Alfa Romeo Racing,RAI,15.0,20.0,0.0,Sauber/Alfa Romeo
2021,3,Portuguese Grand Prix,McLaren,RIC,16.0,9.0,2.0,McLaren
2021,3,Portuguese Grand Prix,Aston Martin,STR,17.0,14.0,0.0,Aston Martin/Racing Point/Force India
2021,3,Portuguese Grand Prix,Williams,LAT,18.0,18.0,0.0,Williams
2021,3,Portuguese Grand Prix,Haas F1 Team,MSC,19.0,17.0,0.0,Haas
2021,3,Portuguese Grand Prix,Haas F1 Team,MAZ,20.0,19.0,0.0,Haas
2021,4,Spanish Grand Prix,Mercedes,HAM,1.0,1.0,25.0,Mercedes
2021,4,Spanish Grand Prix,Red Bull Racing,VER,2.0,2.0,19.0,Red Bull Racing
2021,4,Spanish Grand Prix,Mercedes,BOT,3.0,3.0,15.0,Mercedes
2021,4,Spanish Grand Prix,Ferrari,LEC,4.0,4.0,12.0,Ferrari
2021,4,Spanish Grand Prix,Alpine,OCO,5.0,9.0,2.0,Alpine/Renault
2021,4,Spanish Grand Prix,Ferrari,SAI,6.0,7.0,6.0,Ferrari
2021,4,Spanish Grand Prix,McLaren,RIC,7.0,6.0,8.0,McLaren
2021,4,Spanish Grand Prix,Red Bull Racing,PER,8.0,5.0,10.0,Red Bull Racing
2021,4,Spanish Grand Prix,McLaren,NOR,9.0,8.0,4.0,McLaren
2021,4,Spanish Grand Prix,Alpine,ALO,10.0,17.0,0.0,Alpine/Renault
2021,4,Spanish Grand Prix,Aston Martin,STR,11.0,11.0,0.0,Aston Martin/Racing Point/Force India
2021,4,Spanish Grand Prix,AlphaTauri,GAS,12.0,10.0,1.0,RB/AlphaTauri/Toro Rosso
2021,4,Spanish Grand Prix,Aston Martin,VET,13.0,13.0,0.0,Aston Martin/Racing Point/Force India
2021,4,Spanish Grand Prix,Alfa Romeo Racing,GIO,14.0,15.0,0.0,Sauber/Alfa Romeo
2021,4,Spanish Grand Prix,Williams,RUS,15.0,14.0,0.0,Williams
2021,4,Spanish Grand Prix,AlphaTauri,TSU,16.0,20.0,0.0,RB/AlphaTauri/Toro Rosso
2021,4,Spanish Grand Prix,Alfa Romeo Racing,RAI,17.0,12.0,0.0,Sauber/Alfa Romeo
2021,4,Spanish Grand Prix,Haas F1 Team,MSC,18.0,18.0,0.0,Haas
2021,4,Spanish Grand Prix,Williams,LAT,19.0,16.0,0.0,Williams
2021,4,Spanish Grand Prix,Haas F1 Team,MAZ,20.0,19.0,0.0,Haas
2021,5,Monaco Grand Prix,Ferrari,LEC,1.0,20.0,0.0,Ferrari
2021,5,Monaco Grand Prix,Red Bull Racing,VER,2.0,1.0,25.0,Red Bull Racing
2021,5,Monaco Grand Prix,Mercedes,BOT,3.0,19.0,0.0,Mercedes
2021,5,Monaco Grand Prix,Ferrari,SAI,4.0,2.0,18.0,Ferrari
2021,5,Monaco Grand Prix,McLaren,NOR,5.0,3.0,15.0,McLaren
2021,5,Monaco Grand Prix,AlphaTauri,GAS,6.0,6.0,8.0,RB/AlphaTauri/Toro Rosso
2021,5,Monaco Grand Prix,Mercedes,HAM,7.0,7.0,7.0,Mercedes
2021,5,Monaco Grand Prix,Aston Martin,VET,8.0,5.0,10.0,Aston Martin/Racing Point/Force India
2021,5,Monaco Grand Prix,Red Bull Racing,PER,9.0,4.0,12.0,Red Bull Racing
2021,5,Monaco Grand Prix,Alfa Romeo Racing,GIO,10.0,10.0,1.0,Sauber/Alfa Romeo
2021,5,Monaco Grand Prix,Alpine,OCO,11.0,9.0,2.0,Alpine/Renault
2021,5,Monaco Grand Prix,McLaren,RIC,12.0,12.0,0.0,McLaren
2021,5,Monaco Grand Prix,Aston Martin,STR,13.0,8.0,4.0,Aston Martin/Racing Point/Force India
2021,5,Monaco Grand Prix,Alfa Romeo Racing,RAI,14.0,11.0,0.0,Sauber/Alfa Romeo
2021,5,Monaco Grand Prix,Williams,RUS,15.0,14.0,0.0,Williams
2021,5,Monaco Grand Prix,AlphaTauri,TSU,16.0,16.0,0.0,RB/AlphaTauri/Toro Rosso
2021,5,Monaco Grand Prix,Alpine,ALO,17.0,13.0,0.0,Alpine/Renault
2021,5,Monaco Grand Prix,Williams,LAT,18.0,15.0,0.0,Williams
2021,5,Monaco Grand Prix,Haas F1 Team,MAZ,19.0,17.0,0.0,Haas
2021,5,Monaco Grand Prix,Haas F1 Team,MSC,,18.0,0.0,Haas
2021,6,Azerbaijan Grand Prix,Ferrari,LEC,1.0,4.0,12.0,Ferrari
2021,6,Azerbaijan Grand Prix,Mercedes,HAM,2.0,15.0,0.0,Mercedes
2021,6,Azerbaijan Grand Prix,Red Bull Racing,VER,3.0,18.0,0.0,Red Bull Racing
2021,6,Azerbaijan Grand Prix,AlphaTauri,GAS,4.0,3.0,15.0,RB/AlphaTauri/Toro Rosso
2021,6,Azerbaijan Grand Prix,Ferrari,SAI,5.0,8.0,4.0,Ferrari
2021,6,Azerbaijan Grand Prix,McLaren,NOR,6.0,5.0,10.0,McLaren
2021,6,Azerbaijan Grand Prix,Red Bull Racing,PER,7.0,1.0,25.0,Red Bull Racing
2021,6,Azerbaijan Grand Prix,AlphaTauri,TSU,8.0,7.0,6.0,RB/AlphaTauri/Toro Rosso
2021,6,Azerbaijan Grand Prix,Alpine,ALO,9.0,6.0,8.0,Alpine/Renault
2021,6,Azerbaijan Grand Prix,Mercedes,BOT,10.0,12.0,0.0,Mercedes
2021,6,Azerbaijan Grand Prix,Aston Martin,VET,11.0,2.0,18.0,Aston Martin/Racing Point/Force India
2021,6,Azerbaijan Grand Prix,Alpine,OCO,12.0,20.0,0.0,Alpine/Renault
2021,6,Azerbaijan Grand Prix,McLaren,RIC,13.0,9.0,2.0,McLaren
2021,6,Azerbaijan Grand Prix,Alfa Romeo Racing,RAI,14.0,10.0,1.0,Sauber/Alfa Romeo
2021,6,Azerbaijan Grand Prix,Williams,RUS,15.0,17.0,0.0,Williams
2021,6,Azerbaijan Grand Prix,Williams,LAT,16.0,16.0,0.0,Williams
2021,6,Azerbaijan Grand Prix,Haas F1 Team,MSC,17.0,13.0,0.0,Haas
2021,6,Azerbaijan Grand Prix,Haas F1 Team,MAZ,18.0,14.0,0.0,Haas
2021,6,Azerbaijan Grand Prix,Aston Martin,STR,19.0,19.0,0.0,Aston Martin/Racing Point/Force India
2021,6,Azerbaijan Grand Prix,Alfa Romeo Racing,GIO,20.0,11.0,0.0,Sauber/Alfa Romeo
2021,7,French Grand Prix,Red Bull Racing,VER,1.0,1.0,26.0,Red Bull Racing
2021,7,French Grand Prix,Mercedes,HAM,2.0,2.0,18.0,Mercedes
2021,7,French Grand Prix,Mercedes,BOT,3.0,4.0,12.0,Mercedes
2021,7,French Grand Prix,Red Bull Racing,PER,4.0,3.0,15.0,Red Bull Racing
2021,7,French Grand Prix,Ferrari,SAI,5.0,11.0,0.0,Ferrari
2021,7,French Grand Prix,AlphaTauri,GAS,6.0,7.0,6.0,RB/AlphaTauri/Toro Rosso
2021,7,French Grand Prix,Ferrari,LEC,7.0,16.0,0.0,Ferrari
2021,7,French Grand Prix,McLaren,NOR,8.0,5.0,10.0,McLaren
2021,7,French Grand Prix,Alpine,ALO,9.0,8.0,4.0,Alpine/Renault
2021,7,French Grand Prix,McLaren,RIC,10.0,6.0,8.0,McLaren
2021,7,French Grand Prix,Alpine,OCO,11.0,14.0,0.0,Alpine/Renault
2021,7,French Grand Prix,Aston Martin,VET,12.0,9.0,2.0,Aston Martin/Racing Point/Force India
2021,7,French Grand Prix,Alfa Romeo Racing,GIO,13.0,15.0,0.0,Sauber/Alfa Romeo
2021,7,French Grand Prix,Williams,RUS,14.0,12.0,0.0,Williams
2021,7,French Grand Prix,Haas F1 Team,MSC,15.0,19.0,0.0,Haas
2021,7,French Grand Prix,Williams,LAT,16.0,18.0,0.0,Williams
2021,7,French Grand Prix,Alfa Romeo Racing,RAI,17.0,17.0,0.0,Sauber/Alfa Romeo
2021,7,French Grand Prix,Haas F1 Team,MAZ,18.0,20.0,0.0,Haas
2021,7,French Grand Prix,Aston Martin,STR,19.0,10.0,1.0,Aston Martin/Racing Point/Force India
2021,7,French Grand Prix,AlphaTauri,TSU,20.0,13.0,0.0,RB/AlphaTauri/Toro Rosso
2021,8,Styrian Grand Prix,Red Bull Racing,VER,1.0,1.0,25.0,Red Bull Racing
2021,8,Styrian Grand Prix,Mercedes,BOT,2.0,3.0,15.0,Mercedes
2021,8,Styrian Grand Prix,Mercedes,HAM,3.0,2.0,19.0,Mercedes
2021,8,Styrian Grand Prix,McLaren,NOR,4.0,5.0,10.0,McLaren
2021,8,Styrian Grand Prix,Red Bull Racing,PER,5.0,4.0,12.0,Red Bull Racing
2021,8,Styrian Grand Prix,AlphaTauri,GAS,6.0,20.0,0.0,RB/AlphaTauri/Toro Rosso
2021,8,Styrian Grand Prix,Ferrari,LEC,7.0,7.0,6.0,Ferrari
2021,8,Styrian Grand Prix,AlphaTauri,TSU,8.0,10.0,1.0,RB/AlphaTauri/Toro Rosso
2021,8,Styrian Grand Prix,Alpine,ALO,9.0,9.0,2.0,Alpine/Renault
2021,8,Styrian Grand Prix,Aston Martin,STR,10.0,8.0,4.0,Aston Martin/Racing Point/Force India
2021,8,Styrian Grand Prix,Williams,RUS,11.0,19.0,0.0,Williams
2021,8,Styrian Grand Prix,Ferrari,SAI,12.0,6.0,8.0,Ferrari
2021,8,Styrian Grand Prix,McLaren,RIC,13.0,13.0,0.0,McLaren
2021,8,Styrian Grand Prix,Aston Martin,VET,14.0,12.0,0.0,Aston Martin/Racing Point/Force India
2021,8,Styrian Grand Prix,Alfa Romeo Racing,GIO,15.0,15.0,0.0,Sauber/Alfa Romeo
2021,8,Styrian Grand Prix,Williams,LAT,16.0,17.0,0.0,Williams
2021,8,Styrian Grand Prix,Alpine,OCO,17.0,14.0,0.0,Alpine/Renault
2021,8,Styrian Grand Prix,Alfa Romeo Racing,RAI,18.0,11.0,0.0,Sauber/Alfa Romeo
2021,8,Styrian Grand Prix,Haas F1 Team,MSC,19.0,16.0,0.0,Haas
2021,8,Styrian Grand Prix,Haas F1 Team,MAZ,20.0,18.0,0.0,Haas
2021,9,Austrian Grand Prix,Red Bull Racing,VER,1.0,1.0,26.0,Red Bull Racing
2021,9,Austrian Grand Prix,McLaren,NOR,2.0,3.0,15.0,McLaren
2021,9,Austrian Grand Prix,Red Bull Racing,PER,3.0,6.0,8.0,Red Bull Racing
2021,9,Austrian Grand Prix,Mercedes,HAM,4.0,4.0,12.0,Mercedes
2021,9,Austrian Grand Prix,Mercedes,BOT,5.0,2.0,18.0,Mercedes
2021,9,Austrian Grand Prix,AlphaTauri,GAS,6.0,9.0,2.0,RB/AlphaTauri/Toro Rosso
2021,9,Austrian Grand Prix,AlphaTauri,TSU,7.0,12.0,0.0,RB/AlphaTauri/Toro Rosso
2021,9,Austrian Grand Prix,Aston Martin,VET,8.0,17.0,0.0,Aston Martin/Racing Point/Force India
2021,9,Austrian Grand Prix,Williams,RUS,9.0,11.0,0.0,Williams
2021,9,Austrian Grand Prix,Aston Martin,STR,10.0,13.0,0.0,Aston Martin/Racing Point/Force India
2021,9,Austrian Grand Prix,Ferrari,SAI,11.0,5.0,10.0,Ferrari
2021,9,Austrian Grand Prix,Ferrari,LEC,12.0,8.0,4.0,Ferrari
2021,9,Austrian Grand Prix,McLaren,RIC,13.0,7.0,6.0,McLaren
2021,9,Austrian Grand Prix,Alpine,ALO,14.0,10.0,1.0,Alpine/Renault
2021,9,Austrian Grand Prix,Alfa Romeo Racing,GIO,15.0,14.0,0.0,Sauber/Alfa Romeo
2021,9,Austrian Grand Prix,Alfa Romeo Racing,RAI,16.0,15.0,0.0,Sauber/Alfa Romeo
2021,9,Austrian Grand Prix,Alpine,OCO,17.0,20.0,0.0,Alpine/Renault
2021,9,Austrian Grand Prix,Williams,LAT,18.0,16.0,0.0,Williams
2021,9,Austrian Grand Prix,Haas F1 Team,MSC,19.0,18.0,0.0,Haas
2021,9,Austrian Grand Prix,Haas F1 Team,MAZ,20.0,19.0,0.0,Haas
2021,10,British Grand Prix,Mercedes,HAM,1.0,1.0,25.0,Mercedes
2021,10,British Grand Prix,Red Bull Racing,VER,2.0,20.0,0.0,Red Bull Racing
2021,10,British Grand Prix,Mercedes,BOT,3.0,3.0,15.0,Mercedes
2021,10,British Grand Prix,Ferrari,LEC,4.0,2.0,18.0,Ferrari
2021,10,British Grand Prix,Red Bull Racing,PER,5.0,16.0,0.0,Red Bull Racing
2021,10,British Grand Prix,McLaren,NOR,6.0,4.0,12.0,McLaren
2021,10,British Grand Prix,McLaren,RIC,7.0,5.0,10.0,McLaren
2021,10,British Grand Prix,Williams,RUS,8.0,12.0,0.0,Williams
2021,10,British Grand Prix,Ferrari,SAI,9.0,6.0,8.0,Ferrari
2021,10,British Grand Prix,Aston Martin,VET,10.0,19.0,0.0,Aston Martin/Racing Point/Force India
2021,10,British Grand Prix,Alpine,ALO,11.0,7.0,6.0,Alpine/Renault
2021,10,British Grand Prix,AlphaTauri,GAS,12.0,11.0,0.0,RB/AlphaTauri/Toro Rosso
2021,10,British Grand Prix,Alpine,OCO,13.0,9.0,2.0,Alpine/Renault
2021,10,British Grand Prix,Alfa Romeo Racing,GIO,14.0,13.0,0.0,Sauber/Alfa Romeo
2021,10,British Grand Prix,Aston Martin,STR,15.0,8.0,4.0,Aston Martin/Racing Point/Force India
2021,10,British Grand Prix,AlphaTauri,TSU,16.0,10.0,1.0,RB/AlphaTauri/Toro Rosso
2021,10,British Grand Prix,Alfa Romeo Racing,RAI,17.0,15.0,0.0,Sauber/Alfa Romeo
2021,10,British Grand Prix,Williams,LAT,18.0,14.0,0.0,Williams
2021,10,British Grand Prix,Haas F1 Team,MSC,19.0,18.0,0.0,Haas
2021,10,British Grand Prix,Haas F1 Team,MAZ,20.0,17.0,0.0,Haas
2021,11,Hungarian Grand Prix,Mercedes,HAM,1.0,2.0,18.0,Mercedes
2021,11,Hungarian Grand Prix,Mercedes,BOT,2.0,16.0,0.0,Mercedes
2021,11,Hungarian Grand Prix,Red Bull Racing,VER,3.0,9.0,2.0,Red Bull Racing
2021,11,Hungarian Grand Prix,Red Bull Racing,PER,4.0,17.0,0.0,Red Bull Racing
2021,11,Hungarian Grand Prix,AlphaTauri,GAS,5.0,5.0,11.0,RB/AlphaTauri/Toro Rosso
2021,11,Hungarian Grand Prix,McLaren,NOR,6.0,15.0,0.0,McLaren
2021,11,Hungarian Grand Prix,Ferrari,LEC,7.0,18.0,0.0,Ferrari
2021,11,Hungarian Grand Prix,Alpine,OCO,8.0,1.0,25.0,Alpine/Renault
2021,11,Hungarian Grand Prix,Alpine,ALO,9.0,4.0,12.0,Alpine/Renault
2021,11,Hungarian Grand Prix,Aston Martin,VET,10.0,20.0,0.0,Aston Martin/Racing Point/Force India
2021,11,Hungarian Grand Prix,McLaren,RIC,11.0,11.0,0.0,McLaren
2021,11,Hungarian Grand Prix,Aston Martin,STR,12.0,19.0,0.0,Aston Martin/Racing Point/Force India
2021,11,Hungarian Grand Prix,Alfa Romeo Racing,RAI,13.0,10.0,1.0,Sauber/Alfa Romeo
2021,11,Hungarian Grand Prix,Alfa Romeo Racing,GIO,14.0,13.0,0.0,Sauber/Alfa Romeo
2021,11,Hungarian Grand Prix,Ferrari,SAI,15.0,3.0,15.0,Ferrari
2021,11,Hungarian Grand Prix,AlphaTauri,TSU,16.0,6.0,8.0,RB/AlphaTauri/Toro Rosso
2021,11,Hungarian Grand Prix,Williams,RUS,17.0,8.0,4.0,Williams
2021,11,Hungarian Grand Prix,Williams,LAT,18.0,7.0,6.0,Williams
2021,11,Hungarian Grand Prix,Haas F1 Team,MAZ,19.0,14.0,0.0,Haas
2021,11,Hungarian Grand Prix,Haas F1 Team,MSC,20.0,12.0,0.0,Haas
2021,12,Belgian Grand Prix,Red Bull Racing,VER,1.0,1.0,12.5,Red Bull Racing
2021,12,Belgian Grand Prix,Williams,RUS,2.0,2.0,9.0,Williams
2021,12,Belgian Grand Prix,Mercedes,HAM,3.0,3.0,7.5,Mercedes
2021,12,Belgian Grand Prix,McLaren,RIC,4.0,4.0,6.0,McLaren
2021,12,Belgian Grand Prix,Aston Martin,VET,5.0,5.0,5.0,Aston Martin/Racing Point/Force India
2021,12,Belgian Grand Prix,AlphaTauri,GAS,6.0,6.0,4.0,RB/AlphaTauri/Toro Rosso
2021,12,Belgian Grand Prix,Red Bull Racing,PER,7.0,19.0,0.0,Red Bull Racing
2021,12,Belgian Grand Prix,Mercedes,BOT,8.0,12.0,0.0,Mercedes
2021,12,Belgian Grand Prix,Alpine,OCO,9.0,7.0,3.0,Alpine/Renault
2021,12,Belgian Grand Prix,McLaren,NOR,10.0,14.0,0.0,McLaren
2021,12,Belgian Grand Prix,Ferrari,LEC,11.0,8.0,2.0,Ferrari
2021,12,Belgian Grand Prix,Williams,LAT,12.0,9.0,1.0,Williams
2021,12,Belgian Grand Prix,Ferrari,SAI,13.0,10.0,0.5,Ferrari
2021,12,Belgian Grand Prix,Alpine,ALO,14.0,11.0,0.0,Alpine/Renault
2021,12,Belgian Grand Prix,Aston Martin,STR,15.0,20.0,0.0,Aston Martin/Racing Point/Force India
2021,12,Belgian Grand Prix,Alfa Romeo Racing,GIO,16.0,13.0,0.0,Sauber/Alfa Romeo
2021,12,Belgian Grand Prix,AlphaTauri,TSU,17.0,15.0,0.0,RB/AlphaTauri/Toro Rosso
2021,12,Belgian Grand Prix,Haas F1 Team,MSC,18.0,16.0,0.0,Haas
2021,12,Belgian Grand Prix,Alfa Romeo Racing,RAI,19.0,18.0,0.0,Sauber/Alfa Romeo
2021,12,Belgian Grand Prix,Haas F1 Team,MAZ,20.0,17.0,0.0,Haas
2021,13,Dutch Grand Prix,Red Bull Racing,VER,1.0,1.0,25.0,Red Bull Racing
2021,13,Dutch Grand Prix,Mercedes,HAM,2.0,2.0,19.0,Mercedes
2021,13,Dutch Grand Prix,Mercedes,BOT,3.0,3.0,15.0,Mercedes
2021,13,Dutch Grand Prix,AlphaTauri,GAS,4.0,4.0,12.0,RB/AlphaTauri/Toro Rosso
2021,13,Dutch Grand Prix,Ferrari,LEC,5.0,5.0,10.0,Ferrari
2021,13,Dutch Grand Prix,Ferrari,SAI,6.0,7.0,6.0,Ferrari
2021,13,Dutch Grand Prix,Alfa Romeo Racing,GIO,7.0,14.0,0.0,Sauber/Alfa Romeo
2021,13,Dutch Grand Prix,Alpine,OCO,8.0,9.0,2.0,Alpine/Renault
2021,13,Dutch Grand Prix,Alpine,ALO,9.0,6.0,8.0,Alpine/Renault
2021,13,Dutch Grand Prix,McLaren,RIC,10.0,11.0,0.0,McLaren
2021,13,Dutch Grand Prix,Williams,RUS,11.0,17.0,0.0,Williams
2021,13,Dutch Grand Prix,Aston Martin,STR,12.0,12.0,0.0,Aston Martin/Racing Point/Force India
2021,13,Dutch Grand Prix,McLaren,NOR,13.0,10.0,1.0,McLaren
2021,13,Dutch Grand Prix,Williams,LAT,14.0,16.0,0.0,Williams
2021,13,Dutch Grand Prix,AlphaTauri,TSU,15.0,19.0,0.0,RB/AlphaTauri/Toro Rosso
2021,13,Dutch Grand Prix,Red Bull Racing,PER,16.0,8.0,4.0,Red Bull Racing
2021,13,Dutch Grand Prix,Aston Martin,VET,17.0,13.0,0.0,Aston Martin/Racing Point/Force India
2021,13,Dutch Grand Prix,Alfa Romeo Racing,KUB,18.0,15.0,0.0,Sauber/Alfa Romeo
2021,13,Dutch Grand Prix,Haas F1 Team,MSC,19.0,18.0,0.0,Haas
2021,13,Dutch Grand Prix,Haas F1 Team,MAZ,20.0,20.0,0.0,Haas
2021,14,Italian Grand Prix,Mercedes,BOT,1.0,3.0,15.0,Mercedes
2021,14,Italian Grand Prix,Mercedes,HAM,2.0,17.0,0.0,Mercedes
2021,14,Italian Grand Prix,Red Bull Racing,VER,3.0,18.0,0.0,Red Bull Racing
2021,14,Italian Grand Prix,McLaren,NOR,4.0,2.0,18.0,McLaren
2021,14,Italian Grand Prix,McLaren,RIC,5.0,1.0,26.0,McLaren
2021,14,Italian Grand Prix,AlphaTauri,GAS,6.0,19.0,0.0,RB/AlphaTauri/Toro Rosso
2021,14,Italian Grand Prix,Ferrari,SAI,7.0,6.0,8.0,Ferrari
2021,14,Italian Grand Prix,Ferrari,LEC,8.0,4.0,12.0,Ferrari
2021,14,Italian Grand Prix,Red Bull Racing,PER,9.0,5.0,10.0,Red Bull Racing
2021,14,Italian Grand Prix,Alfa Romeo Racing,GIO,10.0,13.0,0.0,Sauber/Alfa Romeo
2021,14,Italian Grand Prix,Aston Martin,VET,11.0,12.0,0.0,Aston Martin/Racing Point/Force India
2021,14,Italian Grand Prix,Aston Martin,STR,12.0,7.0,6.0,Aston Martin/Racing Point/Force India
2021,14,Italian Grand Prix,Alpine,ALO,13.0,8.0,4.0,Alpine/Renault
2021,14,Italian Grand Prix,Alpine,OCO,14.0,10.0,1.0,Alpine/Renault
2021,14,Italian Grand Prix,Williams,RUS,15.0,9.0,2.0,Williams
2021,14,Italian Grand Prix,Williams,LAT,16.0,11.0,0.0,Williams
2021,14,Italian Grand Prix,AlphaTauri,TSU,17.0,20.0,0.0,RB/AlphaTauri/Toro Rosso
2021,14,Italian Grand Prix,Haas F1 Team,MSC,18.0,15.0,0.0,Haas
2021,14,Italian Grand Prix,Alfa Romeo Racing,KUB,19.0,14.0,0.0,Sauber/Alfa Romeo
2021,14,Italian Grand Prix,Haas F1 Team,MAZ,20.0,16.0,0.0,Haas
2021,15,Russian Grand Prix,McLaren,NOR,1.0,7.0,7.0,McLaren
2021,15,Russian Grand Prix,Ferrari,SAI,2.0,3.0,15.0,Ferrari
2021,15,Russian Grand Prix,Williams,RUS,3.0,10.0,1.0,Williams
2021,15,Russian Grand Prix,Mercedes,HAM,4.0,1.0,25.0,Mercedes
2021,15,Russian Grand Prix,McLaren,RIC,5.0,4.0,12.0,McLaren
2021,15,Russian Grand Prix,Alpine,ALO,6.0,6.0,8.0,Alpine/Renault
2021,15,Russian Grand Prix,Mercedes,BOT,7.0,5.0,10.0,Mercedes
2021,15,Russian Grand Prix,Aston Martin,STR,8.0,11.0,0.0,Aston Martin/Racing Point/Force India
2021,15,Russian Grand Prix,Red Bull Racing,PER,9.0,9.0,2.0,Red Bull Racing
2021,15,Russian Grand Prix,Alpine,OCO,10.0,14.0,0.0,Alpine/Renault
2021,15,Russian Grand Prix,Aston Martin,VET,11.0,12.0,0.0,Aston Martin/Racing Point/Force India
2021,15,Russian Grand Prix,AlphaTauri,GAS,12.0,13.0,0.0,RB/AlphaTauri/Toro Rosso
2021,15,Russian Grand Prix,AlphaTauri,TSU,13.0,17.0,0.0,RB/AlphaTauri/Toro Rosso
2021,15,Russian Grand Prix,Williams,LAT,14.0,19.0,0.0,Williams
2021,15,Russian Grand Prix,Ferrari,LEC,15.0,15.0,0.0,Ferrari
2021,15,Russian Grand Prix,Alfa Romeo Racing,RAI,16.0,8.0,4.0,Sauber/Alfa Romeo
2021,15,Russian Grand Prix,Haas F1 Team,MSC,17.0,20.0,0.0,Haas
2021,15,Russian Grand Prix,Alfa Romeo Racing,GIO,18.0,16.0,0.0,Sauber/Alfa Romeo
2021,15,Russian Grand Prix,Haas F1 Team,MAZ,19.0,18.0,0.0,Haas
2021,15,Russian Grand Prix,Red Bull Racing,VER,20.0,2.0,18.0,Red Bull Racing
2021,16,Turkish Grand Prix,Mercedes,HAM,1.0,5.0,10.0,Mercedes
2021,16,Turkish Grand Prix,Mercedes,BOT,2.0,1.0,26.0,Mercedes
2021,16,Turkish Grand Prix,Red Bull Racing,VER,3.0,2.0,18.0,Red Bull Racing
2021,16,Turkish Grand Prix,Ferrari,LEC,4.0,4.0,12.0,Ferrari
2021,16,Turkish Grand Prix,AlphaTauri,GAS,5.0,6.0,8.0,RB/AlphaTauri/Toro Rosso
2021,16,Turkish Grand Prix,Alpine,ALO,6.0,16.0,0.0,Alpine/Renault
2021,16,Turkish Grand Prix,Red Bull Racing,PER,7.0,3.0,15.0,Red Bull Racing
2021,16,Turkish Grand Prix,McLaren,NOR,8.0,7.0,6.0,McLaren
2021,16,Turkish Grand Prix,Aston Martin,STR,9.0,9.0,2.0,Aston Martin/Racing Point/Force India
2021,16,Turkish Grand Prix,AlphaTauri,TSU,10.0,14.0,0.0,RB/AlphaTauri/Toro Rosso
2021,16,Turkish Grand Prix,Aston Martin,VET,11.0,18.0,0.0,Aston Martin/Racing Point/Force India
2021,16,Turkish Grand Prix,Alpine,OCO,12.0,10.0,1.0,Alpine/Renault
2021,16,Turkish Grand Prix,Williams,RUS,13.0,15.0,0.0,Williams
2021,16,Turkish Grand Prix,Haas F1 Team,MSC,14.0,19.0,0.0,Haas
2021,16,Turkish Grand Prix,Ferrari,SAI,15.0,8.0,4.0,Ferrari
2021,16,Turkish Grand Prix,McLaren,RIC,16.0,13.0,0.0,McLaren
2021,16,Turkish Grand Prix,Williams,LAT,17.0,17.0,0.0,Williams
2021,16,Turkish Grand Prix,Alfa Romeo Racing,GIO,18.0,11.0,0.0,Sauber/Alfa Romeo
2021,16,Turkish Grand Prix,Alfa Romeo Racing,RAI,19.0,12.0,0.0,Sauber/Alfa Romeo
2021,16,Turkish Grand Prix,Haas F1 Team,MAZ,20.0,20.0,0.0,Haas
2021,17,United States Grand Prix,Red Bull Racing,VER,1.0,1.0,25.0,Red Bull Racing
2021,17,United States Grand Prix,Mercedes,HAM,2.0,2.0,19.0,Mercedes
2021,17,United States Grand Prix,Red Bull Racing,PER,3.0,3.0,15.0,Red Bull Racing
2021,17,United States Grand Prix,Mercedes,BOT,4.0,6.0,8.0,Mercedes
2021,17,United States Grand Prix,Ferrari,LEC,5.0,4.0,12.0,Ferrari
2021,17,United States Grand Prix,Ferrari,SAI,6.0,7.0,6.0,Ferrari
2021,17,United States Grand Prix,McLaren,RIC,7.0,5.0,10.0,McLaren
2021,17,United States Grand Prix,McLaren,NOR,8.0,8.0,4.0,McLaren
2021,17,United States Grand Prix,AlphaTauri,GAS,9.0,20.0,0.0,RB/AlphaTauri/Toro Rosso
2021,17,United States Grand Prix,AlphaTauri,TSU,10.0,9.0,2.0,RB/AlphaTauri/Toro Rosso
2021,17,United States Grand Prix,Alpine,OCO,11.0,19.0,0.0,Alpine/Renault
2021,17,United States Grand Prix,Aston Martin,VET,12.0,10.0,1.0,Aston Martin/Racing Point/Force India
2021,17,United States Grand Prix,Alfa Romeo Racing,GIO,13.0,11.0,0.0,Sauber/Alfa Romeo
2021,17,United States Grand Prix,Alpine,ALO,14.0,18.0,0.0,Alpine/Renault
2021,17,United States Grand Prix,Williams,RUS,15.0,14.0,0.0,Williams
2021,17,United States Grand Prix,Aston Martin,STR,16.0,12.0,0.0,Aston Martin/Racing Point/Force India
2021,17,United States Grand Prix,Williams,LAT,17.0,15.0,0.0,Williams
2021,17,United States Grand Prix,Alfa Romeo Racing,RAI,18.0,13.0,0.0,Sauber/Alfa Romeo
2021,17,United States Grand Prix,Haas F1 Team,MSC,19.0,16.0,0.0,Haas
2021,17,United States Grand Prix,Haas F1 Team,MAZ,20.0,17.0,0.0,Haas
2021,18,Mexico City Grand Prix,Mercedes,BOT,1.0,15.0,0.0,Mercedes
2021,18,Mexico City Grand Prix,Mercedes,HAM,2.0,2.0,18.0,Mercedes
2021,18,Mexico City Grand Prix,Red Bull Racing,VER,3.0,1.0,25.0,Red Bull Racing
2021,18,Mexico City Grand Prix,Red Bull Racing,PER,4.0,3.0,15.0,Red Bull Racing
2021,18,Mexico City Grand Prix,AlphaTauri,GAS,5.0,4.0,12.0,RB/AlphaTauri/Toro Rosso
2021,18,Mexico City Grand Prix,Ferrari,SAI,6.0,6.0,8.0,Ferrari
2021,18,Mexico City Grand Prix,McLaren,RIC,7.0,12.0,0.0,McLaren
2021,18,Mexico City Grand Prix,Ferrari,LEC,8.0,5.0,10.0,Ferrari
2021,18,Mexico City Grand Prix,AlphaTauri,TSU,9.0,20.0,0.0,RB/AlphaTauri/Toro Rosso
2021,18,Mexico City Grand Prix,McLaren,NOR,10.0,10.0,1.0,McLaren
2021,18,Mexico City Grand Prix,Aston Martin,VET,11.0,7.0,6.0,Aston Martin/Racing Point/Force India
2021,18,Mexico City Grand Prix,Alfa Romeo Racing,RAI,12.0,8.0,4.0,Sauber/Alfa Romeo
2021,18,Mexico City Grand Prix,Williams,RUS,13.0,16.0,0.0,Williams
2021,18,Mexico City Grand Prix,Alfa Romeo Racing,GIO,14.0,11.0,0.0,Sauber/Alfa Romeo
2021,18,Mexico City Grand Prix,Alpine,OCO,15.0,13.0,0.0,Alpine/Renault
2021,18,Mexico City Grand Prix,Alpine,ALO,16.0,9.0,2.0,Alpine/Renault
2021,18,Mexico City Grand Prix,Williams,LAT,17.0,17.0,0.0,Williams
2021,18,Mexico City Grand Prix,Haas F1 Team,MSC,18.0,19.0,0.0,Haas
2021,18,Mexico City Grand Prix,Haas F1 Team,MAZ,19.0,18.0,0.0,Haas
2021,18,Mexico City Grand Prix,Aston Martin,STR,20.0,14.0,0.0,Aston Martin/Racing Point/Force India
2021,19,São Paulo Grand Prix,Mercedes,HAM,1.0,1.0,25.0,Mercedes
2021,19,São Paulo Grand Prix,Red Bull Racing,VER,2.0,2.0,18.0,Red Bull Racing
2021,19,São Paulo Grand Prix,Mercedes,BOT,3.0,3.0,15.0,Mercedes
2021,19,São Paulo Grand Prix,Red Bull Racing,PER,4.0,4.0,13.0,Red Bull Racing
2021,19,São Paulo Grand Prix,AlphaTauri,GAS,5.0,7.0,6.0,RB/AlphaTauri/Toro Rosso
2021,19,São Paulo Grand Prix,Ferrari,SAI,6.0,6.0,8.0,Ferrari
2021,19,São Paulo Grand Prix,Ferrari,LEC,7.0,5.0,10.0,Ferrari
2021,19,São Paulo Grand Prix,McLaren,NOR,8.0,10.0,1.0,McLaren
2021,19,São Paulo Grand Prix,McLaren,RIC,9.0,19.0,0.0,McLaren
2021,19,São Paulo Grand Prix,Alpine,ALO,10.0,9.0,2.0,Alpine/Renault
2021,19,São Paulo Grand Prix,Alpine,OCO,11.0,8.0,4.0,Alpine/Renault
2021,19,São Paulo Grand Prix,Aston Martin,VET,12.0,11.0,0.0,Aston Martin/Racing Point/Force India
2021,19,São Paulo Grand Prix,AlphaTauri,TSU,13.0,15.0,0.0,RB/AlphaTauri/Toro Rosso
2021,19,São Paulo Grand Prix,Alfa Romeo Racing,RAI,14.0,12.0,0.0,Sauber/Alfa Romeo
2021,19,São Paulo Grand Prix,Alfa Romeo Racing,GIO,15.0,14.0,0.0,Sauber/Alfa Romeo
2021,19,São Paulo Grand Prix,Aston Martin,STR,16.0,20.0,0.0,Aston Martin/Racing Point/Force India
2021,19,São Paulo Grand Prix,Williams,LAT,17.0,16.0,0.0,Williams
2021,19,São Paulo Grand Prix,Williams,RUS,18.0,13.0,0.0,Williams
2021,19,São Paulo Grand Prix,Haas F1 Team,MSC,19.0,18.0,0.0,Haas
2021,19,São Paulo Grand Prix,Haas F1 Team,MAZ,20.0,17.0,0.0,Haas
2021,20,Qatar Grand Prix,Mercedes,HAM,1.0,1.0,25.0,Mercedes
2021,20,Qatar Grand Prix,Red Bull Racing,VER,2.0,2.0,19.0,Red Bull Racing
2021,20,Qatar Grand Prix,Mercedes,BOT,3.0,20.0,0.0,Mercedes
2021,20,Qatar Grand Prix,AlphaTauri,GAS,4.0,11.0,0.0,RB/AlphaTauri/Toro Rosso
2021,20,Qatar Grand Prix,Alpine,ALO,5.0,3.0,15.0,Alpine/Renault
2021,20,Qatar Grand Prix,McLaren,NOR,6.0,9.0,2.0,McLaren
2021,20,Qatar Grand Prix,Ferrari,SAI,7.0,7.0,6.0,Ferrari
2021,20,Qatar Grand Prix,AlphaTauri,TSU,8.0,13.0,0.0,RB/AlphaTauri/Toro Rosso
2021,20,Qatar Grand Prix,Alpine,OCO,9.0,5.0,10.0,Alpine/Renault
2021,20,Qatar Grand Prix,Aston Martin,VET,10.0,10.0,1.0,Aston Martin/Racing Point/Force India
2021,20,Qatar Grand Prix,Red Bull Racing,PER,11.0,4.0,12.0,Red Bull Racing
2021,20,Qatar Grand Prix,Aston Martin,STR,12.0,6.0,8.0,Aston Martin/Racing Point/Force India
2021,20,Qatar Grand Prix,Ferrari,LEC,13.0,8.0,4.0,Ferrari
2021,20,Qatar Grand Prix,McLaren,RIC,14.0,12.0,0.0,McLaren
2021,20,Qatar Grand Prix,Williams,RUS,15.0,17.0,0.0,Williams
2021,20,Qatar Grand Prix,Alfa Romeo Racing,RAI,16.0,14.0,0.0,Sauber/Alfa Romeo
2021,20,Qatar Grand Prix,Williams,LAT,17.0,19.0,0.0,Williams
2021,20,Qatar Grand Prix,Alfa Romeo Racing,GIO,18.0,15.0,0.0,Sauber/Alfa Romeo
2021,20,Qatar Grand Prix,Haas F1 Team,MSC,19.0,16.0,0.0,Haas
2021,20,Qatar Grand Prix,Haas F1 Team,MAZ,20.0,18.0,0.0,Haas
2021,21,Saudi Arabian Grand Prix,Mercedes,HAM,1.0,1.0,26.0,Mercedes
2021,21,Saudi Arabian Grand Prix,Mercedes,BOT,2.0,3.0,15.0,Mercedes
2021,21,Saudi Arabian Grand Prix,Red Bull Racing,VER,3.0,2.0,18.0,Red Bull Racing
2021,21,Saudi Arabian Grand Prix,Ferrari,LEC,4.0,7.0,6.0,Ferrari
2021,21,Saudi Arabian Grand Prix,Red Bull Racing,PER,5.0,17.0,0.0,Red Bull Racing
2021,21,Saudi Arabian Grand Prix,AlphaTauri,GAS,6.0,6.0,8.0,RB/AlphaTauri/Toro Rosso
2021,21,Saudi Arabian Grand Prix,McLaren,NOR,7.0,10.0,1.0,McLaren
2021,21,Saudi Arabian Grand Prix,AlphaTauri,TSU,8.0,14.0,0.0,RB/AlphaTauri/Toro Rosso
2021,21,Saudi Arabian Grand Prix,Alpine,OCO,9.0,4.0,12.0,Alpine/Renault
2021,21,Saudi Arabian Grand Prix,Alfa Romeo Racing,GIO,10.0,9.0,2.0,Sauber/Alfa Romeo
2021,21,Saudi Arabian Grand Prix,McLaren,RIC,11.0,5.0,10.0,McLaren
2021,21,Saudi Arabian Grand Prix,Alfa Romeo Racing,RAI,12.0,15.0,0.0,Sauber/Alfa Romeo
2021,21,Saudi Arabian Grand Prix,Alpine,ALO,13.0,13.0,0.0,Alpine/Renault
2021,21,Saudi Arabian Grand Prix,Williams,RUS,14.0,19.0,0.0,Williams
2021,21,Saudi Arabian Grand Prix,Ferrari,SAI,15.0,8.0,4.0,Ferrari
2021,21,Saudi Arabian Grand Prix,Williams,LAT,16.0,12.0,0.0,Williams
2021,21,Saudi Arabian Grand Prix,Aston Martin,VET,17.0,16.0,0.0,Aston Martin/Racing Point/Force India
2021,21,Saudi Arabian Grand Prix,Aston Martin,STR,18.0,11.0,0.0,Aston Martin/Racing Point/Force India
2021,21,Saudi Arabian Grand Prix,Haas F1 Team,MSC,19.0,20.0,0.0,Haas
2021,21,Saudi Arabian Grand Prix,Haas F1 Team,MAZ,20.0,18.0,0.0,Haas
2021,22,Abu Dhabi Grand Prix,Red Bull Racing,VER,1.0,1.0,26.0,Red Bull Racing
2021,22,Abu Dhabi Grand Prix,Mercedes,HAM,2.0,2.0,18.0,Mercedes
2021,22,Abu Dhabi Grand Prix,McLaren,NOR,3.0,7.0,6.0,McLaren
2021,22,Abu Dhabi Grand Prix,Red Bull Racing,PER,4.0,15.0,0.0,Red Bull Racing
2021,22,Abu Dhabi Grand Prix,Ferrari,SAI,5.0,3.0,15.0,Ferrari
2021,22,Abu Dhabi Grand Prix,Mercedes,BOT,6.0,6.0,8.0,Mercedes
2021,22,Abu Dhabi Grand Prix,Ferrari,LEC,7.0,10.0,1.0,Ferrari
2021,22,Abu Dhabi Grand Prix,AlphaTauri,TSU,8.0,4.0,12.0,RB/AlphaTauri/Toro Rosso
2021,22,Abu Dhabi Grand Prix,Alpine,OCO,9.0,9.0,2.0,Alpine/Renault
2021,22,Abu Dhabi Grand Prix,McLaren,RIC,10.0,12.0,0.0,McLaren
2021,22,Abu Dhabi Grand Prix,Alpine,ALO,11.0,8.0,4.0,Alpine/Renault
2021,22,Abu Dhabi Grand Prix,AlphaTauri,GAS,12.0,5.0,10.0,RB/AlphaTauri/Toro Rosso
2021,22,Abu Dhabi Grand Prix,Aston Martin,STR,13.0,13.0,0.0,Aston Martin/Racing Point/Force India
2021,22,Abu Dhabi Grand Prix,Alfa Romeo Racing,GIO,14.0,17.0,0.0,Sauber/Alfa Romeo
2021,22,Abu Dhabi Grand Prix,Aston Martin,VET,15.0,11.0,0.0,Aston Martin/Racing Point/Force India
2021,22,Abu Dhabi Grand Prix,Williams,LAT,16.0,16.0,0.0,Williams
2021,22,Abu Dhabi Grand Prix,Williams,RUS,17.0,18.0,0.0,Williams
2021,22,Abu Dhabi Grand Prix,Alfa Romeo Racing,RAI,18.0,19.0,0.0,Sauber/Alfa Romeo
2021,22,Abu Dhabi Grand Prix,Haas F1 Team,MSC,19.0,14.0,0.0,Haas
2021,22,Abu Dhabi Grand Prix,Haas F1 Team,MAZ,20.0,,0.0,Haas
2022,1,Bahrain Grand Prix,Ferrari,LEC,1.0,1.0,26.0,Ferrari
2022,1,Bahrain Grand Prix,Red Bull Racing,VER,2.0,19.0,0.0,Red Bull Racing
2022,1,Bahrain Grand Prix,Ferrari,SAI,3.0,2.0,18.0,Ferrari
2022,1,Bahrain Grand Prix,Red Bull Racing,PER,4.0,18.0,0.0,Red Bull Racing
2022,1,Bahrain Grand Prix,Mercedes,HAM,5.0,3.0,15.0,Mercedes
2022,1,Bahrain Grand Prix,Alfa Romeo,BOT,6.0,6.0,8.0,Sauber/Alfa Romeo
2022,1,Bahrain Grand Prix,Haas F1 Team,MAG,7.0,5.0,10.0,Haas
2022,1,Bahrain Grand Prix,Alpine,ALO,8.0,9.0,2.0,Alpine/Renault
2022,1,Bahrain Grand Prix,Mercedes,RUS,9.0,4.0,12.0,Mercedes
2022,1,Bahrain Grand Prix,AlphaTauri,GAS,10.0,20.0,0.0,RB/AlphaTauri/Toro Rosso
2022,1,Bahrain Grand Prix,Alpine,OCO,11.0,7.0,6.0,Alpine/Renault
2022,1,Bahrain Grand Prix,Haas F1 Team,MSC,12.0,11.0,0.0,Haas
2022,1,Bahrain Grand Prix,McLaren,NOR,13.0,15.0,0.0,McLaren
2022,1,Bahrain Grand Prix,Williams,ALB,14.0,13.0,0.0,Williams
2022,1,Bahrain Grand Prix,Alfa Romeo,ZHO,15.0,10.0,1.0,Sauber/Alfa Romeo
2022,1,Bahrain Grand Prix,AlphaTauri,TSU,16.0,8.0,4.0,RB/AlphaTauri/Toro Rosso
2022,1,Bahrain Grand Prix,Aston Martin,HUL,17.0,17.0,0.0,Aston Martin/Racing Point/Force India
2022,1,Bahrain Grand Prix,McLaren,RIC,18.0,14.0,0.0,McLaren
2022,1,Bahrain Grand Prix,Aston Martin,STR,19.0,12.0,0.0,Aston Martin/Racing Point/Force India
2022,1,Bahrain Grand Prix,Williams,LAT,20.0,16.0,0.0,Williams
2022,2,Saudi Arabian Grand Prix,Red Bull Racing,PER,1.0,4.0,12.0,Red Bull Racing
2022,2,Saudi Arabian Grand Prix,Ferrari,LEC,2.0,2.0,19.0,Ferrari
2022,2,Saudi Arabian Grand Prix,Ferrari,SAI,3.0,3.0,15.0,Ferrari
2022,2,Saudi Arabian Grand Prix,Red Bull Racing,VER,4.0,1.0,25.0,Red Bull Racing
2022,2,Saudi Arabian Grand Prix,Alpine,OCO,5.0,6.0,8.0,Alpine/Renault
2022,2,Saudi Arabian Grand Prix,Mercedes,RUS,6.0,5.0,10.0,Mercedes
2022,2,Saudi Arabian Grand Prix,Alpine,ALO,7.0,16.0,0.0,Alpine/Renault
2022,2,Saudi Arabian Grand Prix,Alfa Romeo,BOT,8.0,15.0,0.0,Sauber/Alfa Romeo
2022,2,Saudi Arabian Grand Prix,AlphaTauri,GAS,9.0,8.0,4.0,RB/AlphaTauri/Toro Rosso
2022,2,Saudi Arabian Grand Prix,Haas F1 Team,MAG,10.0,9.0,2.0,Haas
2022,2,Saudi Arabian Grand Prix,McLaren,NOR,11.0,7.0,6.0,McLaren
2022,2,Saudi Arabian Grand Prix,McLaren,RIC,12.0,17.0,0.0,McLaren
2022,2,Saudi Arabian Grand Prix,Alfa Romeo,ZHO,13.0,11.0,0.0,Sauber/Alfa Romeo
2022,2,Saudi Arabian Grand Prix,Haas F1 Team,MSC,14.0,,0.0,Haas
2022,2,Saudi Arabian Grand Prix,Aston Martin,STR,15.0,13.0,0.0,Aston Martin/Racing Point/Force India
2022,2,Saudi Arabian Grand Prix,Mercedes,HAM,16.0,10.0,1.0,Mercedes
2022,2,Saudi Arabian Grand Prix,Williams,ALB,17.0,14.0,0.0,Williams
2022,2,Saudi Arabian Grand Prix,Aston Martin,HUL,18.0,12.0,0.0,Aston Martin/Racing Point/Force India
2022,2,Saudi Arabian Grand Prix,Williams,LAT,19.0,18.0,0.0,Williams
2022,2,Saudi Arabian Grand Prix,AlphaTauri,TSU,20.0,19.0,0.0,RB/AlphaTauri/Toro Rosso
2022,3,Australian Grand Prix,Ferrari,LEC,1.0,1.0,26.0,Ferrari
2022,3,Australian Grand Prix,Red Bull Racing,VER,2.0,18.0,0.0,Red Bull Racing
2022,3,Australian Grand Prix,Red Bull Racing,PER,3.0,2.0,18.0,Red Bull Racing
2022,3,Australian Grand Prix,McLaren,NOR,4.0,5.0,10.0,McLaren
2022,3,Australian Grand Prix,Mercedes,HAM,5.0,4.0,12.0,Mercedes
2022,3,Australian Grand Prix,Mercedes,RUS,6.0,3.0,15.0,Mercedes
2022,3,Australian Grand Prix,McLaren,RIC,7.0,6.0,8.0,McLaren
2022,3,Australian Grand Prix,Alpine,OCO,8.0,7.0,6.0,Alpine/Renault
2022,3,Australian Grand Prix,Ferrari,SAI,9.0,20.0,0.0,Ferrari
2022,3,Australian Grand Prix,Alpine,ALO,10.0,17.0,0.0,Alpine/Renault
2022,3,Australian Grand Prix,AlphaTauri,GAS,11.0,9.0,2.0,RB/AlphaTauri/Toro Rosso
2022,3,Australian Grand Prix,Alfa Romeo,BOT,12.0,8.0,4.0,Sauber/Alfa Romeo
2022,3,Australian Grand Prix,AlphaTauri,TSU,13.0,15.0,0.0,RB/AlphaTauri/Toro Rosso
2022,3,Australian Grand Prix,Alfa Romeo,ZHO,14.0,11.0,0.0,Sauber/Alfa Romeo
2022,3,Australian Grand Prix,Haas F1 Team,MSC,15.0,13.0,0.0,Haas
2022,3,Australian Grand Prix,Williams,ALB,16.0,10.0,1.0,Williams
2022,3,Australian Grand Prix,Haas F1 Team,MAG,17.0,14.0,0.0,Haas
2022,3,Australian Grand Prix,Aston Martin,VET,18.0,19.0,0.0,Aston Martin/Racing Point/Force India
2022,3,Australian Grand Prix,Williams,LAT,19.0,16.0,0.0,Williams
2022,3,Australian Grand Prix,Aston Martin,STR,20.0,12.0,0.0,Aston Martin/Racing Point/Force India
2022,4,Emilia Romagna Grand Prix,Red Bull Racing,VER,1.0,1.0,26.0,Red Bull Racing
2022,4,Emilia Romagna Grand Prix,Ferrari,LEC,2.0,6.0,8.0,Ferrari
2022,4,Emilia Romagna Grand Prix,McLaren,NOR,3.0,3.0,15.0,McLaren
2022,4,Emilia Romagna Grand Prix,Haas F1 Team,MAG,4.0,9.0,2.0,Haas
2022,4,Emilia Romagna Grand Prix,Alpine,ALO,5.0,19.0,0.0,Alpine/Renault
2022,4,Emilia Romagna Grand Prix,McLaren,RIC,6.0,18.0,0.0,McLaren
2022,4,Emilia Romagna Grand Prix,Red Bull Racing,PER,7.0,2.0,18.0,Red Bull Racing
2022,4,Emilia Romagna Grand Prix,Alfa Romeo,BOT,8.0,5.0,10.0,Sauber/Alfa Romeo
2022,4,Emilia Romagna Grand Prix,Aston Martin,VET,9.0,8.0,4.0,Aston Martin/Racing Point/Force India
2022,4,Emilia Romagna Grand Prix,Ferrari,SAI,10.0,20.0,0.0,Ferrari
2022,4,Emilia Romagna Grand Prix,Mercedes,RUS,11.0,4.0,12.0,Mercedes
2022,4,Emilia Romagna Grand Prix,Haas F1 Team,MSC,12.0,17.0,0.0,Haas
2022,4,Emilia Romagna Grand Prix,Mercedes,HAM,13.0,13.0,0.0,Mercedes
2022,4,Emilia Romagna Grand Prix,Alfa Romeo,ZHO,14.0,15.0,0.0,Sauber/Alfa Romeo
2022,4,Emilia Romagna Grand Prix,Aston Martin,STR,15.0,10.0,1.0,Aston Martin/Racing Point/Force India
2022,4,Emilia Romagna Grand Prix,AlphaTauri,TSU,16.0,7.0,6.0,RB/AlphaTauri/Toro Rosso
2022,4,Emilia Romagna Grand Prix,AlphaTauri,GAS,17.0,12.0,0.0,RB/AlphaTauri/Toro Rosso
2022,4,Emilia Romagna Grand Prix,Williams,LAT,18.0,16.0,0.0,Williams
2022,4,Emilia Romagna Grand Prix,Alpine,OCO,19.0,14.0,0.0,Alpine/Renault
2022,4,Emilia Romagna Grand Prix,Williams,ALB,20.0,11.0,0.0,Williams
2022,5,Miami Grand Prix,Ferrari,LEC,1.0,2.0,18.0,Ferrari
2022,5,Miami Grand Prix,Ferrari,SAI,2.0,3.0,15.0,Ferrari
2022,5,Miami Grand Prix,Red Bull Racing,VER,3.0,1.0,26.0,Red Bull Racing
2022,5,Miami Grand Prix,Red Bull Racing,PER,4.0,4.0,12.0,Red Bull Racing
2022,5,Miami Grand Prix,Alfa Romeo,BOT,5.0,7.0,6.0,Sauber/Alfa Romeo
2022,5,Miami Grand Prix,Mercedes,HAM,6.0,6.0,8.0,Mercedes
2022,5,Miami Grand Prix,AlphaTauri,GAS,7.0,18.0,0.0,RB/AlphaTauri/Toro Rosso
2022,5,Miami Grand Prix,McLaren,NOR,8.0,19.0,0.0,McLaren
2022,5,Miami Grand Prix,AlphaTauri,TSU,9.0,12.0,0.0,RB/AlphaTauri/Toro Rosso
2022,5,Miami Grand Prix,Aston Martin,STR,10.0,10.0,1.0,Aston Martin/Racing Point/Force India
2022,5,Miami Grand Prix,Alpine,ALO,11.0,11.0,0.0,Alpine/Renault
2022,5,Miami Grand Prix,Mercedes,RUS,12.0,5.0,10.0,Mercedes
2022,5,Miami Grand Prix,Aston Martin,VET,13.0,17.0,0.0,Aston Martin/Racing Point/Force India
2022,5,Miami Grand Prix,McLaren,RIC,14.0,13.0,0.0,McLaren
2022,5,Miami Grand Prix,Haas F1 Team,MSC,15.0,15.0,0.0,Haas
2022,5,Miami Grand Prix,Haas F1 Team,MAG,16.0,16.0,0.0,Haas
2022,5,Miami Grand Prix,Alfa Romeo,ZHO,17.0,20.0,0.0,Sauber/Alfa Romeo
2022,5,Miami Grand Prix,Williams,ALB,18.0,9.0,2.0,Williams
2022,5,Miami Grand Prix,Williams,LAT,19.0,14.0,0.0,Williams
2022,5,Miami Grand Prix,Alpine,OCO,20.0,8.0,4.0,Alpine/Renault
2022,6,Spanish Grand Prix,Ferrari,LEC,1.0,20.0,0.0,Ferrari
2022,6,Spanish Grand Prix,Red Bull Racing,VER,2.0,1.0,25.0,Red Bull Racing
2022,6,Spanish Grand Prix,Ferrari,SAI,3.0,4.0,12.0,Ferrari
2022,6,Spanish Grand Prix,Mercedes,RUS,4.0,3.0,15.0,Mercedes
2022,6,Spanish Grand Prix,Red Bull Racing,PER,5.0,2.0,19.0,Red Bull Racing
2022,6,Spanish Grand Prix,Mercedes,HAM,6.0,5.0,10.0,Mercedes
2022,6,Spanish Grand Prix,Alfa Romeo,BOT,7.0,6.0,8.0,Sauber/Alfa Romeo
2022,6,Spanish Grand Prix,Haas F1 Team,MAG,8.0,17.0,0.0,Haas
2022,6,Spanish Grand Prix,McLaren,RIC,9.0,12.0,0.0,McLaren
2022,6,Spanish Grand Prix,Haas F1 Team,MSC,10.0,14.0,0.0,Haas
2022,6,Spanish Grand Prix,McLaren,NOR,11.0,8.0,4.0,McLaren
2022,6,Spanish Grand Prix,Alpine,OCO,12.0,7.0,6.0,Alpine/Renault
2022,6,Spanish Grand Prix,AlphaTauri,TSU,13.0,10.0,1.0,RB/AlphaTauri/Toro Rosso
2022,6,Spanish Grand Prix,AlphaTauri,GAS,14.0,13.0,0.0,RB/AlphaTauri/Toro Rosso
2022,6,Spanish Grand Prix,Alfa Romeo,ZHO,15.0,19.0,0.0,Sauber/Alfa Romeo
2022,6,Spanish Grand Prix,Aston Martin,VET,16.0,11.0,0.0,Aston Martin/Racing Point/Force India
2022,6,Spanish Grand Prix,Alpine,ALO,17.0,9.0,2.0,Alpine/Renault
2022,6,Spanish Grand Prix,Aston Martin,STR,18.0,15.0,0.0,Aston Martin/Racing Point/Force India
2022,6,Spanish Grand Prix,Williams,ALB,19.0,18.0,0.0,Williams
2022,6,Spanish Grand Prix,Williams,LAT,20.0,16.0,0.0,Williams
2022,7,Monaco Grand Prix,Ferrari,LEC,1.0,4.0,12.0,Ferrari
2022,7,Monaco Grand Prix,Ferrari,SAI,2.0,2.0,18.0,Ferrari
2022,7,Monaco Grand Prix,Red Bull Racing,PER,3.0,1.0,25.0,Red Bull Racing
2022,7,Monaco Grand Prix,Red Bull Racing,VER,4.0,3.0,15.0,Red Bull Racing
2022,7,Monaco Grand Prix,McLaren,NOR,5.0,6.0,9.0,McLaren
2022,7,Monaco Grand Prix,Mercedes,RUS,6.0,5.0,10.0,Mercedes
2022,7,Monaco Grand Prix,Alpine,ALO,7.0,7.0,6.0,Alpine/Renault
2022,7,Monaco Grand Prix,Mercedes,HAM,8.0,8.0,4.0,Mercedes
2022,7,Monaco Grand Prix,Aston Martin,VET,9.0,10.0,1.0,Aston Martin/Racing Point/Force India
2022,7,Monaco Grand Prix,Alpine,OCO,10.0,12.0,0.0,Alpine/Renault
2022,7,Monaco Grand Prix,AlphaTauri,TSU,11.0,17.0,0.0,RB/AlphaTauri/Toro Rosso
2022,7,Monaco Grand Prix,Alfa Romeo,BOT,12.0,9.0,2.0,Sauber/Alfa Romeo
2022,7,Monaco Grand Prix,Haas F1 Team,MAG,13.0,20.0,0.0,Haas
2022,7,Monaco Grand Prix,McLaren,RIC,14.0,13.0,0.0,McLaren
2022,7,Monaco Grand Prix,Haas F1 Team,MSC,15.0,19.0,0.0,Haas
2022,7,Monaco Grand Prix,Williams,ALB,16.0,18.0,0.0,Williams
2022,7,Monaco Grand Prix,AlphaTauri,GAS,17.0,11.0,0.0,RB/AlphaTauri/Toro Rosso
2022,7,Monaco Grand Prix,Aston Martin,STR,18.0,14.0,0.0,Aston Martin/Racing Point/Force India
2022,7,Monaco Grand Prix,Williams,LAT,19.0,15.0,0.0,Williams
2022,7,Monaco Grand Prix,Alfa Romeo,ZHO,20.0,16.0,0.0,Sauber/Alfa Romeo
2022,8,Azerbaijan Grand Prix,Ferrari,LEC,1.0,19.0,0.0,Ferrari
2022,8,Azerbaijan Grand Prix,Red Bull Racing,PER,2.0,2.0,19.0,Red Bull Racing
2022,8,Azerbaijan Grand Prix,Red Bull Racing,VER,3.0,1.0,25.0,Red Bull Racing
2022,8,Azerbaijan Grand Prix,Ferrari,SAI,4.0,20.0,0.0,Ferrari
2022,8,Azerbaijan Grand Prix,Mercedes,RUS,5.0,3.0,15.0,Mercedes
2022,8,Azerbaijan Grand Prix,AlphaTauri,GAS,6.0,5.0,10.0,RB/AlphaTauri/Toro Rosso
2022,8,Azerbaijan Grand Prix,Mercedes,HAM,7.0,4.0,12.0,Mercedes
2022,8,Azerbaijan Grand Prix,AlphaTauri,TSU,8.0,13.0,0.0,RB/AlphaTauri/Toro Rosso
2022,8,Azerbaijan Grand Prix,Aston Martin,VET,9.0,6.0,8.0,Aston Martin/Racing Point/Force India
2022,8,Azerbaijan Grand Prix,Alpine,ALO,10.0,7.0,6.0,Alpine/Renault
2022,8,Azerbaijan Grand Prix,McLaren,NOR,11.0,9.0,2.0,McLaren
2022,8,Azerbaijan Grand Prix,McLaren,RIC,12.0,8.0,4.0,McLaren
2022,8,Azerbaijan Grand Prix,Alpine,OCO,13.0,10.0,1.0,Alpine/Renault
2022,8,Azerbaijan Grand Prix,Alfa Romeo,ZHO,14.0,18.0,0.0,Sauber/Alfa Romeo
2022,8,Azerbaijan Grand Prix,Alfa Romeo,BOT,15.0,11.0,0.0,Sauber/Alfa Romeo
2022,8,Azerbaijan Grand Prix,Haas F1 Team,MAG,16.0,17.0,0.0,Haas
2022,8,Azerbaijan Grand Prix,Williams,ALB,17.0,12.0,0.0,Williams
2022,8,Azerbaijan Grand Prix,Williams,LAT,18.0,15.0,0.0,Williams
2022,8,Azerbaijan Grand Prix,Aston Martin,STR,19.0,16.0,0.0,Aston Martin/Racing Point/Force India
2022,8,Azerbaijan Grand Prix,Haas F1 Team,MSC,20.0,14.0,0.0,Haas
2022,9,Canadian Grand Prix,Red Bull Racing,VER,1.0,1.0,25.0,Red Bull Racing
2022,9,Canadian Grand Prix,Alpine,ALO,2.0,9.0,2.0,Alpine/Renault
2022,9,Canadian Grand Prix,Ferrari,SAI,3.0,2.0,19.0,Ferrari
2022,9,Canadian Grand Prix,Mercedes,HAM,4.0,3.0,15.0,Mercedes
2022,9,Canadian Grand Prix,Haas F1 Team,MAG,5.0,17.0,0.0,Haas
2022,9,Canadian Grand Prix,Haas F1 Team,MSC,6.0,19.0,0.0,Haas
2022,9,Canadian Grand Prix,Alpine,OCO,7.0,6.0,8.0,Alpine/Renault
2022,9,Canadian Grand Prix,Mercedes,RUS,8.0,4.0,12.0,Mercedes
2022,9,Canadian Grand Prix,McLaren,RIC,9.0,11.0,0.0,McLaren
2022,9,Canadian Grand Prix,Alfa Romeo,ZHO,10.0,8.0,4.0,Sauber/Alfa Romeo
2022,9,Canadian Grand Prix,Alfa Romeo,BOT,11.0,7.0,6.0,Sauber/Alfa Romeo
2022,9,Canadian Grand Prix,Williams,ALB,12.0,13.0,0.0,Williams
2022,9,Canadian Grand Prix,Red Bull Racing,PER,13.0,20.0,0.0,Red Bull Racing
2022,9,Canadian Grand Prix,McLaren,NOR,14.0,15.0,0.0,McLaren
2022,9,Canadian Grand Prix,Ferrari,LEC,15.0,5.0,10.0,Ferrari
2022,9,Canadian Grand Prix,AlphaTauri,GAS,16.0,14.0,0.0,RB/AlphaTauri/Toro Rosso
2022,9,Canadian Grand Prix,Aston Martin,VET,17.0,12.0,0.0,Aston Martin/Racing Point/Force India
2022,9,Canadian Grand Prix,Aston Martin,STR,18.0,10.0,1.0,Aston Martin/Racing Point/Force India
2022,9,Canadian Grand Prix,Williams,LAT,19.0,16.0,0.0,Williams
2022,9,Canadian Grand Prix,AlphaTauri,TSU,20.0,18.0,0.0,RB/AlphaTauri/Toro Rosso
2022,10,British Grand Prix,Ferrari,SAI,1.0,1.0,25.0,Ferrari
2022,10,British Grand Prix,Red Bull Racing,VER,2.0,7.0,6.0,Red Bull Racing
2022,10,British Grand Prix,Ferrari,LEC,3.0,4.0,12.0,Ferrari
2022,10,British Grand Prix,Red Bull Racing,PER,4.0,2.0,18.0,Red Bull Racing
2022,10,British Grand Prix,Mercedes,HAM,5.0,3.0,16.0,Mercedes
2022,10,British Grand Prix,McLaren,NOR,6.0,6.0,8.0,McLaren
2022,10,British Grand Prix,Alpine,ALO,7.0,5.0,10.0,Alpine/Renault
2022,10,British Grand Prix,Mercedes,RUS,8.0,18.0,0.0,Mercedes
2022,10,British Grand Prix,Alfa Romeo,ZHO,9.0,19.0,0.0,Sauber/Alfa Romeo
2022,10,British Grand Prix,Williams,LAT,10.0,12.0,0.0,Williams
2022,10,British Grand Prix,AlphaTauri,GAS,11.0,16.0,0.0,RB/AlphaTauri/Toro Rosso
2022,10,British Grand Prix,Alfa Romeo,BOT,12.0,17.0,0.0,Sauber/Alfa Romeo
2022,10,British Grand Prix,AlphaTauri,TSU,13.0,14.0,0.0,RB/AlphaTauri/Toro Rosso
2022,10,British Grand Prix,McLaren,RIC,14.0,13.0,0.0,McLaren
2022,10,British Grand Prix,Alpine,OCO,15.0,15.0,0.0,Alpine/Renault
2022,10,British Grand Prix,Williams,ALB,16.0,20.0,0.0,Williams
2022,10,British Grand Prix,Haas F1 Team,MAG,17.0,10.0,1.0,Haas
2022,10,British Grand Prix,Aston Martin,VET,18.0,9.0,2.0,Aston Martin/Racing Point/Force India
2022,10,British Grand Prix,Haas F1 Team,MSC,19.0,8.0,4.0,Haas
2022,10,British Grand Prix,Aston Martin,STR,20.0,11.0,0.0,Aston Martin/Racing Point/Force India
2022,11,Austrian Grand Prix,Red Bull Racing,VER,1.0,2.0,19.0,Red Bull Racing
2022,11,Austrian Grand Prix,Ferrari,LEC,2.0,1.0,25.0,Ferrari
2022,11,Austrian Grand Prix,Ferrari,SAI,3.0,18.0,0.0,Ferrari
2022,11,Austrian Grand Prix,Mercedes,RUS,4.0,4.0,12.0,Mercedes
2022,11,Austrian Grand Prix,Alpine,OCO,5.0,5.0,10.0,Alpine/Renault
2022,11,Austrian Grand Prix,Haas F1 Team,MAG,6.0,8.0,4.0,Haas
2022,11,Austrian Grand Prix,Haas F1 Team,MSC,7.0,6.0,8.0,Haas
2022,11,Austrian Grand Prix,Alpine,ALO,8.0,10.0,1.0,Alpine/Renault
2022,11,Austrian Grand Prix,Mercedes,HAM,9.0,3.0,15.0,Mercedes
2022,11,Austrian Grand Prix,AlphaTauri,GAS,10.0,15.0,0.0,RB/AlphaTauri/Toro Rosso
2022,11,Austrian Grand Prix,Williams,ALB,11.0,12.0,0.0,Williams
2022,11,Austrian Grand Prix,Alfa Romeo,BOT,12.0,11.0,0.0,Sauber/Alfa Romeo
2022,11,Austrian Grand Prix,Red Bull Racing,PER,13.0,20.0,0.0,Red Bull Racing
2022,11,Austrian Grand Prix,AlphaTauri,TSU,14.0,16.0,0.0,RB/AlphaTauri/Toro Rosso
2022,11,Austrian Grand Prix,McLaren,NOR,15.0,7.0,6.0,McLaren
2022,11,Austrian Grand Prix,McLaren,RIC,16.0,9.0,2.0,McLaren
2022,11,Austrian Grand Prix,Aston Martin,STR,17.0,13.0,0.0,Aston Martin/Racing Point/Force India
2022,11,Austrian Grand Prix,Alfa Romeo,ZHO,18.0,14.0,0.0,Sauber/Alfa Romeo
2022,11,Austrian Grand Prix,Williams,LAT,19.0,19.0,0.0,Williams
2022,11,Austrian Grand Prix,Aston Martin,VET,20.0,17.0,0.0,Aston Martin/Racing Point/Force India
2022,12,French Grand Prix,Ferrari,LEC,1.0,19.0,0.0,Ferrari
2022,12,French Grand Prix,Red Bull Racing,VER,2.0,1.0,25.0,Red Bull Racing
2022,12,French Grand Prix,Red Bull Racing,PER,3.0,4.0,12.0,Red Bull Racing
2022,12,French Grand Prix,Mercedes,HAM,4.0,2.0,18.0,Mercedes
2022,12,French Grand Prix,McLaren,NOR,5.0,7.0,6.0,McLaren
2022,12,French Grand Prix,Mercedes,RUS,6.0,3.0,15.0,Mercedes
2022,12,French Grand Prix,Alpine,ALO,7.0,6.0,8.0,Alpine/Renault
2022,12,French Grand Prix,AlphaTauri,TSU,8.0,20.0,0.0,RB/AlphaTauri/Toro Rosso
2022,12,French Grand Prix,Ferrari,SAI,9.0,5.0,11.0,Ferrari
2022,12,French Grand Prix,Haas F1 Team,MAG,10.0,18.0,0.0,Haas
2022,12,French Grand Prix,McLaren,RIC,11.0,9.0,2.0,McLaren
2022,12,French Grand Prix,Alpine,OCO,12.0,8.0,4.0,Alpine/Renault
2022,12,French Grand Prix,Alfa Romeo,BOT,13.0,14.0,0.0,Sauber/Alfa Romeo
2022,12,French Grand Prix,Aston Martin,VET,14.0,11.0,0.0,Aston Martin/Racing Point/Force India
2022,12,French Grand Prix,Williams,ALB,15.0,13.0,0.0,Williams
2022,12,French Grand Prix,AlphaTauri,GAS,16.0,12.0,0.0,RB/AlphaTauri/Toro Rosso
2022,12,French Grand Prix,Aston Martin,STR,17.0,10.0,1.0,Aston Martin/Racing Point/Force India
2022,12,French Grand Prix,Alfa Romeo,ZHO,18.0,16.0,0.0,Sauber/Alfa Romeo
2022,12,French Grand Prix,Haas F1 Team,MSC,19.0,15.0,0.0,Haas
2022,12,French Grand Prix,Williams,LAT,20.0,17.0,0.0,Williams
2022,13,Hungarian Grand Prix,Mercedes,RUS,1.0,3.0,15.0,Mercedes
2022,13,Hungarian Grand Prix,Ferrari,SAI,2.0,4.0,12.0,Ferrari
2022,13,Hungarian Grand Prix,Ferrari,LEC,3.0,6.0,8.0,Ferrari
2022,13,Hungarian Grand Prix,McLaren,NOR,4.0,7.0,6.0,McLaren
2022,13,Hungarian Grand Prix,Alpine,OCO,5.0,9.0,2.0,Alpine/Renault
2022,13,Hungarian Grand Prix,Alpine,ALO,6.0,8.0,4.0,Alpine/Renault
2022,13,Hungarian Grand Prix,Mercedes,HAM,7.0,2.0,19.0,Mercedes
2022,13,Hungarian Grand Prix,Alfa Romeo,BOT,8.0,20.0,0.0,Sauber/Alfa Romeo
2022,13,Hungarian Grand Prix,McLaren,RIC,9.0,15.0,0.0,McLaren
2022,13,Hungarian Grand Prix,Red Bull Racing,VER,10.0,1.0,25.0,Red Bull Racing
2022,13,Hungarian Grand Prix,Red Bull Racing,PER,11.0,5.0,10.0,Red Bull Racing
2022,13,Hungarian Grand Prix,Alfa Romeo,ZHO,12.0,13.0,0.0,Sauber/Alfa Romeo
2022,13,Hungarian Grand Prix,Haas F1 Team,MAG,13.0,16.0,0.0,Haas
2022,13,Hungarian Grand Prix,Aston Martin,STR,14.0,11.0,0.0,Aston Martin/Racing Point/Force India
2022,13,Hungarian Grand Prix,Haas F1 Team,MSC,15.0,14.0,0.0,Haas
2022,13,Hungarian Grand Prix,AlphaTauri,TSU,16.0,19.0,0.0,RB/AlphaTauri/Toro Rosso
2022,13,Hungarian Grand Prix,Williams,ALB,17.0,17.0,0.0,Williams
2022,13,Hungarian Grand Prix,Aston Martin,VET,18.0,10.0,1.0,Aston Martin/Racing Point/Force India
2022,13,Hungarian Grand Prix,AlphaTauri,GAS,19.0,12.0,0.0,RB/AlphaTauri/Toro Rosso
2022,13,Hungarian Grand Prix,Williams,LAT,20.0,18.0,0.0,Williams
2022,14,Belgian Grand Prix,Red Bull Racing,VER,1.0,1.0,26.0,Red Bull Racing
2022,14,Belgian Grand Prix,Ferrari,SAI,2.0,3.0,15.0,Ferrari
2022,14,Belgian Grand Prix,Red Bull Racing,PER,3.0,2.0,18.0,Red Bull Racing
2022,14,Belgian Grand Prix,Ferrari,LEC,4.0,6.0,8.0,Ferrari
2022,14,Belgian Grand Prix,Alpine,OCO,5.0,7.0,6.0,Alpine/Renault
2022,14,Belgian Grand Prix,Alpine,ALO,6.0,5.0,10.0,Alpine/Renault
2022,14,Belgian Grand Prix,Mercedes,HAM,7.0,20.0,0.0,Mercedes
2022,14,Belgian Grand Prix,Mercedes,RUS,8.0,4.0,12.0,Mercedes
2022,14,Belgian Grand Prix,Williams,ALB,9.0,10.0,1.0,Williams
2022,14,Belgian Grand Prix,McLaren,NOR,10.0,12.0,0.0,McLaren
2022,14,Belgian Grand Prix,McLaren,RIC,11.0,15.0,0.0,McLaren
2022,14,Belgian Grand Prix,AlphaTauri,GAS,12.0,9.0,2.0,RB/AlphaTauri/Toro Rosso
2022,14,Belgian Grand Prix,Alfa Romeo,ZHO,13.0,14.0,0.0,Sauber/Alfa Romeo
2022,14,Belgian Grand Prix,Aston Martin,STR,14.0,11.0,0.0,Aston Martin/Racing Point/Force India
2022,14,Belgian Grand Prix,Haas F1 Team,MSC,15.0,17.0,0.0,Haas
2022,14,Belgian Grand Prix,Aston Martin,VET,16.0,8.0,4.0,Aston Martin/Racing Point/Force India
2022,14,Belgian Grand Prix,Williams,LAT,17.0,18.0,0.0,Williams
2022,14,Belgian Grand Prix,Haas F1 Team,MAG,18.0,16.0,0.0,Haas
2022,14,Belgian Grand Prix,AlphaTauri,TSU,19.0,13.0,0.0,RB/AlphaTauri/Toro Rosso
2022,14,Belgian Grand Prix,Alfa Romeo,BOT,20.0,19.0,0.0,Sauber/Alfa Romeo
2022,15,Dutch Grand Prix,Red Bull Racing,VER,1.0,1.0,26.0,Red Bull Racing
2022,15,Dutch Grand Prix,Ferrari,LEC,2.0,3.0,15.0,Ferrari
2022,15,Dutch Grand Prix,Ferrari,SAI,3.0,8.0,4.0,Ferrari
2022,15,Dutch Grand Prix,Mercedes,HAM,4.0,4.0,12.0,Mercedes
2022,15,Dutch Grand Prix,Red Bull Racing,PER,5.0,5.0,10.0,Red Bull Racing
2022,15,Dutch Grand Prix,Mercedes,RUS,6.0,2.0,18.0,Mercedes
2022,15,Dutch Grand Prix,McLaren,NOR,7.0,7.0,6.0,McLaren
2022,15,Dutch Grand Prix,Haas F1 Team,MSC,8.0,13.0,0.0,Haas
2022,15,Dutch Grand Prix,AlphaTauri,TSU,9.0,20.0,0.0,RB/AlphaTauri/Toro Rosso
2022,15,Dutch Grand Prix,Aston Martin,STR,10.0,10.0,1.0,Aston Martin/Racing Point/Force India
2022,15,Dutch Grand Prix,AlphaTauri,GAS,11.0,11.0,0.0,RB/AlphaTauri/Toro Rosso
2022,15,Dutch Grand Prix,Alpine,OCO,12.0,9.0,2.0,Alpine/Renault
2022,15,Dutch Grand Prix,Alpine,ALO,13.0,6.0,8.0,Alpine/Renault
2022,15,Dutch Grand Prix,Alfa Romeo,ZHO,14.0,16.0,0.0,Sauber/Alfa Romeo
2022,15,Dutch Grand Prix,Williams,ALB,15.0,12.0,0.0,Williams
2022,15,Dutch Grand Prix,Alfa Romeo,BOT,16.0,19.0,0.0,Sauber/Alfa Romeo
2022,15,Dutch Grand Prix,McLaren,RIC,17.0,17.0,0.0,McLaren
2022,15,Dutch Grand Prix,Haas F1 Team,MAG,18.0,15.0,0.0,Haas
2022,15,Dutch Grand Prix,Aston Martin,VET,19.0,14.0,0.0,Aston Martin/Racing Point/Force India
2022,15,Dutch Grand Prix,Williams,LAT,20.0,18.0,0.0,Williams
2022,16,Italian Grand Prix,Ferrari,LEC,1.0,2.0,18.0,Ferrari
2022,16,Italian Grand Prix,Red Bull Racing,VER,2.0,1.0,25.0,Red Bull Racing
2022,16,Italian Grand Prix,Ferrari,SAI,3.0,4.0,12.0,Ferrari
2022,16,Italian Grand Prix,Red Bull Racing,PER,4.0,6.0,9.0,Red Bull Racing
2022,16,Italian Grand Prix,Mercedes,HAM,5.0,5.0,10.0,Mercedes
2022,16,Italian Grand Prix,Mercedes,RUS,6.0,3.0,15.0,Mercedes
2022,16,Italian Grand Prix,McLaren,NOR,7.0,7.0,6.0,McLaren
2022,16,Italian Grand Prix,McLaren,RIC,8.0,17.0,0.0,McLaren
2022,16,Italian Grand Prix,AlphaTauri,GAS,9.0,8.0,4.0,RB/AlphaTauri/Toro Rosso
2022,16,Italian Grand Prix,Alpine,ALO,10.0,19.0,0.0,Alpine/Renault
2022,16,Italian Grand Prix,Alpine,OCO,11.0,11.0,0.0,Alpine/Renault
2022,16,Italian Grand Prix,Alfa Romeo,BOT,12.0,13.0,0.0,Sauber/Alfa Romeo
2022,16,Italian Grand Prix,Williams,DEV,13.0,9.0,2.0,Williams
2022,16,Italian Grand Prix,Alfa Romeo,ZHO,14.0,10.0,1.0,Sauber/Alfa Romeo
2022,16,Italian Grand Prix,AlphaTauri,TSU,15.0,14.0,0.0,RB/AlphaTauri/Toro Rosso
2022,16,Italian Grand Prix,Williams,LAT,16.0,15.0,0.0,Williams
2022,16,Italian Grand Prix,Aston Martin,VET,17.0,20.0,0.0,Aston Martin/Racing Point/Force India
2022,16,Italian Grand Prix,Aston Martin,STR,18.0,18.0,0.0,Aston Martin/Racing Point/Force India
2022,16,Italian Grand Prix,Haas F1 Team,MAG,19.0,16.0,0.0,Haas
2022,16,Italian Grand Prix,Haas F1 Team,MSC,20.0,12.0,0.0,Haas
2022,17,Singapore Grand Prix,Ferrari,LEC,1.0,2.0,18.0,Ferrari
2022,17,Singapore Grand Prix,Red Bull Racing,PER,2.0,1.0,25.0,Red Bull Racing
2022,17,Singapore Grand Prix,Mercedes,HAM,3.0,9.0,2.0,Mercedes
2022,17,Singapore Grand Prix,Ferrari,SAI,4.0,3.0,15.0,Ferrari
2022,17,Singapore Grand Prix,Alpine,ALO,5.0,18.0,0.0,Alpine/Renault
2022,17,Singapore Grand Prix,McLaren,NOR,6.0,4.0,12.0,McLaren
2022,17,Singapore Grand Prix,AlphaTauri,GAS,7.0,10.0,1.0,RB/AlphaTauri/Toro Rosso
2022,17,Singapore Grand Prix,Red Bull Racing,VER,8.0,7.0,6.0,Red Bull Racing
2022,17,Singapore Grand Prix,Haas F1 Team,MAG,9.0,12.0,0.0,Haas
2022,17,Singapore Grand Prix,AlphaTauri,TSU,10.0,15.0,0.0,RB/AlphaTauri/Toro Rosso
2022,17,Singapore Grand Prix,Mercedes,RUS,11.0,14.0,0.0,Mercedes
2022,17,Singapore Grand Prix,Aston Martin,STR,12.0,6.0,8.0,Aston Martin/Racing Point/Force India
2022,17,Singapore Grand Prix,Haas F1 Team,MSC,13.0,13.0,0.0,Haas
2022,17,Singapore Grand Prix,Aston Martin,VET,14.0,8.0,4.0,Aston Martin/Racing Point/Force India
2022,17,Singapore Grand Prix,Alfa Romeo,ZHO,15.0,20.0,0.0,Sauber/Alfa Romeo
2022,17,Singapore Grand Prix,Alfa Romeo,BOT,16.0,11.0,0.0,Sauber/Alfa Romeo
2022,17,Singapore Grand Prix,McLaren,RIC,17.0,5.0,10.0,McLaren
2022,17,Singapore Grand Prix,Alpine,OCO,18.0,16.0,0.0,Alpine/Renault
2022,17,Singapore Grand Prix,Williams,ALB,19.0,17.0,0.0,Williams
2022,17,Singapore Grand Prix,Williams,LAT,20.0,19.0,0.0,Williams
2022,18,Japanese Grand Prix,Red Bull Racing,VER,1.0,1.0,25.0,Red Bull Racing
2022,18,Japanese Grand Prix,Ferrari,LEC,2.0,3.0,15.0,Ferrari
2022,18,Japanese Grand Prix,Ferrari,SAI,3.0,19.0,0.0,Ferrari
2022,18,Japanese Grand Prix,Red Bull Racing,PER,4.0,2.0,18.0,Red Bull Racing
2022,18,Japanese Grand Prix,Alpine,OCO,5.0,4.0,12.0,Alpine/Renault
2022,18,Japanese Grand Prix,Mercedes,HAM,6.0,5.0,10.0,Mercedes
2022,18,Japanese Grand Prix,Alpine,ALO,7.0,7.0,6.0,Alpine/Renault
2022,18,Japanese Grand Prix,Mercedes,RUS,8.0,8.0,4.0,Mercedes
2022,18,Japanese Grand Prix,Aston Martin,VET,9.0,6.0,8.0,Aston Martin/Racing Point/Force India
2022,18,Japanese Grand Prix,McLaren,NOR,10.0,10.0,1.0,McLaren
2022,18,Japanese Grand Prix,McLaren,RIC,11.0,11.0,0.0,McLaren
2022,18,Japanese Grand Prix,Alfa Romeo,BOT,12.0,15.0,0.0,Sauber/Alfa Romeo
2022,18,Japanese Grand Prix,AlphaTauri,TSU,13.0,13.0,0.0,RB/AlphaTauri/Toro Rosso
2022,18,Japanese Grand Prix,Alfa Romeo,ZHO,14.0,16.0,0.0,Sauber/Alfa Romeo
2022,18,Japanese Grand Prix,Haas F1 Team,MSC,15.0,17.0,0.0,Haas
2022,18,Japanese Grand Prix,Williams,ALB,16.0,20.0,0.0,Williams
2022,18,Japanese Grand Prix,AlphaTauri,GAS,17.0,18.0,0.0,RB/AlphaTauri/Toro Rosso
2022,18,Japanese Grand Prix,Haas F1 Team,MAG,18.0,14.0,0.0,Haas
2022,18,Japanese Grand Prix,Aston Martin,STR,19.0,12.0,0.0,Aston Martin/Racing Point/Force India
2022,18,Japanese Grand Prix,Williams,LAT,20.0,9.0,2.0,Williams
2022,19,United States Grand Prix,Ferrari,SAI,1.0,20.0,0.0,Ferrari
2022,19,United States Grand Prix,Ferrari,LEC,2.0,3.0,15.0,Ferrari
2022,19,United States Grand Prix,Red Bull Racing,VER,3.0,1.0,25.0,Red Bull Racing
2022,19,United States Grand Prix,Red Bull Racing,PER,4.0,4.0,12.0,Red Bull Racing
2022,19,United States Grand Prix,Mercedes,HAM,5.0,2.0,18.0,Mercedes
2022,19,United States Grand Prix,Mercedes,RUS,6.0,5.0,11.0,Mercedes
2022,19,United States Grand Prix,Aston Martin,STR,7.0,18.0,0.0,Aston Martin/Racing Point/Force India
2022,19,United States Grand Prix,McLaren,NOR,8.0,6.0,8.0,McLaren
2022,19,United States Grand Prix,Alpine,ALO,9.0,7.0,6.0,Alpine/Renault
2022,19,United States Grand Prix,Alfa Romeo,BOT,10.0,19.0,0.0,Sauber/Alfa Romeo
2022,19,United States Grand Prix,Williams,ALB,11.0,13.0,0.0,Williams
2022,19,United States Grand Prix,Aston Martin,VET,12.0,8.0,4.0,Aston Martin/Racing Point/Force India
2022,19,United States Grand Prix,AlphaTauri,GAS,13.0,14.0,0.0,RB/AlphaTauri/Toro Rosso
2022,19,United States Grand Prix,Alfa Romeo,ZHO,14.0,12.0,0.0,Sauber/Alfa Romeo
2022,19,United States Grand Prix,AlphaTauri,TSU,15.0,10.0,1.0,RB/AlphaTauri/Toro Rosso
2022,19,United States Grand Prix,Haas F1 Team,MAG,16.0,9.0,2.0,Haas
2022,19,United States Grand Prix,McLaren,RIC,17.0,16.0,0.0,McLaren
2022,19,United States Grand Prix,Alpine,OCO,18.0,11.0,0.0,Alpine/Renault
2022,19,United States Grand Prix,Haas F1 Team,MSC,19.0,15.0,0.0,Haas
2022,19,United States Grand Prix,Williams,LAT,20.0,17.0,0.0,Williams
2022,20,Mexico City Grand Prix,Red Bull Racing,VER,1.0,1.0,25.0,Red Bull Racing
2022,20,Mexico City Grand Prix,Mercedes,RUS,2.0,4.0,13.0,Mercedes
2022,20,Mexico City Grand Prix,Mercedes,HAM,3.0,2.0,18.0,Mercedes
2022,20,Mexico City Grand Prix,Red Bull Racing,PER,4.0,3.0,15.0,Red Bull Racing
2022,20,Mexico City Grand Prix,Ferrari,SAI,5.0,5.0,10.0,Ferrari
2022,20,Mexico City Grand Prix,Alfa Romeo,BOT,6.0,10.0,1.0,Sauber/Alfa Romeo
2022,20,Mexico City Grand Prix,Ferrari,LEC,7.0,6.0,8.0,Ferrari
2022,20,Mexico City Grand Prix,McLaren,NOR,8.0,9.0,2.0,McLaren
2022,20,Mexico City Grand Prix,Alpine,ALO,9.0,19.0,0.0,Alpine/Renault
2022,20,Mexico City Grand Prix,Alpine,OCO,10.0,8.0,4.0,Alpine/Renault
2022,20,Mexico City Grand Prix,McLaren,RIC,11.0,7.0,6.0,McLaren
2022,20,Mexico City Grand Prix,Alfa Romeo,ZHO,12.0,13.0,0.0,Sauber/Alfa Romeo
2022,20,Mexico City Grand Prix,AlphaTauri,TSU,13.0,20.0,0.0,RB/AlphaTauri/Toro Rosso
2022,20,Mexico City Grand Prix,AlphaTauri,GAS,14.0,11.0,0.0,RB/AlphaTauri/Toro Rosso
2022,20,Mexico City Grand Prix,Haas F1 Team,MAG,15.0,17.0,0.0,Haas
2022,20,Mexico City Grand Prix,Haas F1 Team,MSC,16.0,16.0,0.0,Haas
2022,20,Mexico City Grand Prix,Aston Martin,VET,17.0,14.0,0.0,Aston Martin/Racing Point/Force India
2022,20,Mexico City Grand Prix,Aston Martin,STR,18.0,15.0,0.0,Aston Martin/Racing Point/Force India
2022,20,Mexico City Grand Prix,Williams,ALB,19.0,12.0,0.0,Williams
2022,20,Mexico City Grand Prix,Williams,LAT,20.0,18.0,0.0,Williams
2022,21,São Paulo Grand Prix,Haas F1 Team,MAG,1.0,19.0,0.0,Haas
2022,21,São Paulo Grand Prix,Red Bull Racing,VER,2.0,6.0,8.0,Red Bull Racing
2022,21,São Paulo Grand Prix,Mercedes,RUS,3.0,1.0,26.0,Mercedes
2022,21,São Paulo Grand Prix,McLaren,NOR,4.0,18.0,0.0,McLaren
2022,21,São Paulo Grand Prix,Ferrari,SAI,5.0,3.0,15.0,Ferrari
2022,21,São Paulo Grand Prix,Alpine,OCO,6.0,8.0,4.0,Alpine/Renault
2022,21,São Paulo Grand Prix,Alpine,ALO,7.0,5.0,10.0,Alpine/Renault
2022,21,São Paulo Grand Prix,Mercedes,HAM,8.0,2.0,18.0,Mercedes
2022,21,São Paulo Grand Prix,Red Bull Racing,PER,9.0,7.0,6.0,Red Bull Racing
2022,21,São Paulo Grand Prix,Ferrari,LEC,10.0,4.0,12.0,Ferrari
2022,21,São Paulo Grand Prix,Williams,ALB,11.0,15.0,0.0,Williams
2022,21,São Paulo Grand Prix,AlphaTauri,GAS,12.0,14.0,0.0,RB/AlphaTauri/Toro Rosso
2022,21,São Paulo Grand Prix,Aston Martin,VET,13.0,11.0,0.0,Aston Martin/Racing Point/Force India
2022,21,São Paulo Grand Prix,McLaren,RIC,14.0,20.0,0.0,McLaren
2022,21,São Paulo Grand Prix,Aston Martin,STR,15.0,10.0,1.0,Aston Martin/Racing Point/Force India
2022,21,São Paulo Grand Prix,Williams,LAT,16.0,16.0,0.0,Williams
2022,21,São Paulo Grand Prix,Alfa Romeo,ZHO,17.0,12.0,0.0,Sauber/Alfa Romeo
2022,21,São Paulo Grand Prix,Alfa Romeo,BOT,18.0,9.0,2.0,Sauber/Alfa Romeo
2022,21,São Paulo Grand Prix,AlphaTauri,TSU,19.0,17.0,0.0,RB/AlphaTauri/Toro Rosso
2022,21,São Paulo Grand Prix,Haas F1 Team,MSC,20.0,13.0,0.0,Haas
2022,22,Abu Dhabi Grand Prix,Red Bull Racing,VER,1.0,1.0,25.0,Red Bull Racing
2022,22,Abu Dhabi Grand Prix,Red Bull Racing,PER,2.0,3.0,15.0,Red Bull Racing
2022,22,Abu Dhabi Grand Prix,Ferrari,LEC,3.0,2.0,18.0,Ferrari
2022,22,Abu Dhabi Grand Prix,Ferrari,SAI,4.0,4.0,12.0,Ferrari
2022,22,Abu Dhabi Grand Prix,Mercedes,HAM,5.0,18.0,0.0,Mercedes
2022,22,Abu Dhabi Grand Prix,Mercedes,RUS,6.0,5.0,10.0,Mercedes
2022,22,Abu Dhabi Grand Prix,McLaren,NOR,7.0,6.0,9.0,McLaren
2022,22,Abu Dhabi Grand Prix,Alpine,OCO,8.0,7.0,6.0,Alpine/Renault
2022,22,Abu Dhabi Grand Prix,Aston Martin,VET,9.0,10.0,1.0,Aston Martin/Racing Point/Force India
2022,22,Abu Dhabi Grand Prix,McLaren,RIC,10.0,9.0,2.0,McLaren
2022,22,Abu Dhabi Grand Prix,Alpine,ALO,11.0,20.0,0.0,Alpine/Renault
2022,22,Abu Dhabi Grand Prix,AlphaTauri,TSU,12.0,11.0,0.0,RB/AlphaTauri/Toro Rosso
2022,22,Abu Dhabi Grand Prix,Haas F1 Team,MSC,13.0,16.0,0.0,Haas
2022,22,Abu Dhabi Grand Prix,Aston Martin,STR,14.0,8.0,4.0,Aston Martin/Racing Point/Force India
2022,22,Abu Dhabi Grand Prix,Alfa Romeo,ZHO,15.0,12.0,0.0,Sauber/Alfa Romeo
2022,22,Abu Dhabi Grand Prix,Haas F1 Team,MAG,16.0,17.0,0.0,Haas
2022,22,Abu Dhabi Grand Prix,AlphaTauri,GAS,17.0,14.0,0.0,RB/AlphaTauri/Toro Rosso
2022,22,Abu Dhabi Grand Prix,Alfa Romeo,BOT,18.0,15.0,0.0,Sauber/Alfa Romeo
2022,22,Abu Dhabi Grand Prix,Williams,ALB,19.0,13.0,0.0,Williams
2022,22,Abu Dhabi Grand Prix,Williams,LAT,20.0,19.0,0.0,Williams
2023,1,Bahrain Grand Prix,Red Bull Racing,VER,1.0,1.0,25.0,Red Bull Racing
2023,1,Bahrain Grand Prix,Red Bull Racing,PER,2.0,2.0,18.0,Red Bull Racing
2023,1,Bahrain Grand Prix,Ferrari,LEC,3.0,19.0,0.0,Ferrari
2023,1,Bahrain Grand Prix,Ferrari,SAI,4.0,4.0,12.0,Ferrari
2023,1,Bahrain Grand Prix,Aston Martin,ALO,5.0,3.0,15.0,Aston Martin/Racing Point/Force India
2023,1,Bahrain Grand Prix,Mercedes,RUS,6.0,7.0,6.0,Mercedes
2023,1,Bahrain Grand Prix,Mercedes,HAM,7.0,5.0,10.0,Mercedes
2023,1,Bahrain Grand Prix,Aston Martin,STR,8.0,6.0,8.0,Aston Martin/Racing Point/Force India
2023,1,Bahrain Grand Prix,Alpine,OCO,9.0,18.0,0.0,Alpine/Renault
2023,1,Bahrain Grand Prix,Haas F1 Team,HUL,10.0,15.0,0.0,Haas
2023,1,Bahrain Grand Prix,McLaren,NOR,11.0,17.0,0.0,McLaren
2023,1,Bahrain Grand Prix,Alfa Romeo,BOT,12.0,8.0,4.0,Sauber/Alfa Romeo
2023,1,Bahrain Grand Prix,Alfa Romeo,ZHO,13.0,16.0,0.0,Sauber/Alfa Romeo
2023,1,Bahrain Grand Prix,AlphaTauri,TSU,14.0,11.0,0.0,RB/AlphaTauri/Toro Rosso
2023,1,Bahrain Grand Prix,Williams,ALB,15.0,10.0,1.0,Williams
2023,1,Bahrain Grand Prix,Williams,SAR,16.0,12.0,0.0,Williams
2023,1,Bahrain Grand Prix,Haas F1 Team,MAG,17.0,13.0,0.0,Haas
2023,1,Bahrain Grand Prix,McLaren,PIA,18.0,20.0,0.0,McLaren
2023,1,Bahrain Grand Prix,AlphaTauri,DEV,19.0,14.0,0.0,RB/AlphaTauri/Toro Rosso
2023,1,Bahrain Grand Prix,Alpine,GAS,20.0,9.0,2.0,Alpine/Renault
2023,2,Saudi Arabian Grand Prix,Red Bull Racing,PER,1.0,1.0,25.0,Red Bull Racing
2023,2,Saudi Arabian Grand Prix,Ferrari,LEC,2.0,7.0,6.0,Ferrari
2023,2,Saudi Arabian Grand Prix,Aston Martin,ALO,3.0,3.0,15.0,Aston Martin/Racing Point/Force India
2023,2,Saudi Arabian Grand Prix,Mercedes,RUS,4.0,4.0,12.0,Mercedes
2023,2,Saudi Arabian Grand Prix,Ferrari,SAI,5.0,6.0,8.0,Ferrari
2023,2,Saudi Arabian Grand Prix,Aston Martin,STR,6.0,20.0,0.0,Aston Martin/Racing Point/Force India
2023,2,Saudi Arabian Grand Prix,Alpine,OCO,7.0,8.0,4.0,Alpine/Renault
2023,2,Saudi Arabian Grand Prix,Mercedes,HAM,8.0,5.0,10.0,Mercedes
2023,2,Saudi Arabian Grand Prix,McLaren,PIA,9.0,15.0,0.0,McLaren
2023,2,Saudi Arabian Grand Prix,Alpine,GAS,10.0,9.0,2.0,Alpine/Renault
2023,2,Saudi Arabian Grand Prix,Haas F1 Team,HUL,11.0,12.0,0.0,Haas
2023,2,Saudi Arabian Grand Prix,Alfa Romeo,ZHO,12.0,13.0,0.0,Sauber/Alfa Romeo
2023,2,Saudi Arabian Grand Prix,Haas F1 Team,MAG,13.0,10.0,1.0,Haas
2023,2,Saudi Arabian Grand Prix,Alfa Romeo,BOT,14.0,18.0,0.0,Sauber/Alfa Romeo
2023,2,Saudi Arabian Grand Prix,Red Bull Racing,VER,15.0,2.0,19.0,Red Bull Racing
2023,2,Saudi Arabian Grand Prix,AlphaTauri,TSU,16.0,11.0,0.0,RB/AlphaTauri/Toro Rosso
2023,2,Saudi Arabian Grand Prix,Williams,ALB,17.0,19.0,0.0,Williams
2023,2,Saudi Arabian Grand Prix,AlphaTauri,DEV,18.0,14.0,0.0,RB/AlphaTauri/Toro Rosso
2023,2,Saudi Arabian Grand Prix,McLaren,NOR,19.0,17.0,0.0,McLaren
2023,2,Saudi Arabian Grand Prix,Williams,SAR,20.0,16.0,0.0,Williams
2023,3,Australian Grand Prix,Red Bull Racing,VER,1.0,1.0,25.0,Red Bull Racing
2023,3,Australian Grand Prix,Mercedes,RUS,2.0,18.0,0.0,Mercedes
2023,3,Australian Grand Prix,Mercedes,HAM,3.0,2.0,18.0,Mercedes
2023,3,Australian Grand Prix,Aston Martin,ALO,4.0,3.0,15.0,Aston Martin/Racing Point/Force India
2023,3,Australian Grand Prix,Ferrari,SAI,5.0,12.0,0.0,Ferrari
2023,3,Australian Grand Prix,Aston Martin,STR,6.0,4.0,12.0,Aston Martin/Racing Point/Force India
2023,3,Australian Grand Prix,Ferrari,LEC,7.0,20.0,0.0,Ferrari
2023,3,Australian Grand Prix,Williams,ALB,8.0,19.0,0.0,Williams
2023,3,Australian Grand Prix,Alpine,GAS,9.0,13.0,0.0,Alpine/Renault
2023,3,Australian Grand Prix,Haas F1 Team,HUL,10.0,7.0,6.0,Haas
2023,3,Australian Grand Prix,Alpine,OCO,11.0,14.0,0.0,Alpine/Renault
2023,3,Australian Grand Prix,AlphaTauri,TSU,12.0,10.0,1.0,RB/AlphaTauri/Toro Rosso
2023,3,Australian Grand Prix,McLaren,NOR,13.0,6.0,8.0,McLaren
2023,3,Australian Grand Prix,Haas F1 Team,MAG,14.0,17.0,0.0,Haas
2023,3,Australian Grand Prix,AlphaTauri,DEV,15.0,15.0,0.0,RB/AlphaTauri/Toro Rosso
2023,3,Australian Grand Prix,McLaren,PIA,16.0,8.0,4.0,McLaren
2023,3,Australian Grand Prix,Alfa Romeo,ZHO,17.0,9.0,2.0,Sauber/Alfa Romeo
2023,3,Australian Grand Prix,Williams,SAR,18.0,16.0,0.0,Williams
2023,3,Australian Grand Prix,Alfa Romeo,BOT,19.0,11.0,0.0,Sauber/Alfa Romeo
2023,3,Australian Grand Prix,Red Bull Racing,PER,20.0,5.0,11.0,Red Bull Racing
2023,4,Azerbaijan Grand Prix,Ferrari,LEC,1.0,3.0,15.0,Ferrari
2023,4,Azerbaijan Grand Prix,Red Bull Racing,VER,2.0,2.0,18.0,Red Bull Racing
2023,4,Azerbaijan Grand Prix,Red Bull Racing,PER,3.0,1.0,25.0,Red Bull Racing
2023,4,Azerbaijan Grand Prix,Ferrari,SAI,4.0,5.0,10.0,Ferrari
2023,4,Azerbaijan Grand Prix,Mercedes,HAM,5.0,6.0,8.0,Mercedes
2023,4,Azerbaijan Grand Prix,Aston Martin,ALO,6.0,4.0,12.0,Aston Martin/Racing Point/Force India
2023,4,Azerbaijan Grand Prix,McLaren,NOR,7.0,9.0,2.0,McLaren
2023,4,Azerbaijan Grand Prix,AlphaTauri,TSU,8.0,10.0,1.0,RB/AlphaTauri/Toro Rosso
2023,4,Azerbaijan Grand Prix,Aston Martin,STR,9.0,7.0,6.0,Aston Martin/Racing Point/Force India
2023,4,Azerbaijan Grand Prix,McLaren,PIA,10.0,11.0,0.0,McLaren
2023,4,Azerbaijan Grand Prix,Mercedes,RUS,11.0,8.0,5.0,Mercedes
2023,4,Azerbaijan Grand Prix,Alpine,OCO,12.0,15.0,0.0,Alpine/Renault
2023,4,Azerbaijan Grand Prix,Williams,ALB,13.0,12.0,0.0,Williams
2023,4,Azerbaijan Grand Prix,Alfa Romeo,BOT,14.0,18.0,0.0,Sauber/Alfa Romeo
2023,4,Azerbaijan Grand Prix,Williams,SAR,15.0,16.0,0.0,Williams
2023,4,Azerbaijan Grand Prix,Alfa Romeo,ZHO,16.0,19.0,0.0,Sauber/Alfa Romeo
2023,4,Azerbaijan Grand Prix,Haas F1 Team,HUL,17.0,17.0,0.0,Haas
2023,4,Azerbaijan Grand Prix,Haas F1 Team,MAG,18.0,13.0,0.0,Haas
2023,4,Azerbaijan Grand Prix,Alpine,GAS,19.0,14.0,0.0,Alpine/Renault
2023,4,Azerbaijan Grand Prix,AlphaTauri,DEV,20.0,20.0,0.0,RB/AlphaTauri/Toro Rosso
2023,5,Miami Grand Prix,Red Bull Racing,PER,1.0,2.0,18.0,Red Bull Racing
2023,5,Miami Grand Prix,Aston Martin,ALO,2.0,3.0,15.0,Aston Martin/Racing Point/Force India
2023,5,Miami Grand Prix,Ferrari,SAI,3.0,5.0,10.0,Ferrari
2023,5,Miami Grand Prix,Haas F1 Team,MAG,4.0,10.0,1.0,Haas
2023,5,Miami Grand Prix,Alpine,GAS,5.0,8.0,4.0,Alpine/Renault
2023,5,Miami Grand Prix,Mercedes,RUS,6.0,4.0,12.0,Mercedes
2023,5,Miami Grand Prix,Ferrari,LEC,7.0,7.0,6.0,Ferrari
2023,5,Miami Grand Prix,Alpine,OCO,8.0,9.0,2.0,Alpine/Renault
2023,5,Miami Grand Prix,Red Bull Racing,VER,9.0,1.0,26.0,Red Bull Racing
2023,5,Miami Grand Prix,Alfa Romeo,BOT,10.0,13.0,0.0,Sauber/Alfa Romeo
2023,5,Miami Grand Prix,Williams,ALB,11.0,14.0,0.0,Williams
2023,5,Miami Grand Prix,Haas F1 Team,HUL,12.0,15.0,0.0,Haas
2023,5,Miami Grand Prix,Mercedes,HAM,13.0,6.0,8.0,Mercedes
2023,5,Miami Grand Prix,Alfa Romeo,ZHO,14.0,16.0,0.0,Sauber/Alfa Romeo
2023,5,Miami Grand Prix,AlphaTauri,DEV,15.0,18.0,0.0,RB/AlphaTauri/Toro Rosso
2023,5,Miami Grand Prix,McLaren,NOR,16.0,17.0,0.0,McLaren
2023,5,Miami Grand Prix,AlphaTauri,TSU,17.0,11.0,0.0,RB/AlphaTauri/Toro Rosso
2023,5,Miami Grand Prix,Aston Martin,STR,18.0,12.0,0.0,Aston Martin/Racing Point/Force India
2023,5,Miami Grand Prix,McLaren,PIA,19.0,19.0,0.0,McLaren
2023,5,Miami Grand Prix,Williams,SAR,20.0,20.0,0.0,Williams
2023,6,Monaco Grand Prix,Red Bull Racing,VER,1.0,1.0,25.0,Red Bull Racing
2023,6,Monaco Grand Prix,Aston Martin,ALO,2.0,2.0,18.0,Aston Martin/Racing Point/Force India
2023,6,Monaco Grand Prix,Ferrari,LEC,3.0,6.0,8.0,Ferrari
2023,6,Monaco Grand Prix,Alpine,OCO,4.0,3.0,15.0,Alpine/Renault
2023,6,Monaco Grand Prix,Ferrari,SAI,5.0,8.0,4.0,Ferrari
2023,6,Monaco Grand Prix,Mercedes,HAM,6.0,4.0,13.0,Mercedes
2023,6,Monaco Grand Prix,Alpine,GAS,7.0,7.0,6.0,Alpine/Renault
2023,6,Monaco Grand Prix,Mercedes,RUS,8.0,5.0,10.0,Mercedes
2023,6,Monaco Grand Prix,AlphaTauri,TSU,9.0,15.0,0.0,RB/AlphaTauri/Toro Rosso
2023,6,Monaco Grand Prix,McLaren,NOR,10.0,9.0,2.0,McLaren
2023,6,Monaco Grand Prix,McLaren,PIA,11.0,10.0,1.0,McLaren
2023,6,Monaco Grand Prix,AlphaTauri,DEV,12.0,12.0,0.0,RB/AlphaTauri/Toro Rosso
2023,6,Monaco Grand Prix,Williams,ALB,13.0,14.0,0.0,Williams
2023,6,Monaco Grand Prix,Aston Martin,STR,14.0,20.0,0.0,Aston Martin/Racing Point/Force India
2023,6,Monaco Grand Prix,Alfa Romeo,BOT,15.0,11.0,0.0,Sauber/Alfa Romeo
2023,6,Monaco Grand Prix,Williams,SAR,16.0,18.0,0.0,Williams
2023,6,Monaco Grand Prix,Haas F1 Team,MAG,17.0,19.0,0.0,Haas
2023,6,Monaco Grand Prix,Haas F1 Team,HUL,18.0,17.0,0.0,Haas
2023,6,Monaco Grand Prix,Alfa Romeo,ZHO,19.0,13.0,0.0,Sauber/Alfa Romeo
2023,6,Monaco Grand Prix,Red Bull Racing,PER,20.0,16.0,0.0,Red Bull Racing
2023,7,Spanish Grand Prix,Red Bull Racing,VER,1.0,1.0,26.0,Red Bull Racing
2023,7,Spanish Grand Prix,Ferrari,SAI,2.0,5.0,10.0,Ferrari
2023,7,Spanish Grand Prix,McLaren,NOR,3.0,17.0,0.0,McLaren
2023,7,Spanish Grand Prix,Alpine,GAS,4.0,10.0,1.0,Alpine/Renault
2023,7,Spanish Grand Prix,Mercedes,HAM,5.0,2.0,18.0,Mercedes
2023,7,Spanish Grand Prix,Aston Martin,STR,6.0,6.0,8.0,Aston Martin/Racing Point/Force India
2023,7,Spanish Grand Prix,Alpine,OCO,7.0,8.0,4.0,Alpine/Renault
2023,7,Spanish Grand Prix,Haas F1 Team,HUL,8.0,15.0,0.0,Haas
2023,7,Spanish Grand Prix,Aston Martin,ALO,9.0,7.0,6.0,Aston Martin/Racing Point/Force India
2023,7,Spanish Grand Prix,McLaren,PIA,10.0,13.0,0.0,McLaren
2023,7,Spanish Grand Prix,Red Bull Racing,PER,11.0,4.0,12.0,Red Bull Racing
2023,7,Spanish Grand Prix,Mercedes,RUS,12.0,3.0,15.0,Mercedes
2023,7,Spanish Grand Prix,Alfa Romeo,ZHO,13.0,9.0,2.0,Sauber/Alfa Romeo
2023,7,Spanish Grand Prix,AlphaTauri,DEV,14.0,14.0,0.0,RB/AlphaTauri/Toro Rosso
2023,7,Spanish Grand Prix,AlphaTauri,TSU,15.0,12.0,0.0,RB/AlphaTauri/Toro Rosso
2023,7,Spanish Grand Prix,Alfa Romeo,BOT,16.0,19.0,0.0,Sauber/Alfa Romeo
2023,7,Spanish Grand Prix,Haas F1 Team,MAG,17.0,18.0,0.0,Haas
2023,7,Spanish Grand Prix,Williams,ALB,18.0,16.0,0.0,Williams
2023,7,Spanish Grand Prix,Ferrari,LEC,19.0,11.0,0.0,Ferrari
2023,7,Spanish Grand Prix,Williams,SAR,20.0,20.0,0.0,Williams
2023,8,Canadian Grand Prix,Red Bull Racing,VER,1.0,1.0,25.0,Red Bull Racing
2023,8,Canadian Grand Prix,Haas F1 Team,HUL,2.0,15.0,0.0,Haas
2023,8,Canadian Grand Prix,Aston Martin,ALO,3.0,2.0,18.0,Aston Martin/Racing Point/Force India
2023,8,Canadian Grand Prix,Mercedes,HAM,4.0,3.0,15.0,Mercedes
2023,8,Canadian Grand Prix,Mercedes,RUS,5.0,19.0,0.0,Mercedes
2023,8,Canadian Grand Prix,Alpine,OCO,6.0,8.0,4.0,Alpine/Renault
2023,8,Canadian Grand Prix,McLaren,NOR,7.0,13.0,0.0,McLaren
2023,8,Canadian Grand Prix,Ferrari,SAI,8.0,5.0,10.0,Ferrari
2023,8,Canadian Grand Prix,McLaren,PIA,9.0,11.0,0.0,McLaren
2023,8,Canadian Grand Prix,Williams,ALB,10.0,7.0,6.0,Williams
2023,8,Canadian Grand Prix,Ferrari,LEC,11.0,4.0,12.0,Ferrari
2023,8,Canadian Grand Prix,Red Bull Racing,PER,12.0,6.0,9.0,Red Bull Racing
2023,8,Canadian Grand Prix,Aston Martin,STR,13.0,9.0,2.0,Aston Martin/Racing Point/Force India
2023,8,Canadian Grand Prix,Haas F1 Team,MAG,14.0,17.0,0.0,Haas
2023,8,Canadian Grand Prix,Alfa Romeo,BOT,15.0,10.0,1.0,Sauber/Alfa Romeo
2023,8,Canadian Grand Prix,AlphaTauri,TSU,16.0,14.0,0.0,RB/AlphaTauri/Toro Rosso
2023,8,Canadian Grand Prix,Alpine,GAS,17.0,12.0,0.0,Alpine/Renault
2023,8,Canadian Grand Prix,AlphaTauri,DEV,18.0,18.0,0.0,RB/AlphaTauri/Toro Rosso
2023,8,Canadian Grand Prix,Williams,SAR,19.0,20.0,0.0,Williams
2023,8,Canadian Grand Prix,Alfa Romeo,ZHO,20.0,16.0,0.0,Sauber/Alfa Romeo
2023,9,Austrian Grand Prix,Red Bull Racing,VER,1.0,1.0,26.0,Red Bull Racing
2023,9,Austrian Grand Prix,Ferrari,LEC,2.0,2.0,18.0,Ferrari
2023,9,Austrian Grand Prix,Ferrari,SAI,3.0,6.0,8.0,Ferrari
2023,9,Austrian Grand Prix,McLaren,NOR,4.0,4.0,12.0,McLaren
2023,9,Austrian Grand Prix,Mercedes,HAM,5.0,8.0,4.0,Mercedes
2023,9,Austrian Grand Prix,Aston Martin,STR,6.0,9.0,2.0,Aston Martin/Racing Point/Force India
2023,9,Austrian Grand Prix,Aston Martin,ALO,7.0,5.0,10.0,Aston Martin/Racing Point/Force India
2023,9,Austrian Grand Prix,Haas F1 Team,HUL,8.0,20.0,0.0,Haas
2023,9,Austrian Grand Prix,Alpine,GAS,9.0,10.0,1.0,Alpine/Renault
2023,9,Austrian Grand Prix,Williams,ALB,10.0,11.0,0.0,Williams
2023,9,Austrian Grand Prix,Mercedes,RUS,11.0,7.0,6.0,Mercedes
2023,9,Austrian Grand Prix,Alpine,OCO,12.0,14.0,0.0,Alpine/Renault
2023,9,Austrian Grand Prix,McLaren,PIA,13.0,16.0,0.0,McLaren
2023,9,Austrian Grand Prix,Alfa Romeo,BOT,14.0,15.0,0.0,Sauber/Alfa Romeo
2023,9,Austrian Grand Prix,Red Bull Racing,PER,15.0,3.0,15.0,Red Bull Racing
2023,9,Austrian Grand Prix,AlphaTauri,TSU,16.0,19.0,0.0,RB/AlphaTauri/Toro Rosso
2023,9,Austrian Grand Prix,Alfa Romeo,ZHO,17.0,12.0,0.0,Sauber/Alfa Romeo
2023,9,Austrian Grand Prix,Williams,SAR,18.0,13.0,0.0,Williams
2023,9,Austrian Grand Prix,Haas F1 Team,MAG,19.0,18.0,0.0,Haas
2023,9,Austrian Grand Prix,AlphaTauri,DEV,20.0,17.0,0.0,RB/AlphaTauri/Toro Rosso
2023,10,British Grand Prix,Red Bull Racing,VER,1.0,1.0,26.0,Red Bull Racing
2023,10,British Grand Prix,McLaren,NOR,2.0,2.0,18.0,McLaren
2023,10,British Grand Prix,McLaren,PIA,3.0,4.0,12.0,McLaren
2023,10,British Grand Prix,Ferrari,LEC,4.0,9.0,2.0,Ferrari
2023,10,British Grand Prix,Ferrari,SAI,5.0,10.0,1.0,Ferrari
2023,10,British Grand Prix,Mercedes,RUS,6.0,5.0,10.0,Mercedes
2023,10,British Grand Prix,Mercedes,HAM,7.0,3.0,15.0,Mercedes
2023,10,British Grand Prix,Williams,ALB,8.0,8.0,4.0,Williams
2023,10,British Grand Prix,Aston Martin,ALO,9.0,7.0,6.0,Aston Martin/Racing Point/Force India
2023,10,British Grand Prix,Alpine,GAS,10.0,18.0,0.0,Alpine/Renault
2023,10,British Grand Prix,Haas F1 Team,HUL,11.0,13.0,0.0,Haas
2023,10,British Grand Prix,Aston Martin,STR,12.0,14.0,0.0,Aston Martin/Racing Point/Force India
2023,10,British Grand Prix,Alpine,OCO,13.0,20.0,0.0,Alpine/Renault
2023,10,British Grand Prix,Williams,SAR,14.0,11.0,0.0,Williams
2023,10,British Grand Prix,Alfa Romeo,BOT,15.0,12.0,0.0,Sauber/Alfa Romeo
2023,10,British Grand Prix,Red Bull Racing,PER,15.0,6.0,8.0,Red Bull Racing
2023,10,British Grand Prix,AlphaTauri,TSU,16.0,16.0,0.0,RB/AlphaTauri/Toro Rosso
2023,10,British Grand Prix,Alfa Romeo,ZHO,17.0,15.0,0.0,Sauber/Alfa Romeo
2023,10,British Grand Prix,AlphaTauri,DEV,18.0,17.0,0.0,RB/AlphaTauri/Toro Rosso
2023,10,British Grand Prix,Haas F1 Team,MAG,19.0,19.0,0.0,Haas
2023,11,Hungarian Grand Prix,Mercedes,HAM,1.0,4.0,12.0,Mercedes
2023,11,Hungarian Grand Prix,Red Bull Racing,VER,2.0,1.0,26.0,Red Bull Racing
2023,11,Hungarian Grand Prix,McLaren,NOR,3.0,2.0,18.0,McLaren
2023,11,Hungarian Grand Prix,McLaren,PIA,4.0,5.0,10.0,McLaren
2023,11,Hungarian Grand Prix,Alfa Romeo,ZHO,5.0,16.0,0.0,Sauber/Alfa Romeo
2023,11,Hungarian Grand Prix,Ferrari,LEC,6.0,7.0,6.0,Ferrari
2023,11,Hungarian Grand Prix,Alfa Romeo,BOT,7.0,12.0,0.0,Sauber/Alfa Romeo
2023,11,Hungarian Grand Prix,Aston Martin,ALO,8.0,9.0,2.0,Aston Martin/Racing Point/Force India
2023,11,Hungarian Grand Prix,Red Bull Racing,PER,9.0,3.0,15.0,Red Bull Racing
2023,11,Hungarian Grand Prix,Haas F1 Team,HUL,10.0,14.0,0.0,Haas
2023,11,Hungarian Grand Prix,Ferrari,SAI,11.0,8.0,4.0,Ferrari
2023,11,Hungarian Grand Prix,Alpine,OCO,12.0,19.0,0.0,Alpine/Renault
2023,11,Hungarian Grand Prix,AlphaTauri,RIC,13.0,13.0,0.0,RB/AlphaTauri/Toro Rosso
2023,11,Hungarian Grand Prix,Aston Martin,STR,14.0,10.0,1.0,Aston Martin/Racing Point/Force India
2023,11,Hungarian Grand Prix,Alpine,GAS,15.0,20.0,0.0,Alpine/Renault
2023,11,Hungarian Grand Prix,Williams,ALB,16.0,11.0,0.0,Williams
2023,11,Hungarian Grand Prix,AlphaTauri,TSU,17.0,15.0,0.0,RB/AlphaTauri/Toro Rosso
2023,11,Hungarian Grand Prix,Mercedes,RUS,18.0,6.0,8.0,Mercedes
2023,11,Hungarian Grand Prix,Haas F1 Team,MAG,19.0,17.0,0.0,Haas
2023,11,Hungarian Grand Prix,Williams,SAR,20.0,18.0,0.0,Williams
2023,12,Belgian Grand Prix,Red Bull Racing,VER,1.0,1.0,25.0,Red Bull Racing
2023,12,Belgian Grand Prix,Ferrari,LEC,2.0,3.0,15.0,Ferrari
2023,12,Belgian Grand Prix,Red Bull Racing,PER,3.0,2.0,18.0,Red Bull Racing
2023,12,Belgian Grand Prix,Mercedes,HAM,4.0,4.0,13.0,Mercedes
2023,12,Belgian Grand Prix,Ferrari,SAI,5.0,19.0,0.0,Ferrari
2023,12,Belgian Grand Prix,McLaren,PIA,6.0,20.0,0.0,McLaren
2023,12,Belgian Grand Prix,McLaren,NOR,7.0,7.0,6.0,McLaren
2023,12,Belgian Grand Prix,Mercedes,RUS,8.0,6.0,8.0,Mercedes
2023,12,Belgian Grand Prix,Aston Martin,ALO,9.0,5.0,10.0,Aston Martin/Racing Point/Force India
2023,12,Belgian Grand Prix,Aston Martin,STR,10.0,9.0,2.0,Aston Martin/Racing Point/Force India
2023,12,Belgian Grand Prix,AlphaTauri,TSU,11.0,10.0,1.0,RB/AlphaTauri/Toro Rosso
2023,12,Belgian Grand Prix,Alpine,GAS,12.0,11.0,0.0,Alpine/Renault
2023,12,Belgian Grand Prix,Haas F1 Team,MAG,13.0,15.0,0.0,Haas
2023,12,Belgian Grand Prix,Alfa Romeo,BOT,14.0,12.0,0.0,Sauber/Alfa Romeo
2023,12,Belgian Grand Prix,Alpine,OCO,15.0,8.0,4.0,Alpine/Renault
2023,12,Belgian Grand Prix,Williams,ALB,16.0,14.0,0.0,Williams
2023,12,Belgian Grand Prix,Alfa Romeo,ZHO,17.0,13.0,0.0,Sauber/Alfa Romeo
2023,12,Belgian Grand Prix,Williams,SAR,18.0,17.0,0.0,Williams
2023,12,Belgian Grand Prix,AlphaTauri,RIC,19.0,16.0,0.0,RB/AlphaTauri/Toro Rosso
2023,12,Belgian Grand Prix,Haas F1 Team,HUL,20.0,18.0,0.0,Haas
2023,13,Dutch Grand Prix,Red Bull Racing,VER,1.0,1.0,25.0,Red Bull Racing
2023,13,Dutch Grand Prix,McLaren,NOR,2.0,7.0,6.0,McLaren
2023,13,Dutch Grand Prix,Mercedes,RUS,3.0,17.0,0.0,Mercedes
2023,13,Dutch Grand Prix,Williams,ALB,4.0,8.0,4.0,Williams
2023,13,Dutch Grand Prix,Aston Martin,ALO,5.0,2.0,19.0,Aston Martin/Racing Point/Force India
2023,13,Dutch Grand Prix,Ferrari,SAI,6.0,5.0,10.0,Ferrari
2023,13,Dutch Grand Prix,Red Bull Racing,PER,7.0,4.0,12.0,Red Bull Racing
2023,13,Dutch Grand Prix,McLaren,PIA,8.0,9.0,2.0,McLaren
2023,13,Dutch Grand Prix,Ferrari,LEC,9.0,19.0,0.0,Ferrari
2023,13,Dutch Grand Prix,Williams,SAR,10.0,20.0,0.0,Williams
2023,13,Dutch Grand Prix,Aston Martin,STR,11.0,11.0,0.0,Aston Martin/Racing Point/Force India
2023,13,Dutch Grand Prix,Alpine,GAS,12.0,3.0,15.0,Alpine/Renault
2023,13,Dutch Grand Prix,Mercedes,HAM,13.0,6.0,8.0,Mercedes
2023,13,Dutch Grand Prix,AlphaTauri,TSU,14.0,15.0,0.0,RB/AlphaTauri/Toro Rosso
2023,13,Dutch Grand Prix,Haas F1 Team,HUL,15.0,12.0,0.0,Haas
2023,13,Dutch Grand Prix,Alfa Romeo,ZHO,16.0,18.0,0.0,Sauber/Alfa Romeo
2023,13,Dutch Grand Prix,Alpine,OCO,17.0,10.0,1.0,Alpine/Renault
2023,13,Dutch Grand Prix,Haas F1 Team,MAG,18.0,16.0,0.0,Haas
2023,13,Dutch Grand Prix,Alfa Romeo,BOT,19.0,14.0,0.0,Sauber/Alfa Romeo
2023,13,Dutch Grand Prix,AlphaTauri,LAW,20.0,13.0,0.0,RB/AlphaTauri/Toro Rosso
2023,14,Italian Grand Prix,Ferrari,SAI,1.0,3.0,15.0,Ferrari
2023,14,Italian Grand Prix,Red Bull Racing,VER,2.0,1.0,25.0,Red Bull Racing
2023,14,Italian Grand Prix,Ferrari,LEC,3.0,4.0,12.0,Ferrari
2023,14,Italian Grand Prix,Mercedes,RUS,4.0,5.0,10.0,Mercedes
2023,14,Italian Grand Prix,Red Bull Racing,PER,5.0,2.0,18.0,Red Bull Racing
2023,14,Italian Grand Prix,Williams,ALB,6.0,7.0,6.0,Williams
2023,14,Italian Grand Prix,McLaren,PIA,7.0,12.0,0.0,McLaren
2023,14,Italian Grand Prix,Mercedes,HAM,8.0,6.0,8.0,Mercedes
2023,14,Italian Grand Prix,McLaren,NOR,9.0,8.0,4.0,McLaren
2023,14,Italian Grand Prix,Aston Martin,ALO,10.0,9.0,2.0,Aston Martin/Racing Point/Force India
2023,14,Italian Grand Prix,AlphaTauri,TSU,11.0,20.0,0.0,RB/AlphaTauri/Toro Rosso
2023,14,Italian Grand Prix,AlphaTauri,LAW,12.0,11.0,0.0,RB/AlphaTauri/Toro Rosso
2023,14,Italian Grand Prix,Haas F1 Team,HUL,13.0,17.0,0.0,Haas
2023,14,Italian Grand Prix,Alfa Romeo,BOT,14.0,10.0,1.0,Sauber/Alfa Romeo
2023,14,Italian Grand Prix,Williams,SAR,15.0,13.0,0.0,Williams
2023,14,Italian Grand Prix,Alfa Romeo,ZHO,16.0,14.0,0.0,Sauber/Alfa Romeo
2023,14,Italian Grand Prix,Alpine,GAS,17.0,15.0,0.0,Alpine/Renault
2023,14,Italian Grand Prix,Alpine,OCO,18.0,19.0,0.0,Alpine/Renault
2023,14,Italian Grand Prix,Haas F1 Team,MAG,19.0,18.0,0.0,Haas
2023,14,Italian Grand Prix,Aston Martin,STR,20.0,16.0,0.0,Aston Martin/Racing Point/Force India
2023,15,Singapore Grand Prix,Ferrari,SAI,1.0,1.0,25.0,Ferrari
2023,15,Singapore Grand Prix,Mercedes,RUS,2.0,16.0,0.0,Mercedes
2023,15,Singapore Grand Prix,Ferrari,LEC,3.0,4.0,12.0,Ferrari
2023,15,Singapore Grand Prix,McLaren,NOR,4.0,2.0,18.0,McLaren
2023,15,Singapore Grand Prix,Mercedes,HAM,5.0,3.0,16.0,Mercedes
2023,15,Singapore Grand Prix,Haas F1 Team,MAG,6.0,10.0,1.0,Haas
2023,15,Singapore Grand Prix,Aston Martin,ALO,7.0,15.0,0.0,Aston Martin/Racing Point/Force India
2023,15,Singapore Grand Prix,Alpine,OCO,8.0,18.0,0.0,Alpine/Renault
2023,15,Singapore Grand Prix,Haas F1 Team,HUL,9.0,13.0,0.0,Haas
2023,15,Singapore Grand Prix,AlphaTauri,LAW,10.0,9.0,2.0,RB/AlphaTauri/Toro Rosso
2023,15,Singapore Grand Prix,Red Bull Racing,VER,11.0,5.0,10.0,Red Bull Racing
2023,15,Singapore Grand Prix,Alpine,GAS,12.0,6.0,8.0,Alpine/Renault
2023,15,Singapore Grand Prix,Red Bull Racing,PER,13.0,8.0,4.0,Red Bull Racing
2023,15,Singapore Grand Prix,Williams,ALB,14.0,11.0,0.0,Williams
2023,15,Singapore Grand Prix,AlphaTauri,TSU,15.0,19.0,0.0,RB/AlphaTauri/Toro Rosso
2023,15,Singapore Grand Prix,Alfa Romeo,BOT,16.0,17.0,0.0,Sauber/Alfa Romeo
2023,15,Singapore Grand Prix,McLaren,PIA,17.0,7.0,6.0,McLaren
2023,15,Singapore Grand Prix,Williams,SAR,18.0,14.0,0.0,Williams
2023,15,Singapore Grand Prix,Alfa Romeo,ZHO,19.0,12.0,0.0,Sauber/Alfa Romeo
2023,15,Singapore Grand Prix,Aston Martin,STR,20.0,,0.0,Aston Martin/Racing Point/Force India
2023,16,Japanese Grand Prix,Red Bull Racing,VER,1.0,1.0,26.0,Red Bull Racing
2023,16,Japanese Grand Prix,McLaren,PIA,2.0,3.0,15.0,McLaren
2023,16,Japanese Grand Prix,McLaren,NOR,3.0,2.0,18.0,McLaren
2023,16,Japanese Grand Prix,Ferrari,LEC,4.0,4.0,12.0,Ferrari
2023,16,Japanese Grand Prix,Red Bull Racing,PER,5.0,19.0,0.0,Red Bull Racing
2023,16,Japanese Grand Prix,Ferrari,SAI,6.0,6.0,8.0,Ferrari
2023,16,Japanese Grand Prix,Mercedes,HAM,7.0,5.0,10.0,Mercedes
2023,16,Japanese Grand Prix,Mercedes,RUS,8.0,7.0,6.0,Mercedes
2023,16,Japanese Grand Prix,AlphaTauri,TSU,9.0,12.0,0.0,RB/AlphaTauri/Toro Rosso
2023,16,Japanese Grand Prix,Aston Martin,ALO,10.0,8.0,4.0,Aston Martin/Racing Point/Force India
2023,16,Japanese Grand Prix,AlphaTauri,LAW,11.0,11.0,0.0,RB/AlphaTauri/Toro Rosso
2023,16,Japanese Grand Prix,Alpine,GAS,12.0,10.0,1.0,Alpine/Renault
2023,16,Japanese Grand Prix,Williams,ALB,13.0,16.0,0.0,Williams
2023,16,Japanese Grand Prix,Alpine,OCO,14.0,9.0,2.0,Alpine/Renault
2023,16,Japanese Grand Prix,Haas F1 Team,MAG,15.0,15.0,0.0,Haas
2023,16,Japanese Grand Prix,Alfa Romeo,BOT,16.0,20.0,0.0,Sauber/Alfa Romeo
2023,16,Japanese Grand Prix,Aston Martin,STR,17.0,18.0,0.0,Aston Martin/Racing Point/Force India
2023,16,Japanese Grand Prix,Haas F1 Team,HUL,18.0,14.0,0.0,Haas
2023,16,Japanese Grand Prix,Alfa Romeo,ZHO,19.0,13.0,0.0,Sauber/Alfa Romeo
2023,16,Japanese Grand Prix,Williams,SAR,20.0,17.0,0.0,Williams
2023,17,Qatar Grand Prix,Red Bull Racing,VER,1.0,1.0,26.0,Red Bull Racing
2023,17,Qatar Grand Prix,Mercedes,RUS,2.0,4.0,12.0,Mercedes
2023,17,Qatar Grand Prix,Mercedes,HAM,3.0,19.0,0.0,Mercedes
2023,17,Qatar Grand Prix,Aston Martin,ALO,4.0,6.0,8.0,Aston Martin/Racing Point/Force India
2023,17,Qatar Grand Prix,Ferrari,LEC,5.0,5.0,10.0,Ferrari
2023,17,Qatar Grand Prix,McLaren,PIA,6.0,2.0,18.0,McLaren
2023,17,Qatar Grand Prix,Alpine,GAS,7.0,12.0,0.0,Alpine/Renault
2023,17,Qatar Grand Prix,Alpine,OCO,8.0,7.0,6.0,Alpine/Renault
2023,17,Qatar Grand Prix,Alfa Romeo,BOT,9.0,8.0,4.0,Sauber/Alfa Romeo
2023,17,Qatar Grand Prix,McLaren,NOR,10.0,3.0,15.0,McLaren
2023,17,Qatar Grand Prix,AlphaTauri,TSU,11.0,15.0,0.0,RB/AlphaTauri/Toro Rosso
2023,17,Qatar Grand Prix,Ferrari,SAI,12.0,20.0,0.0,Ferrari
2023,17,Qatar Grand Prix,Red Bull Racing,PER,13.0,10.0,1.0,Red Bull Racing
2023,17,Qatar Grand Prix,Williams,ALB,14.0,13.0,0.0,Williams
2023,17,Qatar Grand Prix,Haas F1 Team,HUL,15.0,16.0,0.0,Haas
2023,17,Qatar Grand Prix,Williams,SAR,16.0,18.0,0.0,Williams
2023,17,Qatar Grand Prix,Aston Martin,STR,17.0,11.0,0.0,Aston Martin/Racing Point/Force India
2023,17,Qatar Grand Prix,AlphaTauri,LAW,18.0,17.0,0.0,RB/AlphaTauri/Toro Rosso
2023,17,Qatar Grand Prix,Haas F1 Team,MAG,19.0,14.0,0.0,Haas
2023,17,Qatar Grand Prix,Alfa Romeo,ZHO,20.0,9.0,2.0,Sauber/Alfa Romeo
2023,18,United States Grand Prix,Ferrari,LEC,1.0,20.0,0.0,Ferrari
2023,18,United States Grand Prix,McLaren,NOR,2.0,2.0,18.0,McLaren
2023,18,United States Grand Prix,Mercedes,HAM,3.0,19.0,0.0,Mercedes
2023,18,United States Grand Prix,Ferrari,SAI,4.0,3.0,15.0,Ferrari
2023,18,United States Grand Prix,Mercedes,RUS,5.0,5.0,10.0,Mercedes
2023,18,United States Grand Prix,Red Bull Racing,VER,6.0,1.0,25.0,Red Bull Racing
2023,18,United States Grand Prix,Alpine,GAS,7.0,6.0,8.0,Alpine/Renault
2023,18,United States Grand Prix,Alpine,OCO,8.0,18.0,0.0,Alpine/Renault
2023,18,United States Grand Prix,Red Bull Racing,PER,9.0,4.0,12.0,Red Bull Racing
2023,18,United States Grand Prix,McLaren,PIA,10.0,17.0,0.0,McLaren
2023,18,United States Grand Prix,AlphaTauri,TSU,11.0,8.0,5.0,RB/AlphaTauri/Toro Rosso
2023,18,United States Grand Prix,Alfa Romeo,ZHO,12.0,13.0,0.0,Sauber/Alfa Romeo
2023,18,United States Grand Prix,Alfa Romeo,BOT,13.0,12.0,0.0,Sauber/Alfa Romeo
2023,18,United States Grand Prix,Haas F1 Team,MAG,14.0,14.0,0.0,Haas
2023,18,United States Grand Prix,AlphaTauri,RIC,15.0,15.0,0.0,RB/AlphaTauri/Toro Rosso
2023,18,United States Grand Prix,Haas F1 Team,HUL,16.0,11.0,0.0,Haas
2023,18,United States Grand Prix,Aston Martin,ALO,17.0,16.0,0.0,Aston Martin/Racing Point/Force India
2023,18,United States Grand Prix,Williams,ALB,18.0,9.0,2.0,Williams
2023,18,United States Grand Prix,Aston Martin,STR,19.0,7.0,6.0,Aston Martin/Racing Point/Force India
2023,18,United States Grand Prix,Williams,SAR,20.0,10.0,1.0,Williams
2023,19,Mexico City Grand Prix,Ferrari,LEC,1.0,3.0,15.0,Ferrari
2023,19,Mexico City Grand Prix,Ferrari,SAI,2.0,4.0,12.0,Ferrari
2023,19,Mexico City Grand Prix,Red Bull Racing,VER,3.0,1.0,25.0,Red Bull Racing
2023,19,Mexico City Grand Prix,AlphaTauri,RIC,4.0,7.0,6.0,RB/AlphaTauri/Toro Rosso
2023,19,Mexico City Grand Prix,Red Bull Racing,PER,5.0,20.0,0.0,Red Bull Racing
2023,19,Mexico City Grand Prix,Mercedes,HAM,6.0,2.0,19.0,Mercedes
2023,19,Mexico City Grand Prix,McLaren,PIA,7.0,8.0,4.0,McLaren
2023,19,Mexico City Grand Prix,Mercedes,RUS,8.0,6.0,8.0,Mercedes
2023,19,Mexico City Grand Prix,Alfa Romeo,BOT,9.0,15.0,0.0,Sauber/Alfa Romeo
2023,19,Mexico City Grand Prix,Alfa Romeo,ZHO,10.0,14.0,0.0,Sauber/Alfa Romeo
2023,19,Mexico City Grand Prix,Alpine,GAS,11.0,11.0,0.0,Alpine/Renault
2023,19,Mexico City Grand Prix,Haas F1 Team,HUL,12.0,13.0,0.0,Haas
2023,19,Mexico City Grand Prix,Aston Martin,ALO,13.0,18.0,0.0,Aston Martin/Racing Point/Force India
2023,19,Mexico City Grand Prix,Williams,ALB,14.0,9.0,2.0,Williams
2023,19,Mexico City Grand Prix,AlphaTauri,TSU,15.0,12.0,0.0,RB/AlphaTauri/Toro Rosso
2023,19,Mexico City Grand Prix,Alpine,OCO,16.0,10.0,1.0,Alpine/Renault
2023,19,Mexico City Grand Prix,Haas F1 Team,MAG,17.0,19.0,0.0,Haas
2023,19,Mexico City Grand Prix,Aston Martin,STR,18.0,17.0,0.0,Aston Martin/Racing Point/Force India
2023,19,Mexico City Grand Prix,McLaren,NOR,19.0,5.0,10.0,McLaren
2023,19,Mexico City Grand Prix,Williams,SAR,20.0,16.0,0.0,Williams
2023,20,São Paulo Grand Prix,Red Bull Racing,VER,1.0,1.0,25.0,Red Bull Racing
2023,20,São Paulo Grand Prix,Ferrari,LEC,2.0,20.0,0.0,Ferrari
2023,20,São Paulo Grand Prix,Aston Martin,STR,3.0,5.0,10.0,Aston Martin/Racing Point/Force India
2023,20,São Paulo Grand Prix,Aston Martin,ALO,4.0,3.0,15.0,Aston Martin/Racing Point/Force India
2023,20,São Paulo Grand Prix,Mercedes,HAM,5.0,8.0,4.0,Mercedes
2023,20,São Paulo Grand Prix,Mercedes,RUS,6.0,15.0,0.0,Mercedes
2023,20,São Paulo Grand Prix,McLaren,NOR,7.0,2.0,19.0,McLaren
2023,20,São Paulo Grand Prix,Ferrari,SAI,8.0,6.0,8.0,Ferrari
2023,20,São Paulo Grand Prix,Red Bull Racing,PER,9.0,4.0,12.0,Red Bull Racing
2023,20,São Paulo Grand Prix,McLaren,PIA,10.0,14.0,0.0,McLaren
2023,20,São Paulo Grand Prix,Haas F1 Team,HUL,11.0,12.0,0.0,Haas
2023,20,São Paulo Grand Prix,Alpine,OCO,12.0,10.0,1.0,Alpine/Renault
2023,20,São Paulo Grand Prix,Alpine,GAS,13.0,7.0,6.0,Alpine/Renault
2023,20,São Paulo Grand Prix,Haas F1 Team,MAG,14.0,18.0,0.0,Haas
2023,20,São Paulo Grand Prix,Williams,ALB,15.0,19.0,0.0,Williams
2023,20,São Paulo Grand Prix,AlphaTauri,TSU,16.0,9.0,2.0,RB/AlphaTauri/Toro Rosso
2023,20,São Paulo Grand Prix,AlphaTauri,RIC,17.0,13.0,0.0,RB/AlphaTauri/Toro Rosso
2023,20,São Paulo Grand Prix,Alfa Romeo,BOT,18.0,16.0,0.0,Sauber/Alfa Romeo
2023,20,São Paulo Grand Prix,Williams,SAR,19.0,11.0,0.0,Williams
2023,20,São Paulo Grand Prix,Alfa Romeo,ZHO,20.0,17.0,0.0,Sauber/Alfa Romeo
2023,21,Las Vegas Grand Prix,Ferrari,LEC,1.0,2.0,18.0,Ferrari
2023,21,Las Vegas Grand Prix,Ferrari,SAI,2.0,6.0,8.0,Ferrari
2023,21,Las Vegas Grand Prix,Red Bull Racing,VER,3.0,1.0,25.0,Red Bull Racing
2023,21,Las Vegas Grand Prix,Mercedes,RUS,4.0,8.0,4.0,Mercedes
2023,21,Las Vegas Grand Prix,Alpine,GAS,5.0,11.0,0.0,Alpine/Renault
2023,21,Las Vegas Grand Prix,Williams,ALB,6.0,12.0,0.0,Williams
2023,21,Las Vegas Grand Prix,Williams,SAR,7.0,16.0,0.0,Williams
2023,21,Las Vegas Grand Prix,Alfa Romeo,BOT,8.0,17.0,0.0,Sauber/Alfa Romeo
2023,21,Las Vegas Grand Prix,Haas F1 Team,MAG,9.0,13.0,0.0,Haas
2023,21,Las Vegas Grand Prix,Aston Martin,ALO,10.0,9.0,2.0,Aston Martin/Racing Point/Force India
2023,21,Las Vegas Grand Prix,Mercedes,HAM,11.0,7.0,6.0,Mercedes
2023,21,Las Vegas Grand Prix,Red Bull Racing,PER,12.0,3.0,15.0,Red Bull Racing
2023,21,Las Vegas Grand Prix,Haas F1 Team,HUL,13.0,19.0,0.0,Haas
2023,21,Las Vegas Grand Prix,Aston Martin,STR,14.0,5.0,10.0,Aston Martin/Racing Point/Force India
2023,21,Las Vegas Grand Prix,AlphaTauri,RIC,15.0,14.0,0.0,RB/AlphaTauri/Toro Rosso
2023,21,Las Vegas Grand Prix,McLaren,NOR,16.0,20.0,0.0,McLaren
2023,21,Las Vegas Grand Prix,Alpine,OCO,17.0,4.0,12.0,Alpine/Renault
2023,21,Las Vegas Grand Prix,Alfa Romeo,ZHO,18.0,15.0,0.0,Sauber/Alfa Romeo
2023,21,Las Vegas Grand Prix,McLaren,PIA,19.0,10.0,2.0,McLaren
2023,21,Las Vegas Grand Prix,AlphaTauri,TSU,20.0,18.0,0.0,RB/AlphaTauri/Toro Rosso
2023,22,Abu Dhabi Grand Prix,Red Bull Racing,VER,1.0,1.0,26.0,Red Bull Racing
2023,22,Abu Dhabi Grand Prix,Ferrari,LEC,2.0,2.0,18.0,Ferrari
2023,22,Abu Dhabi Grand Prix,McLaren,PIA,3.0,6.0,8.0,McLaren
2023,22,Abu Dhabi Grand Prix,Mercedes,RUS,4.0,3.0,15.0,Mercedes
2023,22,Abu Dhabi Grand Prix,McLaren,NOR,5.0,5.0,10.0,McLaren
2023,22,Abu Dhabi Grand Prix,AlphaTauri,TSU,6.0,8.0,4.0,RB/AlphaTauri/Toro Rosso
2023,22,Abu Dhabi Grand Prix,Aston Martin,ALO,7.0,7.0,6.0,Aston Martin/Racing Point/Force India
2023,22,Abu Dhabi Grand Prix,Haas F1 Team,HUL,8.0,15.0,0.0,Haas
2023,22,Abu Dhabi Grand Prix,Red Bull Racing,PER,9.0,4.0,12.0,Red Bull Racing
2023,22,Abu Dhabi Grand Prix,Alpine,GAS,10.0,13.0,0.0,Alpine/Renault
2023,22,Abu Dhabi Grand Prix,Mercedes,HAM,11.0,9.0,2.0,Mercedes
2023,22,Abu Dhabi Grand Prix,Alpine,OCO,12.0,12.0,0.0,Alpine/Renault
2023,22,Abu Dhabi Grand Prix,Aston Martin,STR,13.0,10.0,1.0,Aston Martin/Racing Point/Force India
2023,22,Abu Dhabi Grand Prix,Williams,ALB,14.0,14.0,0.0,Williams
2023,22,Abu Dhabi Grand Prix,AlphaTauri,RIC,15.0,11.0,0.0,RB/AlphaTauri/Toro Rosso
2023,22,Abu Dhabi Grand Prix,Ferrari,SAI,16.0,18.0,0.0,Ferrari
2023,22,Abu Dhabi Grand Prix,Haas F1 Team,MAG,17.0,20.0,0.0,Haas
2023,22,Abu Dhabi Grand Prix,Alfa Romeo,BOT,18.0,19.0,0.0,Sauber/Alfa Romeo
2023,22,Abu Dhabi Grand Prix,Alfa Romeo,ZHO,19.0,17.0,0.0,Sauber/Alfa Romeo
2023,22,Abu Dhabi Grand Prix,Williams,SAR,20.0,16.0,0.0,Williams
2024,1,Bahrain Grand Prix,Red Bull Racing,VER,1.0,1.0,26.0,Red Bull Racing
2024,1,Bahrain Grand Prix,Ferrari,LEC,2.0,4.0,12.0,Ferrari
2024,1,Bahrain Grand Prix,Mercedes,RUS,3.0,5.0,10.0,Mercedes
2024,1,Bahrain Grand Prix,Ferrari,SAI,4.0,3.0,15.0,Ferrari
2024,1,Bahrain Grand Prix,Red Bull Racing,PER,5.0,2.0,18.0,Red Bull Racing
2024,1,Bahrain Grand Prix,Aston Martin,ALO,6.0,9.0,2.0,Aston Martin/Racing Point/Force India
2024,1,Bahrain Grand Prix,McLaren,NOR,7.0,6.0,8.0,McLaren
2024,1,Bahrain Grand Prix,McLaren,PIA,8.0,8.0,4.0,McLaren
2024,1,Bahrain Grand Prix,Mercedes,HAM,9.0,7.0,6.0,Mercedes
2024,1,Bahrain Grand Prix,Haas F1 Team,HUL,10.0,16.0,0.0,Haas
2024,1,Bahrain Grand Prix,RB,TSU,11.0,14.0,0.0,RB/AlphaTauri/Toro Rosso
2024,1,Bahrain Grand Prix,Aston Martin,STR,12.0,10.0,1.0,Aston Martin/Racing Point/Force India
2024,1,Bahrain Grand Prix,Williams,ALB,13.0,15.0,0.0,Williams
2024,1,Bahrain Grand Prix,RB,RIC,14.0,13.0,0.0,RB/AlphaTauri/Toro Rosso
2024,1,Bahrain Grand Prix,Haas F1 Team,MAG,15.0,12.0,0.0,Haas
2024,1,Bahrain Grand Prix,Kick Sauber,BOT,16.0,19.0,0.0,Sauber/Alfa Romeo
2024,1,Bahrain Grand Prix,Kick Sauber,ZHO,17.0,11.0,0.0,Sauber/Alfa Romeo
2024,1,Bahrain Grand Prix,Williams,SAR,18.0,20.0,0.0,Williams
2024,1,Bahrain Grand Prix,Alpine,OCO,19.0,17.0,0.0,Alpine/Renault
2024,1,Bahrain Grand Prix,Alpine,GAS,20.0,18.0,0.0,Alpine/Renault
2024,2,Saudi Arabian Grand Prix,Red Bull Racing,VER,1.0,1.0,25.0,Red Bull Racing
2024,2,Saudi Arabian Grand Prix,Ferrari,LEC,2.0,3.0,16.0,Ferrari
2024,2,Saudi Arabian Grand Prix,Red Bull Racing,PER,3.0,2.0,18.0,Red Bull Racing
2024,2,Saudi Arabian Grand Prix,Aston Martin,ALO,4.0,5.0,10.0,Aston Martin/Racing Point/Force India
2024,2,Saudi Arabian Grand Prix,McLaren,PIA,5.0,4.0,12.0,McLaren
2024,2,Saudi Arabian Grand Prix,McLaren,NOR,6.0,8.0,4.0,McLaren
2024,2,Saudi Arabian Grand Prix,Mercedes,RUS,7.0,6.0,8.0,Mercedes
2024,2,Saudi Arabian Grand Prix,Mercedes,HAM,8.0,9.0,2.0,Mercedes
2024,2,Saudi Arabian Grand Prix,RB,TSU,9.0,15.0,0.0,RB/AlphaTauri/Toro Rosso
2024,2,Saudi Arabian Grand Prix,Aston Martin,STR,10.0,19.0,0.0,Aston Martin/Racing Point/Force India
2024,2,Saudi Arabian Grand Prix,Ferrari,BEA,11.0,7.0,6.0,Ferrari
2024,2,Saudi Arabian Grand Prix,Williams,ALB,12.0,11.0,0.0,Williams
2024,2,Saudi Arabian Grand Prix,Haas F1 Team,MAG,13.0,12.0,0.0,Haas
2024,2,Saudi Arabian Grand Prix,RB,RIC,14.0,16.0,0.0,RB/AlphaTauri/Toro Rosso
2024,2,Saudi Arabian Grand Prix,Haas F1 Team,HUL,15.0,10.0,1.0,Haas
2024,2,Saudi Arabian Grand Prix,Kick Sauber,BOT,16.0,17.0,0.0,Sauber/Alfa Romeo
2024,2,Saudi Arabian Grand Prix,Alpine,OCO,17.0,13.0,0.0,Alpine/Renault
2024,2,Saudi Arabian Grand Prix,Alpine,GAS,18.0,20.0,0.0,Alpine/Renault
2024,2,Saudi Arabian Grand Prix,Williams,SAR,19.0,14.0,0.0,Williams
2024,2,Saudi Arabian Grand Prix,Kick Sauber,ZHO,20.0,18.0,0.0,Sauber/Alfa Romeo
2024,3,Australian Grand Prix,Red Bull Racing,VER,1.0,19.0,0.0,Red Bull Racing
2024,3,Australian Grand Prix,Ferrari,SAI,2.0,1.0,25.0,Ferrari
2024,3,Australian Grand Prix,Red Bull Racing,PER,3.0,5.0,10.0,Red Bull Racing
2024,3,Australian Grand Prix,McLaren,NOR,4.0,3.0,15.0,McLaren
2024,3,Australian Grand Prix,Ferrari,LEC,5.0,2.0,19.0,Ferrari
2024,3,Australian Grand Prix,McLaren,PIA,6.0,4.0,12.0,McLaren
2024,3,Australian Grand Prix,Mercedes,RUS,7.0,17.0,0.0,Mercedes
2024,3,Australian Grand Prix,RB,TSU,8.0,7.0,6.0,RB/AlphaTauri/Toro Rosso
2024,3,Australian Grand Prix,Aston Martin,STR,9.0,6.0,8.0,Aston Martin/Racing Point/Force India
2024,3,Australian Grand Prix,Aston Martin,ALO,10.0,8.0,4.0,Aston Martin/Racing Point/Force India
2024,3,Australian Grand Prix,Mercedes,HAM,11.0,18.0,0.0,Mercedes
2024,3,Australian Grand Prix,Williams,ALB,12.0,11.0,0.0,Williams
2024,3,Australian Grand Prix,Kick Sauber,BOT,13.0,14.0,0.0,Sauber/Alfa Romeo
2024,3,Australian Grand Prix,Haas F1 Team,MAG,14.0,10.0,1.0,Haas
2024,3,Australian Grand Prix,Alpine,OCO,15.0,16.0,0.0,Alpine/Renault
2024,3,Australian Grand Prix,Haas F1 Team,HUL,16.0,9.0,2.0,Haas
2024,3,Australian Grand Prix,Alpine,GAS,17.0,13.0,0.0,Alpine/Renault
2024,3,Australian Grand Prix,RB,RIC,18.0,12.0,0.0,RB/AlphaTauri/Toro Rosso
2024,3,Australian Grand Prix,Kick Sauber,ZHO,19.0,15.0,0.0,Sauber/Alfa Romeo
2024,4,Japanese Grand Prix,Red Bull Racing,VER,1.0,1.0,26.0,Red Bull Racing
2024,4,Japanese Grand Prix,Red Bull Racing,PER,2.0,2.0,18.0,Red Bull Racing
2024,4,Japanese Grand Prix,McLaren,NOR,3.0,5.0,10.0,McLaren
2024,4,Japanese Grand Prix,Ferrari,SAI,4.0,3.0,15.0,Ferrari
2024,4,Japanese Grand Prix,Aston Martin,ALO,5.0,6.0,8.0,Aston Martin/Racing Point/Force India
2024,4,Japanese Grand Prix,McLaren,PIA,6.0,8.0,4.0,McLaren
2024,4,Japanese Grand Prix,Mercedes,HAM,7.0,9.0,2.0,Mercedes
2024,4,Japanese Grand Prix,Ferrari,LEC,8.0,4.0,12.0,Ferrari
2024,4,Japanese Grand Prix,Mercedes,RUS,9.0,7.0,6.0,Mercedes
2024,4,Japanese Grand Prix,RB,TSU,10.0,10.0,1.0,RB/AlphaTauri/Toro Rosso
2024,4,Japanese Grand Prix,RB,RIC,11.0,19.0,0.0,RB/AlphaTauri/Toro Rosso
2024,4,Japanese Grand Prix,Haas F1 Team,HUL,12.0,11.0,0.0,Haas
2024,4,Japanese Grand Prix,Kick Sauber,BOT,13.0,14.0,0.0,Sauber/Alfa Romeo
2024,4,Japanese Grand Prix,Williams,ALB,14.0,20.0,0.0,Williams
2024,4,Japanese Grand Prix,Alpine,OCO,15.0,15.0,0.0,Alpine/Renault
2024,4,Japanese Grand Prix,Aston Martin,STR,16.0,12.0,0.0,Aston Martin/Racing Point/Force India
2024,4,Japanese Grand Prix,Alpine,GAS,17.0,16.0,0.0,Alpine/Renault
2024,4,Japanese Grand Prix,Haas F1 Team,MAG,18.0,13.0,0.0,Haas
2024,4,Japanese Grand Prix,Williams,SAR,19.0,17.0,0.0,Williams
2024,4,Japanese Grand Prix,Kick Sauber,ZHO,20.0,18.0,0.0,Sauber/Alfa Romeo
2024,5,Chinese Grand Prix,Red Bull Racing,VER,1.0,1.0,25.0,Red Bull Racing
2024,5,Chinese Grand Prix,Red Bull Racing,PER,2.0,3.0,15.0,Red Bull Racing
2024,5,Chinese Grand Prix,Aston Martin,ALO,3.0,7.0,7.0,Aston Martin/Racing Point/Force India
2024,5,Chinese Grand Prix,McLaren,NOR,4.0,2.0,18.0,McLaren
2024,5,Chinese Grand Prix,McLaren,PIA,5.0,8.0,4.0,McLaren
2024,5,Chinese Grand Prix,Ferrari,LEC,6.0,4.0,12.0,Ferrari
2024,5,Chinese Grand Prix,Ferrari,SAI,7.0,5.0,10.0,Ferrari
2024,5,Chinese Grand Prix,Mercedes,RUS,8.0,6.0,8.0,Mercedes
2024,5,Chinese Grand Prix,Haas F1 Team,HUL,9.0,10.0,1.0,Haas
2024,5,Chinese Grand Prix,Kick Sauber,BOT,10.0,20.0,0.0,Sauber/Alfa Romeo
2024,5,Chinese Grand Prix,Aston Martin,STR,11.0,15.0,0.0,Aston Martin/Racing Point/Force India
2024,5,Chinese Grand Prix,RB,RIC,12.0,18.0,0.0,RB/AlphaTauri/Toro Rosso
2024,5,Chinese Grand Prix,Alpine,OCO,13.0,11.0,0.0,Alpine/Renault
2024,5,Chinese Grand Prix,Williams,ALB,14.0,12.0,0.0,Williams
2024,5,Chinese Grand Prix,Alpine,GAS,15.0,13.0,0.0,Alpine/Renault
2024,5,Chinese Grand Prix,Kick Sauber,ZHO,16.0,14.0,0.0,Sauber/Alfa Romeo
2024,5,Chinese Grand Prix,Haas F1 Team,MAG,17.0,16.0,0.0,Haas
2024,5,Chinese Grand Prix,Mercedes,HAM,18.0,9.0,2.0,Mercedes
2024,5,Chinese Grand Prix,RB,TSU,19.0,19.0,0.0,RB/AlphaTauri/Toro Rosso
2024,5,Chinese Grand Prix,Williams,SAR,20.0,17.0,0.0,Williams
2024,6,Miami Grand Prix,Red Bull Racing,VER,1.0,2.0,18.0,Red Bull Racing
2024,6,Miami Grand Prix,Ferrari,LEC,2.0,3.0,15.0,Ferrari
2024,6,Miami Grand Prix,Ferrari,SAI,3.0,5.0,10.0,Ferrari
2024,6,Miami Grand Prix,Red Bull Racing,PER,4.0,4.0,12.0,Red Bull Racing
2024,6,Miami Grand Prix,McLaren,NOR,5.0,1.0,25.0,McLaren
2024,6,Miami Grand Prix,McLaren,PIA,6.0,13.0,0.0,McLaren
2024,6,Miami Grand Prix,Mercedes,RUS,7.0,8.0,4.0,Mercedes
2024,6,Miami Grand Prix,Mercedes,HAM,8.0,6.0,8.0,Mercedes
2024,6,Miami Grand Prix,Haas F1 Team,HUL,9.0,11.0,0.0,Haas
2024,6,Miami Grand Prix,RB,TSU,10.0,7.0,6.0,RB/AlphaTauri/Toro Rosso
2024,6,Miami Grand Prix,Aston Martin,STR,11.0,17.0,0.0,Aston Martin/Racing Point/Force India
2024,6,Miami Grand Prix,Alpine,GAS,12.0,12.0,0.0,Alpine/Renault
2024,6,Miami Grand Prix,Alpine,OCO,13.0,10.0,1.0,Alpine/Renault
2024,6,Miami Grand Prix,Williams,ALB,14.0,18.0,0.0,Williams
2024,6,Miami Grand Prix,Aston Martin,ALO,15.0,9.0,2.0,Aston Martin/Racing Point/Force India
2024,6,Miami Grand Prix,Kick Sauber,BOT,16.0,16.0,0.0,Sauber/Alfa Romeo
2024,6,Miami Grand Prix,Williams,SAR,17.0,20.0,0.0,Williams
2024,6,Miami Grand Prix,RB,RIC,18.0,15.0,0.0,RB/AlphaTauri/Toro Rosso
2024,6,Miami Grand Prix,Haas F1 Team,MAG,19.0,19.0,0.0,Haas
2024,6,Miami Grand Prix,Kick Sauber,ZHO,20.0,14.0,0.0,Sauber/Alfa Romeo
2024,7,Emilia Romagna Grand Prix,Red Bull Racing,VER,1.0,1.0,25.0,Red Bull Racing
2024,7,Emilia Romagna Grand Prix,McLaren,PIA,2.0,4.0,12.0,McLaren
2024,7,Emilia Romagna Grand Prix,McLaren,NOR,3.0,2.0,18.0,McLaren
2024,7,Emilia Romagna Grand Prix,Ferrari,LEC,4.0,3.0,15.0,Ferrari
2024,7,Emilia Romagna Grand Prix,Ferrari,SAI,5.0,5.0,10.0,Ferrari
2024,7,Emilia Romagna Grand Prix,Mercedes,RUS,6.0,7.0,7.0,Mercedes
2024,7,Emilia Romagna Grand Prix,RB,TSU,7.0,10.0,1.0,RB/AlphaTauri/Toro Rosso
2024,7,Emilia Romagna Grand Prix,Mercedes,HAM,8.0,6.0,8.0,Mercedes
2024,7,Emilia Romagna Grand Prix,RB,RIC,9.0,13.0,0.0,RB/AlphaTauri/Toro Rosso
2024,7,Emilia Romagna Grand Prix,Haas F1 Team,HUL,10.0,11.0,0.0,Haas
2024,7,Emilia Romagna Grand Prix,Red Bull Racing,PER,11.0,8.0,4.0,Red Bull Racing
2024,7,Emilia Romagna Grand Prix,Alpine,OCO,12.0,14.0,0.0,Alpine/Renault
2024,7,Emilia Romagna Grand Prix,Aston Martin,STR,13.0,9.0,2.0,Aston Martin/Racing Point/Force India
2024,7,Emilia Romagna Grand Prix,Williams,ALB,14.0,20.0,0.0,Williams
2024,7,Emilia Romagna Grand Prix,Alpine,GAS,15.0,16.0,0.0,Alpine/Renault
2024,7,Emilia Romagna Grand Prix,Kick Sauber,BOT,16.0,18.0,0.0,Sauber/Alfa Romeo
2024,7,Emilia Romagna Grand Prix,Kick Sauber,ZHO,17.0,15.0,0.0,Sauber/Alfa Romeo
2024,7,Emilia Romagna Grand Prix,Haas F1 Team,MAG,18.0,12.0,0.0,Haas
2024,7,Emilia Romagna Grand Prix,Aston Martin,ALO,19.0,19.0,0.0,Aston Martin/Racing Point/Force India
2024,7,Emilia Romagna Grand Prix,Williams,SAR,20.0,17.0,0.0,Williams
2024,8,Monaco Grand Prix,Ferrari,LEC,1.0,1.0,25.0,Ferrari
2024,8,Monaco Grand Prix,McLaren,PIA,2.0,2.0,18.0,McLaren
2024,8,Monaco Grand Prix,Ferrari,SAI,3.0,3.0,15.0,Ferrari
2024,8,Monaco Grand Prix,McLaren,NOR,4.0,4.0,12.0,McLaren
2024,8,Monaco Grand Prix,Mercedes,RUS,5.0,5.0,10.0,Mercedes
2024,8,Monaco Grand Prix,Red Bull Racing,VER,6.0,6.0,8.0,Red Bull Racing
2024,8,Monaco Grand Prix,Mercedes,HAM,7.0,7.0,7.0,Mercedes
2024,8,Monaco Grand Prix,RB,TSU,8.0,8.0,4.0,RB/AlphaTauri/Toro Rosso
2024,8,Monaco Grand Prix,Williams,ALB,9.0,9.0,2.0,Williams
2024,8,Monaco Grand Prix,Alpine,GAS,10.0,10.0,1.0,Alpine/Renault
2024,8,Monaco Grand Prix,Alpine,OCO,11.0,17.0,0.0,Alpine/Renault
2024,8,Monaco Grand Prix,RB,RIC,12.0,12.0,0.0,RB/AlphaTauri/Toro Rosso
2024,8,Monaco Grand Prix,Aston Martin,STR,13.0,14.0,0.0,Aston Martin/Racing Point/Force India
2024,8,Monaco Grand Prix,Aston Martin,ALO,14.0,11.0,0.0,Aston Martin/Racing Point/Force India
2024,8,Monaco Grand Prix,Haas F1 Team,HUL,14.0,19.0,0.0,Haas
2024,8,Monaco Grand Prix,Haas F1 Team,MAG,15.0,20.0,0.0,Haas
2024,8,Monaco Grand Prix,Williams,SAR,15.0,15.0,0.0,Williams
2024,8,Monaco Grand Prix,Red Bull Racing,PER,16.0,18.0,0.0,Red Bull Racing
2024,8,Monaco Grand Prix,Kick Sauber,BOT,17.0,13.0,0.0,Sauber/Alfa Romeo
2024,8,Monaco Grand Prix,Kick Sauber,ZHO,18.0,16.0,0.0,Sauber/Alfa Romeo
2024,9,Canadian Grand Prix,Mercedes,RUS,1.0,3.0,15.0,Mercedes
2024,9,Canadian Grand Prix,Red Bull Racing,VER,2.0,1.0,25.0,Red Bull Racing
2024,9,Canadian Grand Prix,McLaren,NOR,3.0,2.0,18.0,McLaren
2024,9,Canadian Grand Prix,McLaren,PIA,4.0,5.0,10.0,McLaren
2024,9,Canadian Grand Prix,RB,RIC,5.0,8.0,4.0,RB/AlphaTauri/Toro Rosso
2024,9,Canadian Grand Prix,Aston Martin,ALO,6.0,6.0,8.0,Aston Martin/Racing Point/Force India
2024,9,Canadian Grand Prix,Mercedes,HAM,7.0,4.0,13.0,Mercedes
2024,9,Canadian Grand Prix,RB,TSU,8.0,14.0,0.0,RB/AlphaTauri/Toro Rosso
2024,9,Canadian Grand Prix,Aston Martin,STR,9.0,7.0,6.0,Aston Martin/Racing Point/Force India
2024,9,Canadian Grand Prix,Williams,ALB,10.0,17.0,0.0,Williams
2024,9,Canadian Grand Prix,Ferrari,LEC,11.0,19.0,0.0,Ferrari
2024,9,Canadian Grand Prix,Ferrari,SAI,12.0,16.0,0.0,Ferrari
2024,9,Canadian Grand Prix,Williams,SAR,13.0,20.0,0.0,Williams
2024,9,Canadian Grand Prix,Haas F1 Team,MAG,14.0,12.0,0.0,Haas
2024,9,Canadian Grand Prix,Alpine,GAS,15.0,9.0,2.0,Alpine/Renault
2024,9,Canadian Grand Prix,Red Bull Racing,PER,16.0,18.0,0.0,Red Bull Racing
2024,9,Canadian Grand Prix,Kick Sauber,BOT,17.0,13.0,0.0,Sauber/Alfa Romeo
2024,9,Canadian Grand Prix,Alpine,OCO,18.0,10.0,1.0,Alpine/Renault
2024,9,Canadian Grand Prix,Haas F1 Team,HUL,19.0,11.0,0.0,Haas
2024,9,Canadian Grand Prix,Kick Sauber,ZHO,20.0,15.0,0.0,Sauber/Alfa Romeo
2024,10,Spanish Grand Prix,McLaren,NOR,1.0,2.0,19.0,McLaren
2024,10,Spanish Grand Prix,Red Bull Racing,VER,2.0,1.0,25.0,Red Bull Racing
2024,10,Spanish Grand Prix,Mercedes,HAM,3.0,3.0,15.0,Mercedes
2024,10,Spanish Grand Prix,Mercedes,RUS,4.0,4.0,12.0,Mercedes
2024,10,Spanish Grand Prix,Ferrari,LEC,5.0,5.0,10.0,Ferrari
2024,10,Spanish Grand Prix,Ferrari,SAI,6.0,6.0,8.0,Ferrari
2024,10,Spanish Grand Prix,Alpine,GAS,7.0,9.0,2.0,Alpine/Renault
2024,10,Spanish Grand Prix,Red Bull Racing,PER,8.0,8.0,4.0,Red Bull Racing
2024,10,Spanish Grand Prix,Alpine,OCO,9.0,10.0,1.0,Alpine/Renault
2024,10,Spanish Grand Prix,McLaren,PIA,10.0,7.0,6.0,McLaren
2024,10,Spanish Grand Prix,Aston Martin,ALO,11.0,12.0,0.0,Aston Martin/Racing Point/Force India
2024,10,Spanish Grand Prix,Kick Sauber,BOT,12.0,16.0,0.0,Sauber/Alfa Romeo
2024,10,Spanish Grand Prix,Haas F1 Team,HUL,13.0,11.0,0.0,Haas
2024,10,Spanish Grand Prix,Aston Martin,STR,14.0,14.0,0.0,Aston Martin/Racing Point/Force India
2024,10,Spanish Grand Prix,Kick Sauber,ZHO,15.0,13.0,0.0,Sauber/Alfa Romeo
2024,10,Spanish Grand Prix,Haas F1 Team,MAG,16.0,17.0,0.0,Haas
2024,10,Spanish Grand Prix,RB,TSU,17.0,19.0,0.0,RB/AlphaTauri/Toro Rosso
2024,10,Spanish Grand Prix,RB,RIC,18.0,15.0,0.0,RB/AlphaTauri/Toro Rosso
2024,10,Spanish Grand Prix,Williams,ALB,19.0,18.0,0.0,Williams
2024,10,Spanish Grand Prix,Williams,SAR,20.0,20.0,0.0,Williams
2024,11,Austrian Grand Prix,Red Bull Racing,VER,1.0,5.0,10.0,Red Bull Racing
2024,11,Austrian Grand Prix,McLaren,NOR,2.0,20.0,0.0,McLaren
2024,11,Austrian Grand Prix,Mercedes,RUS,3.0,1.0,25.0,Mercedes
2024,11,Austrian Grand Prix,Ferrari,SAI,4.0,3.0,15.0,Ferrari
2024,11,Austrian Grand Prix,Mercedes,HAM,5.0,4.0,12.0,Mercedes
2024,11,Austrian Grand Prix,Ferrari,LEC,6.0,11.0,0.0,Ferrari
2024,11,Austrian Grand Prix,McLaren,PIA,7.0,2.0,18.0,McLaren
2024,11,Austrian Grand Prix,Red Bull Racing,PER,8.0,7.0,6.0,Red Bull Racing
2024,11,Austrian Grand Prix,Haas F1 Team,HUL,9.0,6.0,8.0,Haas
2024,11,Austrian Grand Prix,Alpine,OCO,10.0,12.0,0.0,Alpine/Renault
2024,11,Austrian Grand Prix,RB,RIC,11.0,9.0,2.0,RB/AlphaTauri/Toro Rosso
2024,11,Austrian Grand Prix,Haas F1 Team,MAG,12.0,8.0,4.0,Haas
2024,11,Austrian Grand Prix,Alpine,GAS,13.0,10.0,1.0,Alpine/Renault
2024,11,Austrian Grand Prix,RB,TSU,14.0,14.0,0.0,RB/AlphaTauri/Toro Rosso
2024,11,Austrian Grand Prix,Aston Martin,ALO,15.0,18.0,0.0,Aston Martin/Racing Point/Force India
2024,11,Austrian Grand Prix,Williams,ALB,16.0,15.0,0.0,Williams
2024,11,Austrian Grand Prix,Aston Martin,STR,17.0,13.0,0.0,Aston Martin/Racing Point/Force India
2024,11,Austrian Grand Prix,Kick Sauber,BOT,18.0,16.0,0.0,Sauber/Alfa Romeo
2024,11,Austrian Grand Prix,Williams,SAR,19.0,19.0,0.0,Williams
2024,11,Austrian Grand Prix,Kick Sauber,ZHO,20.0,17.0,0.0,Sauber/Alfa Romeo
2024,12,British Grand Prix,Mercedes,RUS,1.0,19.0,0.0,Mercedes
2024,12,British Grand Prix,Mercedes,HAM,2.0,1.0,25.0,Mercedes
2024,12,British Grand Prix,McLaren,NOR,3.0,3.0,15.0,McLaren
2024,12,British Grand Prix,Red Bull Racing,VER,4.0,2.0,18.0,Red Bull Racing
2024,12,British Grand Prix,McLaren,PIA,5.0,4.0,12.0,McLaren
2024,12,British Grand Prix,Haas F1 Team,HUL,6.0,6.0,8.0,Haas
2024,12,British Grand Prix,Ferrari,SAI,7.0,5.0,11.0,Ferrari
2024,12,British Grand Prix,Aston Martin,STR,8.0,7.0,6.0,Aston Martin/Racing Point/Force India
2024,12,British Grand Prix,Williams,ALB,9.0,9.0,2.0,Williams
2024,12,British Grand Prix,Aston Martin,ALO,10.0,8.0,4.0,Aston Martin/Racing Point/Force India
2024,12,British Grand Prix,Ferrari,LEC,11.0,14.0,0.0,Ferrari
2024,12,British Grand Prix,Williams,SAR,12.0,11.0,0.0,Williams
2024,12,British Grand Prix,RB,TSU,13.0,10.0,1.0,RB/AlphaTauri/Toro Rosso
2024,12,British Grand Prix,Kick Sauber,ZHO,14.0,18.0,0.0,Sauber/Alfa Romeo
2024,12,British Grand Prix,RB,RIC,15.0,13.0,0.0,RB/AlphaTauri/Toro Rosso
2024,12,British Grand Prix,Kick Sauber,BOT,16.0,15.0,0.0,Sauber/Alfa Romeo
2024,12,British Grand Prix,Haas F1 Team,MAG,17.0,12.0,0.0,Haas
2024,12,British Grand Prix,Alpine,OCO,18.0,16.0,0.0,Alpine/Renault
2024,12,British Grand Prix,Red Bull Racing,PER,19.0,17.0,0.0,Red Bull Racing
2024,12,British Grand Prix,Alpine,GAS,20.0,20.0,0.0,Alpine/Renault
2024,13,Hungarian Grand Prix,McLaren,NOR,1.0,2.0,18.0,McLaren
2024,13,Hungarian Grand Prix,McLaren,PIA,2.0,1.0,25.0,McLaren
2024,13,Hungarian Grand Prix,Red Bull Racing,VER,3.0,5.0,10.0,Red Bull Racing
2024,13,Hungarian Grand Prix,Ferrari,SAI,4.0,6.0,8.0,Ferrari
2024,13,Hungarian Grand Prix,Mercedes,HAM,5.0,3.0,15.0,Mercedes
2024,13,Hungarian Grand Prix,Ferrari,LEC,6.0,4.0,12.0,Ferrari
2024,13,Hungarian Grand Prix,Aston Martin,ALO,7.0,11.0,0.0,Aston Martin/Racing Point/Force India
2024,13,Hungarian Grand Prix,Aston Martin,STR,8.0,10.0,1.0,Aston Martin/Racing Point/Force India
2024,13,Hungarian Grand Prix,RB,RIC,9.0,12.0,0.0,RB/AlphaTauri/Toro Rosso
2024,13,Hungarian Grand Prix,RB,TSU,10.0,9.0,2.0,RB/AlphaTauri/Toro Rosso
2024,13,Hungarian Grand Prix,Haas F1 Team,HUL,11.0,13.0,0.0,Haas
2024,13,Hungarian Grand Prix,Kick Sauber,BOT,12.0,16.0,0.0,Sauber/Alfa Romeo
2024,13,Hungarian Grand Prix,Williams,ALB,13.0,14.0,0.0,Williams
2024,13,Hungarian Grand Prix,Williams,SAR,14.0,17.0,0.0,Williams
2024,13,Hungarian Grand Prix,Haas F1 Team,MAG,15.0,15.0,0.0,Haas
2024,13,Hungarian Grand Prix,Red Bull Racing,PER,16.0,7.0,6.0,Red Bull Racing
2024,13,Hungarian Grand Prix,Mercedes,RUS,17.0,8.0,5.0,Mercedes
2024,13,Hungarian Grand Prix,Kick Sauber,ZHO,18.0,19.0,0.0,Sauber/Alfa Romeo
2024,13,Hungarian Grand Prix,Alpine,OCO,19.0,18.0,0.0,Alpine/Renault
2024,13,Hungarian Grand Prix,Alpine,GAS,20.0,20.0,0.0,Alpine/Renault
2024,14,Belgian Grand Prix,Red Bull Racing,VER,1.0,4.0,12.0,Red Bull Racing
2024,14,Belgian Grand Prix,Ferrari,LEC,2.0,3.0,15.0,Ferrari
2024,14,Belgian Grand Prix,Red Bull Racing,PER,3.0,7.0,7.0,Red Bull Racing
2024,14,Belgian Grand Prix,Mercedes,HAM,4.0,1.0,25.0,Mercedes
2024,14,Belgian Grand Prix,McLaren,NOR,5.0,5.0,10.0,McLaren
2024,14,Belgian Grand Prix,McLaren,PIA,6.0,2.0,18.0,McLaren
2024,14,Belgian Grand Prix,Mercedes,RUS,7.0,20.0,0.0,Mercedes
2024,14,Belgian Grand Prix,Ferrari,SAI,8.0,6.0,8.0,Ferrari
2024,14,Belgian Grand Prix,Aston Martin,ALO,9.0,8.0,4.0,Aston Martin/Racing Point/Force India
2024,14,Belgian Grand Prix,Alpine,OCO,10.0,9.0,2.0,Alpine/Renault
2024,14,Belgian Grand Prix,Williams,ALB,11.0,12.0,0.0,Williams
2024,14,Belgian Grand Prix,Alpine,GAS,12.0,13.0,0.0,Alpine/Renault
2024,14,Belgian Grand Prix,RB,RIC,13.0,10.0,1.0,RB/AlphaTauri/Toro Rosso
2024,14,Belgian Grand Prix,Kick Sauber,BOT,14.0,15.0,0.0,Sauber/Alfa Romeo
2024,14,Belgian Grand Prix,Aston Martin,STR,15.0,11.0,0.0,Aston Martin/Racing Point/Force India
2024,14,Belgian Grand Prix,Haas F1 Team,HUL,16.0,18.0,0.0,Haas
2024,14,Belgian Grand Prix,Haas F1 Team,MAG,17.0,14.0,0.0,Haas
2024,14,Belgian Grand Prix,RB,TSU,18.0,16.0,0.0,RB/AlphaTauri/Toro Rosso
2024,14,Belgian Grand Prix,Williams,SAR,19.0,17.0,0.0,Williams
2024,14,Belgian Grand Prix,Kick Sauber,ZHO,20.0,19.0,0.0,Sauber/Alfa Romeo
2024,15,Dutch Grand Prix,McLaren,NOR,1.0,1.0,26.0,McLaren
2024,15,Dutch Grand Prix,Red Bull Racing,VER,2.0,2.0,18.0,Red Bull Racing
2024,15,Dutch Grand Prix,McLaren,PIA,3.0,4.0,12.0,McLaren
2024,15,Dutch Grand Prix,Mercedes,RUS,4.0,7.0,6.0,Mercedes
2024,15,Dutch Grand Prix,Red Bull Racing,PER,5.0,6.0,8.0,Red Bull Racing
2024,15,Dutch Grand Prix,Ferrari,LEC,6.0,3.0,15.0,Ferrari
2024,15,Dutch Grand Prix,Aston Martin,ALO,7.0,10.0,1.0,Aston Martin/Racing Point/Force India
2024,15,Dutch Grand Prix,Aston Martin,STR,8.0,13.0,0.0,Aston Martin/Racing Point/Force India
2024,15,Dutch Grand Prix,Alpine,GAS,9.0,9.0,2.0,Alpine/Renault
2024,15,Dutch Grand Prix,Williams,ALB,10.0,14.0,0.0,Williams
2024,15,Dutch Grand Prix,Ferrari,SAI,10.0,5.0,10.0,Ferrari
2024,15,Dutch Grand Prix,Mercedes,HAM,11.0,8.0,4.0,Mercedes
2024,15,Dutch Grand Prix,RB,TSU,12.0,17.0,0.0,RB/AlphaTauri/Toro Rosso
2024,15,Dutch Grand Prix,Haas F1 Team,HUL,13.0,11.0,0.0,Haas
2024,15,Dutch Grand Prix,Haas F1 Team,MAG,14.0,18.0,0.0,Haas
2024,15,Dutch Grand Prix,RB,RIC,15.0,12.0,0.0,RB/AlphaTauri/Toro Rosso
2024,15,Dutch Grand Prix,Alpine,OCO,16.0,15.0,0.0,Alpine/Renault
2024,15,Dutch Grand Prix,Kick Sauber,BOT,17.0,19.0,0.0,Sauber/Alfa Romeo
2024,15,Dutch Grand Prix,Kick Sauber,ZHO,18.0,20.0,0.0,Sauber/Alfa Romeo
2024,15,Dutch Grand Prix,Williams,SAR,20.0,16.0,0.0,Williams
2024,16,Italian Grand Prix,McLaren,NOR,1.0,3.0,16.0,McLaren
2024,16,Italian Grand Prix,McLaren,PIA,2.0,2.0,18.0,McLaren
2024,16,Italian Grand Prix,Mercedes,RUS,3.0,7.0,6.0,Mercedes
2024,16,Italian Grand Prix,Ferrari,LEC,4.0,1.0,25.0,Ferrari
2024,16,Italian Grand Prix,Ferrari,SAI,5.0,4.0,12.0,Ferrari
2024,16,Italian Grand Prix,Mercedes,HAM,6.0,5.0,10.0,Mercedes
2024,16,Italian Grand Prix,Red Bull Racing,VER,7.0,6.0,8.0,Red Bull Racing
2024,16,Italian Grand Prix,Red Bull Racing,PER,8.0,8.0,4.0,Red Bull Racing
2024,16,Italian Grand Prix,Williams,ALB,9.0,9.0,2.0,Williams
2024,16,Italian Grand Prix,Haas F1 Team,HUL,10.0,17.0,0.0,Haas
2024,16,Italian Grand Prix,Aston Martin,ALO,11.0,11.0,0.0,Aston Martin/Racing Point/Force India
2024,16,Italian Grand Prix,RB,RIC,12.0,13.0,0.0,RB/AlphaTauri/Toro Rosso
2024,16,Italian Grand Prix,Haas F1 Team,MAG,13.0,10.0,1.0,Haas
2024,16,Italian Grand Prix,Alpine,GAS,14.0,15.0,0.0,Alpine/Renault
2024,16,Italian Grand Prix,Alpine,OCO,15.0,14.0,0.0,Alpine/Renault
2024,16,Italian Grand Prix,RB,TSU,16.0,20.0,0.0,RB/AlphaTauri/Toro Rosso
2024,16,Italian Grand Prix,Aston Martin,STR,17.0,19.0,0.0,Aston Martin/Racing Point/Force India
2024,16,Italian Grand Prix,Williams,COL,18.0,12.0,0.0,Williams
2024,16,Italian Grand Prix,Kick Sauber,BOT,19.0,16.0,0.0,Sauber/Alfa Romeo
2024,16,Italian Grand Prix,Kick Sauber,ZHO,20.0,18.0,0.0,Sauber/Alfa Romeo
2024,17,Azerbaijan Grand Prix,Ferrari,LEC,1.0,2.0,18.0,Ferrari
2024,17,Azerbaijan Grand Prix,McLaren,PIA,2.0,1.0,25.0,McLaren
2024,17,Azerbaijan Grand Prix,Ferrari,SAI,3.0,18.0,0.0,Ferrari
2024,17,Azerbaijan Grand Prix,Red Bull Racing,PER,4.0,17.0,0.0,Red Bull Racing
2024,17,Azerbaijan Grand Prix,Mercedes,RUS,5.0,3.0,15.0,Mercedes
2024,17,Azerbaijan Grand Prix,Red Bull Racing,VER,6.0,5.0,10.0,Red Bull Racing
2024,17,Azerbaijan Grand Prix,Mercedes,HAM,7.0,9.0,2.0,Mercedes
2024,17,Azerbaijan Grand Prix,Aston Martin,ALO,8.0,6.0,8.0,Aston Martin/Racing Point/Force India
2024,17,Azerbaijan Grand Prix,Williams,COL,9.0,8.0,4.0,Williams
2024,17,Azerbaijan Grand Prix,Williams,ALB,10.0,7.0,6.0,Williams
2024,17,Azerbaijan Grand Prix,Haas F1 Team,BEA,11.0,10.0,1.0,Haas
2024,17,Azerbaijan Grand Prix,RB,TSU,12.0,20.0,0.0,RB/AlphaTauri/Toro Rosso
2024,17,Azerbaijan Grand Prix,Haas F1 Team,HUL,13.0,11.0,0.0,Haas
2024,17,Azerbaijan Grand Prix,Aston Martin,STR,14.0,19.0,0.0,Aston Martin/Racing Point/Force India
2024,17,Azerbaijan Grand Prix,Alpine,GAS,15.0,12.0,0.0,Alpine/Renault
2024,17,Azerbaijan Grand Prix,RB,RIC,15.0,13.0,0.0,RB/AlphaTauri/Toro Rosso
2024,17,Azerbaijan Grand Prix,McLaren,NOR,16.0,4.0,13.0,McLaren
2024,17,Azerbaijan Grand Prix,Kick Sauber,BOT,17.0,16.0,0.0,Sauber/Alfa Romeo
2024,17,Azerbaijan Grand Prix,Kick Sauber,ZHO,18.0,14.0,0.0,Sauber/Alfa Romeo
2024,17,Azerbaijan Grand Prix,Alpine,OCO,19.0,15.0,0.0,Alpine/Renault
2024,18,Singapore Grand Prix,McLaren,NOR,1.0,1.0,25.0,McLaren
2024,18,Singapore Grand Prix,Red Bull Racing,VER,2.0,2.0,18.0,Red Bull Racing
2024,18,Singapore Grand Prix,Mercedes,HAM,3.0,6.0,8.0,Mercedes
2024,18,Singapore Grand Prix,Mercedes,RUS,4.0,4.0,12.0,Mercedes
2024,18,Singapore Grand Prix,McLaren,PIA,5.0,3.0,15.0,McLaren
2024,18,Singapore Grand Prix,Haas F1 Team,HUL,6.0,9.0,2.0,Haas
2024,18,Singapore Grand Prix,Aston Martin,ALO,7.0,8.0,4.0,Aston Martin/Racing Point/Force India
2024,18,Singapore Grand Prix,RB,TSU,8.0,12.0,0.0,RB/AlphaTauri/Toro Rosso
2024,18,Singapore Grand Prix,Ferrari,LEC,9.0,5.0,10.0,Ferrari
2024,18,Singapore Grand Prix,Ferrari,SAI,10.0,7.0,6.0,Ferrari
2024,18,Singapore Grand Prix,Williams,ALB,11.0,20.0,0.0,Williams
2024,18,Singapore Grand Prix,Williams,COL,12.0,11.0,0.0,Williams
2024,18,Singapore Grand Prix,Red Bull Racing,PER,13.0,10.0,1.0,Red Bull Racing
2024,18,Singapore Grand Prix,Haas F1 Team,MAG,14.0,19.0,0.0,Haas
2024,18,Singapore Grand Prix,Alpine,OCO,15.0,13.0,0.0,Alpine/Renault
2024,18,Singapore Grand Prix,RB,RIC,16.0,18.0,0.0,RB/AlphaTauri/Toro Rosso
2024,18,Singapore Grand Prix,Aston Martin,STR,17.0,14.0,0.0,Aston Martin/Racing Point/Force India
2024,18,Singapore Grand Prix,Alpine,GAS,18.0,17.0,0.0,Alpine/Renault
2024,18,Singapore Grand Prix,Kick Sauber,BOT,19.0,16.0,0.0,Sauber/Alfa Romeo
2024,18,Singapore Grand Prix,Kick Sauber,ZHO,20.0,15.0,0.0,Sauber/Alfa Romeo
2024,19,United States Grand Prix,McLaren,NOR,1.0,4.0,12.0,McLaren
2024,19,United States Grand Prix,Red Bull Racing,VER,2.0,3.0,15.0,Red Bull Racing
2024,19,United States Grand Prix,Ferrari,SAI,3.0,2.0,18.0,Ferrari
2024,19,United States Grand Prix,Ferrari,LEC,4.0,1.0,25.0,Ferrari
2024,19,United States Grand Prix,McLaren,PIA,5.0,5.0,10.0,McLaren
2024,19,United States Grand Prix,Mercedes,RUS,6.0,6.0,8.0,Mercedes
2024,19,United States Grand Prix,Alpine,GAS,7.0,12.0,0.0,Alpine/Renault
2024,19,United States Grand Prix,Aston Martin,ALO,8.0,13.0,0.0,Aston Martin/Racing Point/Force India
2024,19,United States Grand Prix,Haas F1 Team,MAG,9.0,11.0,0.0,Haas
2024,19,United States Grand Prix,Red Bull Racing,PER,10.0,7.0,6.0,Red Bull Racing
2024,19,United States Grand Prix,RB,TSU,11.0,14.0,0.0,RB/AlphaTauri/Toro Rosso
2024,19,United States Grand Prix,Haas F1 Team,HUL,12.0,8.0,4.0,Haas
2024,19,United States Grand Prix,Alpine,OCO,13.0,18.0,0.0,Alpine/Renault
2024,19,United States Grand Prix,Aston Martin,STR,14.0,15.0,0.0,Aston Martin/Racing Point/Force India
2024,19,United States Grand Prix,RB,LAW,15.0,9.0,2.0,RB/AlphaTauri/Toro Rosso
2024,19,United States Grand Prix,Williams,ALB,16.0,16.0,0.0,Williams
2024,19,United States Grand Prix,Williams,COL,17.0,10.0,1.0,Williams
2024,19,United States Grand Prix,Kick Sauber,BOT,18.0,17.0,0.0,Sauber/Alfa Romeo
2024,19,United States Grand Prix,Mercedes,HAM,19.0,20.0,0.0,Mercedes
2024,19,United States Grand Prix,Kick Sauber,ZHO,20.0,19.0,0.0,Sauber/Alfa Romeo
2024,20,Mexico City Grand Prix,Ferrari,SAI,1.0,1.0,25.0,Ferrari
2024,20,Mexico City Grand Prix,Red Bull Racing,VER,2.0,6.0,8.0,Red Bull Racing
2024,20,Mexico City Grand Prix,McLaren,NOR,3.0,2.0,18.0,McLaren
2024,20,Mexico City Grand Prix,Ferrari,LEC,4.0,3.0,16.0,Ferrari
2024,20,Mexico City Grand Prix,Mercedes,RUS,5.0,5.0,10.0,Mercedes
2024,20,Mexico City Grand Prix,Mercedes,HAM,6.0,4.0,12.0,Mercedes
2024,20,Mexico City Grand Prix,Haas F1 Team,MAG,7.0,7.0,6.0,Haas
2024,20,Mexico City Grand Prix,Alpine,GAS,8.0,10.0,1.0,Alpine/Renault
2024,20,Mexico City Grand Prix,Williams,ALB,9.0,19.0,0.0,Williams
2024,20,Mexico City Grand Prix,Haas F1 Team,HUL,10.0,9.0,2.0,Haas
2024,20,Mexico City Grand Prix,RB,TSU,11.0,20.0,0.0,RB/AlphaTauri/Toro Rosso
2024,20,Mexico City Grand Prix,RB,LAW,12.0,16.0,0.0,RB/AlphaTauri/Toro Rosso
2024,20,Mexico City Grand Prix,Aston Martin,ALO,13.0,18.0,0.0,Aston Martin/Racing Point/Force India
2024,20,Mexico City Grand Prix,Aston Martin,STR,14.0,11.0,0.0,Aston Martin/Racing Point/Force India
2024,20,Mexico City Grand Prix,Kick Sauber,BOT,15.0,14.0,0.0,Sauber/Alfa Romeo
2024,20,Mexico City Grand Prix,Williams,COL,16.0,12.0,0.0,Williams
2024,20,Mexico City Grand Prix,McLaren,PIA,17.0,8.0,4.0,McLaren
2024,20,Mexico City Grand Prix,Red Bull Racing,PER,18.0,17.0,0.0,Red Bull Racing
2024,20,Mexico City Grand Prix,Alpine,OCO,19.0,13.0,0.0,Alpine/Renault
2024,20,Mexico City Grand Prix,Kick Sauber,ZHO,20.0,15.0,0.0,Sauber/Alfa Romeo
2024,21,São Paulo Grand Prix,McLaren,NOR,1.0,6.0,8.0,McLaren
2024,21,São Paulo Grand Prix,Mercedes,RUS,2.0,4.0,12.0,Mercedes
2024,21,São Paulo Grand Prix,RB,TSU,3.0,7.0,6.0,RB/AlphaTauri/Toro Rosso
2024,21,São Paulo Grand Prix,Alpine,OCO,4.0,2.0,18.0,Alpine/Renault
2024,21,São Paulo Grand Prix,RB,LAW,5.0,9.0,2.0,RB/AlphaTauri/Toro Rosso
2024,21,São Paulo Grand Prix,Ferrari,LEC,6.0,5.0,10.0,Ferrari
2024,21,São Paulo Grand Prix,Williams,ALB,7.0,18.0,0.0,Williams
2024,21,São Paulo Grand Prix,McLaren,PIA,8.0,8.0,4.0,McLaren
2024,21,São Paulo Grand Prix,Aston Martin,ALO,9.0,14.0,0.0,Aston Martin/Racing Point/Force India
2024,21,São Paulo Grand Prix,Aston Martin,STR,10.0,19.0,0.0,Aston Martin/Racing Point/Force India
2024,21,São Paulo Grand Prix,Kick Sauber,BOT,11.0,13.0,0.0,Sauber/Alfa Romeo
2024,21,São Paulo Grand Prix,Red Bull Racing,VER,12.0,1.0,26.0,Red Bull Racing
2024,21,São Paulo Grand Prix,Red Bull Racing,PER,13.0,11.0,0.0,Red Bull Racing
2024,21,São Paulo Grand Prix,Ferrari,SAI,14.0,16.0,0.0,Ferrari
2024,21,São Paulo Grand Prix,Alpine,GAS,15.0,3.0,15.0,Alpine/Renault
2024,21,São Paulo Grand Prix,Mercedes,HAM,16.0,10.0,1.0,Mercedes
2024,21,São Paulo Grand Prix,Haas F1 Team,BEA,17.0,12.0,0.0,Haas
2024,21,São Paulo Grand Prix,Williams,COL,18.0,17.0,0.0,Williams
2024,21,São Paulo Grand Prix,Haas F1 Team,HUL,19.0,20.0,0.0,Haas
2024,21,São Paulo Grand Prix,Kick Sauber,ZHO,20.0,15.0,0.0,Sauber/Alfa Romeo
2024,22,Las Vegas Grand Prix,Mercedes,RUS,1.0,1.0,25.0,Mercedes
2024,22,Las Vegas Grand Prix,Ferrari,SAI,2.0,3.0,15.0,Ferrari
2024,22,Las Vegas Grand Prix,Alpine,GAS,3.0,20.0,0.0,Alpine/Renault
2024,22,Las Vegas Grand Prix,Ferrari,LEC,4.0,4.0,12.0,Ferrari
2024,22,Las Vegas Grand Prix,Red Bull Racing,VER,5.0,5.0,10.0,Red Bull Racing
2024,22,Las Vegas Grand Prix,McLaren,NOR,6.0,6.0,9.0,McLaren
2024,22,Las Vegas Grand Prix,RB,TSU,7.0,9.0,2.0,RB/AlphaTauri/Toro Rosso
2024,22,Las Vegas Grand Prix,McLaren,PIA,8.0,7.0,6.0,McLaren
2024,22,Las Vegas Grand Prix,Haas F1 Team,HUL,9.0,8.0,4.0,Haas
2024,22,Las Vegas Grand Prix,Mercedes,HAM,10.0,2.0,18.0,Mercedes
2024,22,Las Vegas Grand Prix,Alpine,OCO,11.0,17.0,0.0,Alpine/Renault
2024,22,Las Vegas Grand Prix,Haas F1 Team,MAG,12.0,12.0,0.0,Haas
2024,22,Las Vegas Grand Prix,Kick Sauber,ZHO,13.0,13.0,0.0,Sauber/Alfa Romeo
2024,22,Las Vegas Grand Prix,Williams,COL,14.0,14.0,0.0,Williams
2024,22,Las Vegas Grand Prix,RB,LAW,15.0,16.0,0.0,RB/AlphaTauri/Toro Rosso
2024,22,Las Vegas Grand Prix,Red Bull Racing,PER,16.0,10.0,1.0,Red Bull Racing
2024,22,Las Vegas Grand Prix,Aston Martin,ALO,17.0,11.0,0.0,Aston Martin/Racing Point/Force India
2024,22,Las Vegas Grand Prix,Williams,ALB,18.0,19.0,0.0,Williams
2024,22,Las Vegas Grand Prix,Kick Sauber,BOT,19.0,18.0,0.0,Sauber/Alfa Romeo
2024,22,Las Vegas Grand Prix,Aston Martin,STR,20.0,15.0,0.0,Aston Martin/Racing Point/Force India
2024,23,Qatar Grand Prix,Red Bull Racing,VER,1.0,1.0,25.0,Red Bull Racing
2024,23,Qatar Grand Prix,Mercedes,RUS,2.0,4.0,12.0,Mercedes
2024,23,Qatar Grand Prix,McLaren,NOR,3.0,10.0,2.0,McLaren
2024,23,Qatar Grand Prix,McLaren,PIA,4.0,3.0,15.0,McLaren
2024,23,Qatar Grand Prix,Ferrari,LEC,5.0,2.0,18.0,Ferrari
2024,23,Qatar Grand Prix,Mercedes,HAM,6.0,12.0,0.0,Mercedes
2024,23,Qatar Grand Prix,Ferrari,SAI,7.0,6.0,8.0,Ferrari
2024,23,Qatar Grand Prix,Aston Martin,ALO,8.0,7.0,6.0,Aston Martin/Racing Point/Force India
2024,23,Qatar Grand Prix,Red Bull Racing,PER,9.0,17.0,0.0,Red Bull Racing
2024,23,Qatar Grand Prix,Haas F1 Team,MAG,10.0,9.0,2.0,Haas
2024,23,Qatar Grand Prix,Alpine,GAS,11.0,5.0,10.0,Alpine/Renault
2024,23,Qatar Grand Prix,Kick Sauber,ZHO,12.0,8.0,4.0,Sauber/Alfa Romeo
2024,23,Qatar Grand Prix,Kick Sauber,BOT,13.0,11.0,0.0,Sauber/Alfa Romeo
2024,23,Qatar Grand Prix,RB,TSU,14.0,13.0,0.0,RB/AlphaTauri/Toro Rosso
2024,23,Qatar Grand Prix,Aston Martin,STR,15.0,18.0,0.0,Aston Martin/Racing Point/Force India
2024,23,Qatar Grand Prix,Williams,ALB,16.0,15.0,0.0,Williams
2024,23,Qatar Grand Prix,RB,LAW,17.0,14.0,0.0,RB/AlphaTauri/Toro Rosso
2024,23,Qatar Grand Prix,Haas F1 Team,HUL,18.0,16.0,0.0,Haas
2024,23,Qatar Grand Prix,Williams,COL,19.0,19.0,0.0,Williams
2024,23,Qatar Grand Prix,Alpine,OCO,20.0,20.0,0.0,Alpine/Renault
2024,24,Abu Dhabi Grand Prix,McLaren,NOR,1.0,1.0,25.0,McLaren
2024,24,Abu Dhabi Grand Prix,McLaren,PIA,2.0,10.0,1.0,McLaren
2024,24,Abu Dhabi Grand Prix,Ferrari,SAI,3.0,2.0,18.0,Ferrari
2024,24,Abu Dhabi Grand Prix,Haas F1 Team,HUL,4.0,8.0,4.0,Haas
2024,24,Abu Dhabi Grand Prix,Red Bull Racing,VER,5.0,6.0,8.0,Red Bull Racing
2024,24,Abu Dhabi Grand Prix,Alpine,GAS,6.0,7.0,6.0,Alpine/Renault
2024,24,Abu Dhabi Grand Prix,Mercedes,RUS,7.0,5.0,10.0,Mercedes
2024,24,Abu Dhabi Grand Prix,Aston Martin,ALO,8.0,9.0,2.0,Aston Martin/Racing Point/Force India
2024,24,Abu Dhabi Grand Prix,Kick Sauber,BOT,9.0,18.0,0.0,Sauber/Alfa Romeo
2024,24,Abu Dhabi Grand Prix,Red Bull Racing,PER,10.0,20.0,0.0,Red Bull Racing
2024,24,Abu Dhabi Grand Prix,RB,TSU,11.0,12.0,0.0,RB/AlphaTauri/Toro Rosso
2024,24,Abu Dhabi Grand Prix,RB,LAW,12.0,17.0,0.0,RB/AlphaTauri/Toro Rosso
2024,24,Abu Dhabi Grand Prix,Aston Martin,STR,13.0,14.0,0.0,Aston Martin/Racing Point/Force India
2024,24,Abu Dhabi Grand Prix,Ferrari,LEC,14.0,3.0,15.0,Ferrari
2024,24,Abu Dhabi Grand Prix,Haas F1 Team,MAG,15.0,16.0,0.0,Haas
2024,24,Abu Dhabi Grand Prix,Williams,ALB,16.0,11.0,0.0,Williams
2024,24,Abu Dhabi Grand Prix,Kick Sauber,ZHO,17.0,13.0,0.0,Sauber/Alfa Romeo
2024,24,Abu Dhabi Grand Prix,Mercedes,HAM,18.0,4.0,12.0,Mercedes
2024,24,Abu Dhabi Grand Prix,Williams,COL,19.0,19.0,0.0,Williams
2024,24,Abu Dhabi Grand Prix,Alpine,DOO,20.0,15.0,0.0,Alpine/Renault
2025,1,Australian Grand Prix,McLaren,NOR,1.0,1.0,25.0,McLaren
2025,1,Australian Grand Prix,McLaren,PIA,2.0,9.0,2.0,McLaren
2025,1,Australian Grand Prix,Red Bull Racing,VER,3.0,2.0,18.0,Red Bull Racing
2025,1,Australian Grand Prix,Mercedes,RUS,4.0,3.0,15.0,Mercedes
2025,1,Australian Grand Prix,Racing Bulls,TSU,5.0,12.0,0.0,RB/AlphaTauri/Toro Rosso
2025,1,Australian Grand Prix,Williams,ALB,6.0,5.0,10.0,Williams
2025,1,Australian Grand Prix,Ferrari,LEC,7.0,8.0,4.0,Ferrari
2025,1,Australian Grand Prix,Ferrari,HAM,8.0,10.0,1.0,Ferrari
2025,1,Australian Grand Prix,Alpine,GAS,9.0,11.0,0.0,Alpine/Renault
2025,1,Australian Grand Prix,Williams,SAI,10.0,18.0,0.0,Williams
2025,1,Australian Grand Prix,Racing Bulls,HAD,11.0,20.0,0.0,RB/AlphaTauri/Toro Rosso
2025,1,Australian Grand Prix,Aston Martin,ALO,12.0,17.0,0.0,Aston Martin/Racing Point/Force India
2025,1,Australian Grand Prix,Aston Martin,STR,13.0,6.0,8.0,Aston Martin/Racing Point/Force India
2025,1,Australian Grand Prix,Alpine,DOO,14.0,19.0,0.0,Alpine/Renault
2025,1,Australian Grand Prix,Kick Sauber,BOR,15.0,16.0,0.0,Sauber/Alfa Romeo
2025,1,Australian Grand Prix,Mercedes,ANT,16.0,4.0,12.0,Mercedes
2025,1,Australian Grand Prix,Kick Sauber,HUL,17.0,7.0,6.0,Sauber/Alfa Romeo
2025,1,Australian Grand Prix,Red Bull Racing,LAW,18.0,15.0,0.0,Red Bull Racing
2025,1,Australian Grand Prix,Haas F1 Team,OCO,19.0,13.0,0.0,Haas
2025,1,Australian Grand Prix,Haas F1 Team,BEA,20.0,14.0,0.0,Haas
2025,2,Chinese Grand Prix,McLaren,PIA,1.0,1.0,25.0,McLaren
2025,2,Chinese Grand Prix,Mercedes,RUS,2.0,3.0,15.0,Mercedes
2025,2,Chinese Grand Prix,McLaren,NOR,3.0,2.0,18.0,McLaren
2025,2,Chinese Grand Prix,Red Bull Racing,VER,4.0,4.0,12.0,Red Bull Racing
2025,2,Chinese Grand Prix,Ferrari,HAM,5.0,19.0,0.0,Ferrari
2025,2,Chinese Grand Prix,Ferrari,LEC,6.0,18.0,0.0,Ferrari
2025,2,Chinese Grand Prix,Racing Bulls,HAD,7.0,11.0,0.0,RB/AlphaTauri/Toro Rosso
2025,2,Chinese Grand Prix,Mercedes,ANT,8.0,6.0,8.0,Mercedes
2025,2,Chinese Grand Prix,Racing Bulls,TSU,9.0,16.0,0.0,RB/AlphaTauri/Toro Rosso
2025,2,Chinese Grand Prix,Williams,ALB,10.0,7.0,6.0,Williams
2025,2,Chinese Grand Prix,Haas F1 Team,OCO,11.0,5.0,10.0,Haas
2025,2,Chinese Grand Prix,Kick Sauber,HUL,12.0,15.0,0.0,Sauber/Alfa Romeo
2025,2,Chinese Grand Prix,Aston Martin,ALO,13.0,17.0,0.0,Aston Martin/Racing Point/Force India
2025,2,Chinese Grand Prix,Aston Martin,STR,14.0,9.0,2.0,Aston Martin/Racing Point/Force India
2025,2,Chinese Grand Prix,Williams,SAI,15.0,10.0,1.0,Williams
2025,2,Chinese Grand Prix,Alpine,GAS,16.0,20.0,0.0,Alpine/Renault
2025,2,Chinese Grand Prix,Haas F1 Team,BEA,17.0,8.0,4.0,Haas
2025,2,Chinese Grand Prix,Alpine,DOO,18.0,13.0,0.0,Alpine/Renault
2025,2,Chinese Grand Prix,Kick Sauber,BOR,19.0,14.0,0.0,Sauber/Alfa Romeo
2025,2,Chinese Grand Prix,Red Bull Racing,LAW,20.0,12.0,0.0,Red Bull Racing
2025,3,Japanese Grand Prix,Red Bull Racing,VER,1.0,1.0,25.0,Red Bull Racing
2025,3,Japanese Grand Prix,McLaren,NOR,2.0,2.0,18.0,McLaren
2025,3,Japanese Grand Prix,McLaren,PIA,3.0,3.0,15.0,McLaren
2025,3,Japanese Grand Prix,Ferrari,LEC,4.0,4.0,12.0,Ferrari
2025,3,Japanese Grand Prix,Mercedes,RUS,5.0,5.0,10.0,Mercedes
2025,3,Japanese Grand Prix,Mercedes,ANT,6.0,6.0,8.0,Mercedes
2025,3,Japanese Grand Prix,Racing Bulls,HAD,7.0,8.0,4.0,RB/AlphaTauri/Toro Rosso
2025,3,Japanese Grand Prix,Ferrari,HAM,8.0,7.0,6.0,Ferrari
2025,3,Japanese Grand Prix,Williams,ALB,9.0,9.0,2.0,Williams
2025,3,Japanese Grand Prix,Haas F1 Team,BEA,10.0,10.0,1.0,Haas
2025,3,Japanese Grand Prix,Alpine,GAS,11.0,13.0,0.0,Alpine/Renault
2025,3,Japanese Grand Prix,Williams,SAI,12.0,14.0,0.0,Williams
2025,3,Japanese Grand Prix,Aston Martin,ALO,13.0,11.0,0.0,Aston Martin/Racing Point/Force India
2025,3,Japanese Grand Prix,Racing Bulls,LAW,14.0,17.0,0.0,RB/AlphaTauri/Toro Rosso
2025,3,Japanese Grand Prix,Red Bull Racing,TSU,15.0,12.0,0.0,Red Bull Racing
2025,3,Japanese Grand Prix,Kick Sauber,HUL,16.0,16.0,0.0,Sauber/Alfa Romeo
2025,3,Japanese Grand Prix,Kick Sauber,BOR,17.0,19.0,0.0,Sauber/Alfa Romeo
2025,3,Japanese Grand Prix,Haas F1 Team,OCO,18.0,18.0,0.0,Haas
2025,3,Japanese Grand Prix,Alpine,DOO,19.0,15.0,0.0,Alpine/Renault
2025,3,Japanese Grand Prix,Aston Martin,STR,20.0,20.0,0.0,Aston Martin/Racing Point/Force India
2025,4,Bahrain Grand Prix,McLaren,PIA,1.0,1.0,25.0,McLaren
2025,4,Bahrain Grand Prix,Mercedes,RUS,2.0,2.0,18.0,Mercedes
2025,4,Bahrain Grand Prix,Ferrari,LEC,3.0,4.0,12.0,Ferrari
2025,4,Bahrain Grand Prix,Mercedes,ANT,4.0,11.0,0.0,Mercedes
2025,4,Bahrain Grand Prix,Alpine,GAS,5.0,7.0,6.0,Alpine/Renault
2025,4,Bahrain Grand Prix,McLaren,NOR,6.0,3.0,15.0,McLaren
2025,4,Bahrain Grand Prix,Red Bull Racing,VER,7.0,6.0,8.0,Red Bull Racing
2025,4,Bahrain Grand Prix,Williams,SAI,8.0,19.0,0.0,Williams
2025,4,Bahrain Grand Prix,Ferrari,HAM,9.0,5.0,10.0,Ferrari
2025,4,Bahrain Grand Prix,Red Bull Racing,TSU,10.0,9.0,2.0,Red Bull Racing
2025,4,Bahrain Grand Prix,Alpine,DOO,11.0,14.0,0.0,Alpine/Renault
2025,4,Bahrain Grand Prix,Racing Bulls,HAD,12.0,13.0,0.0,RB/AlphaTauri/Toro Rosso
2025,4,Bahrain Grand Prix,Aston Martin,ALO,13.0,15.0,0.0,Aston Martin/Racing Point/Force India
2025,4,Bahrain Grand Prix,Haas F1 Team,OCO,14.0,8.0,4.0,Haas
2025,4,Bahrain Grand Prix,Williams,ALB,15.0,12.0,0.0,Williams
2025,4,Bahrain Grand Prix,Kick Sauber,HUL,16.0,20.0,0.0,Sauber/Alfa Romeo
2025,4,Bahrain Grand Prix,Racing Bulls,LAW,17.0,16.0,0.0,RB/AlphaTauri/Toro Rosso
2025,4,Bahrain Grand Prix,Kick Sauber,BOR,18.0,18.0,0.0,Sauber/Alfa Romeo
2025,4,Bahrain Grand Prix,Aston Martin,STR,19.0,17.0,0.0,Aston Martin/Racing Point/Force India
2025,4,Bahrain Grand Prix,Haas F1 Team,BEA,20.0,10.0,1.0,Haas
2025,5,Saudi Arabian Grand Prix,Red Bull Racing,VER,1.0,2.0,18.0,Red Bull Racing
2025,5,Saudi Arabian Grand Prix,McLaren,PIA,2.0,1.0,25.0,McLaren
2025,5,Saudi Arabian Grand Prix,Mercedes,RUS,3.0,5.0,10.0,Mercedes
2025,5,Saudi Arabian Grand Prix,Ferrari,LEC,4.0,3.0,15.0,Ferrari
2025,5,Saudi Arabian Grand Prix,Mercedes,ANT,5.0,6.0,8.0,Mercedes
2025,5,Saudi Arabian Grand Prix,Williams,SAI,6.0,8.0,4.0,Williams
2025,5,Saudi Arabian Grand Prix,Ferrari,HAM,7.0,7.0,6.0,Ferrari
2025,5,Saudi Arabian Grand Prix,Red Bull Racing,TSU,8.0,19.0,0.0,Red Bull Racing
2025,5,Saudi Arabian Grand Prix,Alpine,GAS,9.0,20.0,0.0,Alpine/Renault
2025,5,Saudi Arabian Grand Prix,McLaren,NOR,10.0,4.0,12.0,McLaren
2025,5,Saudi Arabian Grand Prix,Williams,ALB,11.0,9.0,2.0,Williams
2025,5,Saudi Arabian Grand Prix,Racing Bulls,LAW,12.0,12.0,0.0,RB/AlphaTauri/Toro Rosso
2025,5,Saudi Arabian Grand Prix,Aston Martin,ALO,13.0,11.0,0.0,Aston Martin/Racing Point/Force India
2025,5,Saudi Arabian Grand Prix,Racing Bulls,HAD,14.0,10.0,1.0,RB/AlphaTauri/Toro Rosso
2025,5,Saudi Arabian Grand Prix,Haas F1 Team,BEA,15.0,13.0,0.0,Haas
2025,5,Saudi Arabian Grand Prix,Aston Martin,STR,16.0,16.0,0.0,Aston Martin/Racing Point/Force India
2025,5,Saudi Arabian Grand Prix,Alpine,DOO,17.0,17.0,0.0,Alpine/Renault
2025,5,Saudi Arabian Grand Prix,Kick Sauber,HUL,18.0,15.0,0.0,Sauber/Alfa Romeo
2025,5,Saudi Arabian Grand Prix,Haas F1 Team,OCO,19.0,14.0,0.0,Haas
2025,5,Saudi Arabian Grand Prix,Kick Sauber,BOR,20.0,18.0,0.0,Sauber/Alfa Romeo
2025,6,Miami Grand Prix,Red Bull Racing,VER,1.0,4.0,12.0,Red Bull Racing
2025,6,Miami Grand Prix,McLaren,NOR,2.0,2.0,18.0,McLaren
2025,6,Miami Grand Prix,Mercedes,ANT,3.0,6.0,8.0,Mercedes
2025,6,Miami Grand Prix,McLaren,PIA,4.0,1.0,25.0,McLaren
2025,6,Miami Grand Prix,Mercedes,RUS,5.0,3.0,15.0,Mercedes
2025,6,Miami Grand Prix,Williams,SAI,6.0,9.0,2.0,Williams
2025,6,Miami Grand Prix,Williams,ALB,7.0,5.0,10.0,Williams
2025,6,Miami Grand Prix,Ferrari,LEC,8.0,7.0,6.0,Ferrari
2025,6,Miami Grand Prix,Haas F1 Team,OCO,9.0,12.0,0.0,Haas
2025,6,Miami Grand Prix,Red Bull Racing,TSU,10.0,10.0,1.0,Red Bull Racing
2025,6,Miami Grand Prix,Racing Bulls,HAD,11.0,11.0,0.0,RB/AlphaTauri/Toro Rosso
2025,6,Miami Grand Prix,Ferrari,HAM,12.0,8.0,4.0,Ferrari
2025,6,Miami Grand Prix,Kick Sauber,BOR,13.0,18.0,0.0,Sauber/Alfa Romeo
2025,6,Miami Grand Prix,Alpine,DOO,14.0,20.0,0.0,Alpine/Renault
2025,6,Miami Grand Prix,Racing Bulls,LAW,15.0,17.0,0.0,RB/AlphaTauri/Toro Rosso
2025,6,Miami Grand Prix,Kick Sauber,HUL,16.0,14.0,0.0,Sauber/Alfa Romeo
2025,6,Miami Grand Prix,Aston Martin,ALO,17.0,15.0,0.0,Aston Martin/Racing Point/Force India
2025,6,Miami Grand Prix,Alpine,GAS,18.0,13.0,0.0,Alpine/Renault
2025,6,Miami Grand Prix,Aston Martin,STR,19.0,16.0,0.0,Aston Martin/Racing Point/Force India
2025,6,Miami Grand Prix,Haas F1 Team,BEA,20.0,19.0,0.0,Haas
2025,7,Emilia Romagna Grand Prix,McLaren,PIA,1.0,3.0,15.0,McLaren
2025,7,Emilia Romagna Grand Prix,Red Bull Racing,VER,2.0,1.0,25.0,Red Bull Racing
2025,7,Emilia Romagna Grand Prix,Mercedes,RUS,3.0,7.0,6.0,Mercedes
2025,7,Emilia Romagna Grand Prix,McLaren,NOR,4.0,2.0,18.0,McLaren
2025,7,Emilia Romagna Grand Prix,Aston Martin,ALO,5.0,11.0,0.0,Aston Martin/Racing Point/Force India
2025,7,Emilia Romagna Grand Prix,Williams,SAI,6.0,8.0,4.0,Williams
2025,7,Emilia Romagna Grand Prix,Williams,ALB,7.0,5.0,10.0,Williams
2025,7,Emilia Romagna Grand Prix,Aston Martin,STR,8.0,15.0,0.0,Aston Martin/Racing Point/Force India
2025,7,Emilia Romagna Grand Prix,Racing Bulls,HAD,9.0,9.0,2.0,RB/AlphaTauri/Toro Rosso
2025,7,Emilia Romagna Grand Prix,Alpine,GAS,10.0,13.0,0.0,Alpine/Renault
2025,7,Emilia Romagna Grand Prix,Ferrari,LEC,11.0,6.0,8.0,Ferrari
2025,7,Emilia Romagna Grand Prix,Ferrari,HAM,12.0,4.0,12.0,Ferrari
2025,7,Emilia Romagna Grand Prix,Mercedes,ANT,13.0,19.0,0.0,Mercedes
2025,7,Emilia Romagna Grand Prix,Kick Sauber,BOR,14.0,18.0,0.0,Sauber/Alfa Romeo
2025,7,Emilia Romagna Grand Prix,Alpine,COL,15.0,16.0,0.0,Alpine/Renault
2025,7,Emilia Romagna Grand Prix,Racing Bulls,LAW,16.0,14.0,0.0,RB/AlphaTauri/Toro Rosso
2025,7,Emilia Romagna Grand Prix,Kick Sauber,HUL,17.0,12.0,0.0,Sauber/Alfa Romeo
2025,7,Emilia Romagna Grand Prix,Haas F1 Team,OCO,18.0,20.0,0.0,Haas
2025,7,Emilia Romagna Grand Prix,Haas F1 Team,BEA,19.0,17.0,0.0,Haas
2025,7,Emilia Romagna Grand Prix,Red Bull Racing,TSU,20.0,10.0,1.0,Red Bull Racing
2025,8,Monaco Grand Prix,McLaren,NOR,1.0,1.0,25.0,McLaren
2025,8,Monaco Grand Prix,Ferrari,LEC,2.0,2.0,18.0,Ferrari
2025,8,Monaco Grand Prix,McLaren,PIA,3.0,3.0,15.0,McLaren
2025,8,Monaco Grand Prix,Ferrari,HAM,4.0,5.0,10.0,Ferrari
2025,8,Monaco Grand Prix,Red Bull Racing,VER,5.0,4.0,12.0,Red Bull Racing
2025,8,Monaco Grand Prix,Racing Bulls,HAD,6.0,6.0,8.0,RB/AlphaTauri/Toro Rosso
2025,8,Monaco Grand Prix,Aston Martin,ALO,7.0,19.0,0.0,Aston Martin/Racing Point/Force India
2025,8,Monaco Grand Prix,Haas F1 Team,OCO,8.0,7.0,6.0,Haas
2025,8,Monaco Grand Prix,Racing Bulls,LAW,9.0,8.0,4.0,RB/AlphaTauri/Toro Rosso
2025,8,Monaco Grand Prix,Williams,ALB,10.0,9.0,2.0,Williams
2025,8,Monaco Grand Prix,Williams,SAI,11.0,10.0,1.0,Williams
2025,8,Monaco Grand Prix,Red Bull Racing,TSU,12.0,17.0,0.0,Red Bull Racing
2025,8,Monaco Grand Prix,Kick Sauber,HUL,13.0,16.0,0.0,Sauber/Alfa Romeo
2025,8,Monaco Grand Prix,Mercedes,RUS,14.0,11.0,0.0,Mercedes
2025,8,Monaco Grand Prix,Mercedes,ANT,15.0,18.0,0.0,Mercedes
2025,8,Monaco Grand Prix,Kick Sauber,BOR,16.0,14.0,0.0,Sauber/Alfa Romeo
2025,8,Monaco Grand Prix,Haas F1 Team,BEA,17.0,12.0,0.0,Haas
2025,8,Monaco Grand Prix,Alpine,GAS,18.0,20.0,0.0,Alpine/Renault
2025,8,Monaco Grand Prix,Aston Martin,STR,19.0,15.0,0.0,Aston Martin/Racing Point/Force India
2025,8,Monaco Grand Prix,Alpine,COL,20.0,13.0,0.0,Alpine/Renault
2025,9,Spanish Grand Prix,McLaren,PIA,1.0,1.0,25.0,McLaren
2025,9,Spanish Grand Prix,McLaren,NOR,2.0,2.0,18.0,McLaren
2025,9,Spanish Grand Prix,Red Bull Racing,VER,3.0,10.0,1.0,Red Bull Racing
2025,9,Spanish Grand Prix,Mercedes,RUS,4.0,4.0,12.0,Mercedes
2025,9,Spanish Grand Prix,Ferrari,HAM,5.0,6.0,8.0,Ferrari
2025,9,Spanish Grand Prix,Mercedes,ANT,6.0,18.0,0.0,Mercedes
2025,9,Spanish Grand Prix,Ferrari,LEC,7.0,3.0,15.0,Ferrari
2025,9,Spanish Grand Prix,Alpine,GAS,8.0,8.0,4.0,Alpine/Renault
2025,9,Spanish Grand Prix,Racing Bulls,HAD,9.0,7.0,6.0,RB/AlphaTauri/Toro Rosso
2025,9,Spanish Grand Prix,Aston Martin,ALO,10.0,9.0,2.0,Aston Martin/Racing Point/Force India
2025,9,Spanish Grand Prix,Williams,ALB,11.0,19.0,0.0,Williams
2025,9,Spanish Grand Prix,Kick Sauber,BOR,12.0,12.0,0.0,Sauber/Alfa Romeo
2025,9,Spanish Grand Prix,Racing Bulls,LAW,13.0,11.0,0.0,RB/AlphaTauri/Toro Rosso
2025,9,Spanish Grand Prix,Aston Martin,STR,14.0,,0.0,Aston Martin/Racing Point/Force India
2025,9,Spanish Grand Prix,Haas F1 Team,BEA,15.0,17.0,0.0,Haas
2025,9,Spanish Grand Prix,Kick Sauber,HUL,16.0,5.0,10.0,Sauber/Alfa Romeo
2025,9,Spanish Grand Prix,Haas F1 Team,OCO,17.0,16.0,0.0,Haas
2025,9,Spanish Grand Prix,Williams,SAI,18.0,14.0,0.0,Williams
2025,9,Spanish Grand Prix,Alpine,COL,19.0,15.0,0.0,Alpine/Renault
2025,9,Spanish Grand Prix,Red Bull Racing,TSU,20.0,13.0,0.0,Red Bull Racing
2025,10,Canadian Grand Prix,Mercedes,RUS,1.0,1.0,25.0,Mercedes
2025,10,Canadian Grand Prix,Red Bull Racing,VER,2.0,2.0,18.0,Red Bull Racing
2025,10,Canadian Grand Prix,McLaren,PIA,3.0,4.0,12.0,McLaren
2025,10,Canadian Grand Prix,Mercedes,ANT,4.0,3.0,15.0,Mercedes
2025,10,Canadian Grand Prix,Ferrari,HAM,5.0,6.0,8.0,Ferrari
2025,10,Canadian Grand Prix,Aston Martin,ALO,6.0,7.0,6.0,Aston Martin/Racing Point/Force India
2025,10,Canadian Grand Prix,McLaren,NOR,7.0,18.0,0.0,McLaren
2025,10,Canadian Grand Prix,Ferrari,LEC,8.0,5.0,10.0,Ferrari
2025,10,Canadian Grand Prix,Racing Bulls,HAD,9.0,16.0,0.0,RB/AlphaTauri/Toro Rosso
2025,10,Canadian Grand Prix,Williams,ALB,10.0,20.0,0.0,Williams
2025,10,Canadian Grand Prix,Red Bull Racing,TSU,11.0,12.0,0.0,Red Bull Racing
2025,10,Canadian Grand Prix,Alpine,COL,12.0,13.0,0.0,Alpine/Renault
2025,10,Canadian Grand Prix,Kick Sauber,HUL,13.0,8.0,4.0,Sauber/Alfa Romeo
2025,10,Canadian Grand Prix,Haas F1 Team,BEA,14.0,11.0,0.0,Haas
2025,10,Canadian Grand Prix,Haas F1 Team,OCO,15.0,9.0,2.0,Haas
2025,10,Canadian Grand Prix,Kick Sauber,BOR,16.0,14.0,0.0,Sauber/Alfa Romeo
2025,10,Canadian Grand Prix,Williams,SAI,17.0,10.0,1.0,Williams
2025,10,Canadian Grand Prix,Aston Martin,STR,18.0,17.0,0.0,Aston Martin/Racing Point/Force India
2025,10,Canadian Grand Prix,Racing Bulls,LAW,19.0,19.0,0.0,RB/AlphaTauri/Toro Rosso
2025,10,Canadian Grand Prix,Alpine,GAS,20.0,15.0,0.0,Alpine/Renault
2025,11,Austrian Grand Prix,McLaren,NOR,1.0,1.0,25.0,McLaren
2025,11,Austrian Grand Prix,Ferrari,LEC,2.0,3.0,15.0,Ferrari
2025,11,Austrian Grand Prix,McLaren,PIA,3.0,2.0,18.0,McLaren
2025,11,Austrian Grand Prix,Ferrari,HAM,4.0,4.0,12.0,Ferrari
2025,11,Austrian Grand Prix,Mercedes,RUS,5.0,5.0,10.0,Mercedes
2025,11,Austrian Grand Prix,Racing Bulls,LAW,6.0,6.0,8.0,RB/AlphaTauri/Toro Rosso
2025,11,Austrian Grand Prix,Red Bull Racing,VER,7.0,18.0,0.0,Red Bull Racing
2025,11,Austrian Grand Prix,Kick Sauber,BOR,8.0,8.0,4.0,Sauber/Alfa Romeo
2025,11,Austrian Grand Prix,Mercedes,ANT,9.0,19.0,0.0,Mercedes
2025,11,Austrian Grand Prix,Alpine,GAS,10.0,13.0,0.0,Alpine/Renault
2025,11,Austrian Grand Prix,Aston Martin,ALO,11.0,7.0,6.0,Aston Martin/Racing Point/Force India
2025,11,Austrian Grand Prix,Williams,ALB,12.0,17.0,0.0,Williams
2025,11,Austrian Grand Prix,Racing Bulls,HAD,13.0,12.0,0.0,RB/AlphaTauri/Toro Rosso
2025,11,Austrian Grand Prix,Alpine,COL,14.0,15.0,0.0,Alpine/Renault
2025,11,Austrian Grand Prix,Haas F1 Team,BEA,15.0,11.0,0.0,Haas
2025,11,Austrian Grand Prix,Aston Martin,STR,16.0,14.0,0.0,Aston Martin/Racing Point/Force India
2025,11,Austrian Grand Prix,Haas F1 Team,OCO,17.0,10.0,1.0,Haas
2025,11,Austrian Grand Prix,Red Bull Racing,TSU,18.0,16.0,0.0,Red Bull Racing
2025,11,Austrian Grand Prix,Williams,SAI,19.0,20.0,0.0,Williams
2025,11,Austrian Grand Prix,Kick Sauber,HUL,20.0,9.0,2.0,Sauber/Alfa Romeo
2025,12,British Grand Prix,Red Bull Racing,VER,1.0,5.0,10.0,Red Bull Racing
2025,12,British Grand Prix,McLaren,PIA,2.0,2.0,18.0,McLaren
2025,12,British Grand Prix,McLaren,NOR,3.0,1.0,25.0,McLaren
2025,12,British Grand Prix,Mercedes,RUS,4.0,10.0,1.0,Mercedes
2025,12,British Grand Prix,Ferrari,HAM,5.0,4.0,12.0,Ferrari
2025,12,British Grand Prix,Ferrari,LEC,6.0,14.0,0.0,Ferrari
2025,12,British Grand Prix,Mercedes,ANT,7.0,16.0,0.0,Mercedes
2025,12,British Grand Prix,Haas F1 Team,BEA,8.0,11.0,0.0,Haas
2025,12,British Grand Prix,Aston Martin,ALO,9.0,9.0,2.0,Aston Martin/Racing Point/Force India
2025,12,British Grand Prix,Alpine,GAS,10.0,6.0,8.0,Alpine/Renault
2025,12,British Grand Prix,Williams,SAI,11.0,12.0,0.0,Williams
2025,12,British Grand Prix,Red Bull Racing,TSU,12.0,15.0,0.0,Red Bull Racing
2025,12,British Grand Prix,Racing Bulls,HAD,13.0,17.0,0.0,RB/AlphaTauri/Toro Rosso
2025,12,British Grand Prix,Williams,ALB,14.0,8.0,4.0,Williams
2025,12,British Grand Prix,Haas F1 Team,OCO,15.0,13.0,0.0,Haas
2025,12,British Grand Prix,Racing Bulls,LAW,16.0,19.0,0.0,RB/AlphaTauri/Toro Rosso
2025,12,British Grand Prix,Kick Sauber,BOR,17.0,18.0,0.0,Sauber/Alfa Romeo
2025,12,British Grand Prix,Aston Martin,STR,18.0,7.0,6.0,Aston Martin/Racing Point/Force India
2025,12,British Grand Prix,Kick Sauber,HUL,19.0,3.0,15.0,Sauber/Alfa Romeo
2025,12,British Grand Prix,Alpine,COL,20.0,20.0,0.0,Alpine/Renault
2025,13,Belgian Grand Prix,McLaren,NOR,1.0,2.0,18.0,McLaren
2025,13,Belgian Grand Prix,McLaren,PIA,2.0,1.0,25.0,McLaren
2025,13,Belgian Grand Prix,Ferrari,LEC,3.0,3.0,15.0,Ferrari
2025,13,Belgian Grand Prix,Red Bull Racing,VER,4.0,4.0,12.0,Red Bull Racing
2025,13,Belgian Grand Prix,Williams,ALB,5.0,6.0,8.0,Williams
2025,13,Belgian Grand Prix,Mercedes,RUS,6.0,5.0,10.0,Mercedes
2025,13,Belgian Grand Prix,Red Bull Racing,TSU,7.0,13.0,0.0,Red Bull Racing
2025,13,Belgian Grand Prix,Racing Bulls,HAD,8.0,20.0,0.0,RB/AlphaTauri/Toro Rosso
2025,13,Belgian Grand Prix,Racing Bulls,LAW,9.0,8.0,4.0,RB/AlphaTauri/Toro Rosso
2025,13,Belgian Grand Prix,Kick Sauber,BOR,10.0,9.0,2.0,Sauber/Alfa Romeo
2025,13,Belgian Grand Prix,Haas F1 Team,OCO,11.0,15.0,0.0,Haas
2025,13,Belgian Grand Prix,Haas F1 Team,BEA,12.0,11.0,0.0,Haas
2025,13,Belgian Grand Prix,Alpine,GAS,13.0,10.0,1.0,Alpine/Renault
2025,13,Belgian Grand Prix,Kick Sauber,HUL,14.0,12.0,0.0,Sauber/Alfa Romeo
2025,13,Belgian Grand Prix,Williams,SAI,15.0,18.0,0.0,Williams
2025,13,Belgian Grand Prix,Ferrari,HAM,16.0,7.0,6.0,Ferrari
2025,13,Belgian Grand Prix,Alpine,COL,17.0,19.0,0.0,Alpine/Renault
2025,13,Belgian Grand Prix,Mercedes,ANT,18.0,16.0,0.0,Mercedes
2025,13,Belgian Grand Prix,Aston Martin,ALO,19.0,17.0,0.0,Aston Martin/Racing Point/Force India
2025,13,Belgian Grand Prix,Aston Martin,STR,20.0,14.0,0.0,Aston Martin/Racing Point/Force India
2025,14,Hungarian Grand Prix,Ferrari,LEC,1.0,4.0,12.0,Ferrari
2025,14,Hungarian Grand Prix,McLaren,PIA,2.0,2.0,18.0,McLaren
2025,14,Hungarian Grand Prix,McLaren,NOR,3.0,1.0,25.0,McLaren
2025,14,Hungarian Grand Prix,Mercedes,RUS,4.0,3.0,15.0,Mercedes
2025,14,Hungarian Grand Prix,Aston Martin,ALO,5.0,5.0,10.0,Aston Martin/Racing Point/Force India
2025,14,Hungarian Grand Prix,Aston Martin,STR,6.0,7.0,6.0,Aston Martin/Racing Point/Force India
2025,14,Hungarian Grand Prix,Kick Sauber,BOR,7.0,6.0,8.0,Sauber/Alfa Romeo
2025,14,Hungarian Grand Prix,Red Bull Racing,VER,8.0,9.0,2.0,Red Bull Racing
2025,14,Hungarian Grand Prix,Racing Bulls,LAW,9.0,8.0,4.0,RB/AlphaTauri/Toro Rosso
2025,14,Hungarian Grand Prix,Racing Bulls,HAD,10.0,11.0,0.0,RB/AlphaTauri/Toro Rosso
2025,14,Hungarian Grand Prix,Haas F1 Team,BEA,11.0,20.0,0.0,Haas
2025,14,Hungarian Grand Prix,Ferrari,HAM,12.0,12.0,0.0,Ferrari
2025,14,Hungarian Grand Prix,Williams,SAI,13.0,14.0,0.0,Williams
2025,14,Hungarian Grand Prix,Alpine,COL,14.0,18.0,0.0,Alpine/Renault
2025,14,Hungarian Grand Prix,Mercedes,ANT,15.0,10.0,1.0,Mercedes
2025,14,Hungarian Grand Prix,Red Bull Racing,TSU,16.0,17.0,0.0,Red Bull Racing
2025,14,Hungarian Grand Prix,Alpine,GAS,17.0,19.0,0.0,Alpine/Renault
2025,14,Hungarian Grand Prix,Haas F1 Team,OCO,18.0,16.0,0.0,Haas
2025,14,Hungarian Grand Prix,Kick Sauber,HUL,19.0,13.0,0.0,Sauber/Alfa Romeo
2025,14,Hungarian Grand Prix,Williams,ALB,20.0,15.0,0.0,Williams
2025,15,Dutch Grand Prix,McLaren,PIA,1.0,1.0,25.0,McLaren
2025,15,Dutch Grand Prix,McLaren,NOR,2.0,18.0,0.0,McLaren
2025,15,Dutch Grand Prix,Red Bull Racing,VER,3.0,2.0,18.0,Red Bull Racing
2025,15,Dutch Grand Prix,Racing Bulls,HAD,4.0,3.0,15.0,RB/AlphaTauri/Toro Rosso
2025,15,Dutch Grand Prix,Mercedes,RUS,5.0,4.0,12.0,Mercedes
2025,15,Dutch Grand Prix,Ferrari,LEC,6.0,19.0,0.0,Ferrari
2025,15,Dutch Grand Prix,Ferrari,HAM,7.0,20.0,0.0,Ferrari
2025,15,Dutch Grand Prix,Racing Bulls,LAW,8.0,12.0,0.0,RB/AlphaTauri/Toro Rosso
2025,15,Dutch Grand Prix,Williams,SAI,9.0,13.0,0.0,Williams
2025,15,Dutch Grand Prix,Aston Martin,ALO,10.0,8.0,4.0,Aston Martin/Racing Point/Force India
2025,15,Dutch Grand Prix,Mercedes,ANT,11.0,16.0,0.0,Mercedes
2025,15,Dutch Grand Prix,Red Bull Racing,TSU,12.0,9.0,2.0,Red Bull Racing
2025,15,Dutch Grand Prix,Kick Sauber,BOR,13.0,15.0,0.0,Sauber/Alfa Romeo
2025,15,Dutch Grand Prix,Alpine,GAS,14.0,17.0,0.0,Alpine/Renault
2025,15,Dutch Grand Prix,Williams,ALB,15.0,5.0,10.0,Williams
2025,15,Dutch Grand Prix,Alpine,COL,16.0,11.0,0.0,Alpine/Renault
2025,15,Dutch Grand Prix,Kick Sauber,HUL,17.0,14.0,0.0,Sauber/Alfa Romeo
2025,15,Dutch Grand Prix,Haas F1 Team,OCO,18.0,10.0,1.0,Haas
2025,15,Dutch Grand Prix,Haas F1 Team,BEA,19.0,6.0,8.0,Haas
2025,15,Dutch Grand Prix,Aston Martin,STR,20.0,7.0,6.0,Aston Martin/Racing Point/Force India
2025,16,Italian Grand Prix,Red Bull Racing,VER,1.0,1.0,25.0,Red Bull Racing
2025,16,Italian Grand Prix,McLaren,NOR,2.0,2.0,18.0,McLaren
2025,16,Italian Grand Prix,McLaren,PIA,3.0,3.0,15.0,McLaren
2025,16,Italian Grand Prix,Ferrari,LEC,4.0,4.0,12.0,Ferrari
2025,16,Italian Grand Prix,Ferrari,HAM,5.0,6.0,8.0,Ferrari
2025,16,Italian Grand Prix,Mercedes,RUS,6.0,5.0,10.0,Mercedes
2025,16,Italian Grand Prix,Mercedes,ANT,7.0,9.0,2.0,Mercedes
2025,16,Italian Grand Prix,Kick Sauber,BOR,8.0,8.0,4.0,Sauber/Alfa Romeo
2025,16,Italian Grand Prix,Aston Martin,ALO,9.0,19.0,0.0,Aston Martin/Racing Point/Force India
2025,16,Italian Grand Prix,Red Bull Racing,TSU,10.0,13.0,0.0,Red Bull Racing
2025,16,Italian Grand Prix,Haas F1 Team,BEA,11.0,12.0,0.0,Haas
2025,16,Italian Grand Prix,Kick Sauber,HUL,12.0,20.0,0.0,Sauber/Alfa Romeo
2025,16,Italian Grand Prix,Williams,SAI,13.0,11.0,0.0,Williams
2025,16,Italian Grand Prix,Williams,ALB,14.0,7.0,6.0,Williams
2025,16,Italian Grand Prix,Haas F1 Team,OCO,15.0,15.0,0.0,Haas
2025,16,Italian Grand Prix,Racing Bulls,HAD,16.0,10.0,1.0,RB/AlphaTauri/Toro Rosso
2025,16,Italian Grand Prix,Aston Martin,STR,17.0,18.0,0.0,Aston Martin/Racing Point/Force India
2025,16,Italian Grand Prix,Alpine,COL,18.0,17.0,0.0,Alpine/Renault
2025,16,Italian Grand Prix,Alpine,GAS,19.0,16.0,0.0,Alpine/Renault
2025,16,Italian Grand Prix,Racing Bulls,LAW,20.0,14.0,0.0,RB/AlphaTauri/Toro Rosso
2025,17,Azerbaijan Grand Prix,Red Bull Racing,VER,1.0,1.0,25.0,Red Bull Racing
2025,17,Azerbaijan Grand Prix,Williams,SAI,2.0,3.0,15.0,Williams
2025,17,Azerbaijan Grand Prix,Racing Bulls,LAW,3.0,5.0,10.0,RB/AlphaTauri/Toro Rosso
2025,17,Azerbaijan Grand Prix,Mercedes,ANT,4.0,4.0,12.0,Mercedes
2025,17,Azerbaijan Grand Prix,Mercedes,RUS,5.0,2.0,18.0,Mercedes
2025,17,Azerbaijan Grand Prix,Red Bull Racing,TSU,6.0,6.0,8.0,Red Bull Racing
2025,17,Azerbaijan Grand Prix,McLaren,NOR,7.0,7.0,6.0,McLaren
2025,17,Azerbaijan Grand Prix,Racing Bulls,HAD,8.0,10.0,1.0,RB/AlphaTauri/Toro Rosso
2025,17,Azerbaijan Grand Prix,McLaren,PIA,9.0,20.0,0.0,McLaren
2025,17,Azerbaijan Grand Prix,Ferrari,LEC,10.0,9.0,2.0,Ferrari
2025,17,Azerbaijan Grand Prix,Aston Martin,ALO,11.0,15.0,0.0,Aston Martin/Racing Point/Force India
2025,17,Azerbaijan Grand Prix,Ferrari,HAM,12.0,8.0,4.0,Ferrari
2025,17,Azerbaijan Grand Prix,Kick Sauber,BOR,13.0,11.0,0.0,Sauber/Alfa Romeo
2025,17,Azerbaijan Grand Prix,Aston Martin,STR,14.0,17.0,0.0,Aston Martin/Racing Point/Force India
2025,17,Azerbaijan Grand Prix,Haas F1 Team,BEA,15.0,12.0,0.0,Haas
2025,17,Azerbaijan Grand Prix,Alpine,COL,16.0,19.0,0.0,Alpine/Renault
2025,17,Azerbaijan Grand Prix,Kick Sauber,HUL,17.0,16.0,0.0,Sauber/Alfa Romeo
2025,17,Azerbaijan Grand Prix,Alpine,GAS,18.0,18.0,0.0,Alpine/Renault
2025,17,Azerbaijan Grand Prix,Williams,ALB,19.0,13.0,0.0,Williams
2025,17,Azerbaijan Grand Prix,Haas F1 Team,OCO,20.0,14.0,0.0,Haas
2025,18,Singapore Grand Prix,Mercedes,RUS,1.0,1.0,25.0,Mercedes
2025,18,Singapore Grand Prix,Red Bull Racing,VER,2.0,2.0,18.0,Red Bull Racing
2025,18,Singapore Grand Prix,McLaren,PIA,3.0,4.0,12.0,McLaren
2025,18,Singapore Grand Prix,Mercedes,ANT,4.0,5.0,10.0,Mercedes
2025,18,Singapore Grand Prix,McLaren,NOR,5.0,3.0,15.0,McLaren
2025,18,Singapore Grand Prix,Ferrari,HAM,6.0,8.0,4.0,Ferrari
2025,18,Singapore Grand Prix,Ferrari,LEC,7.0,6.0,8.0,Ferrari
2025,18,Singapore Grand Prix,Racing Bulls,HAD,8.0,11.0,0.0,RB/AlphaTauri/Toro Rosso
2025,18,Singapore Grand Prix,Haas F1 Team,BEA,9.0,9.0,2.0,Haas
2025,18,Singapore Grand Prix,Aston Martin,ALO,10.0,7.0,6.0,Aston Martin/Racing Point/Force India
2025,18,Singapore Grand Prix,Kick Sauber,HUL,11.0,20.0,0.0,Sauber/Alfa Romeo
2025,18,Singapore Grand Prix,Racing Bulls,LAW,12.0,15.0,0.0,RB/AlphaTauri/Toro Rosso
2025,18,Singapore Grand Prix,Red Bull Racing,TSU,13.0,12.0,0.0,Red Bull Racing
2025,18,Singapore Grand Prix,Kick Sauber,BOR,14.0,17.0,0.0,Sauber/Alfa Romeo
2025,18,Singapore Grand Prix,Aston Martin,STR,15.0,13.0,0.0,Aston Martin/Racing Point/Force India
2025,18,Singapore Grand Prix,Alpine,COL,16.0,16.0,0.0,Alpine/Renault
2025,18,Singapore Grand Prix,Haas F1 Team,OCO,17.0,18.0,0.0,Haas
2025,18,Singapore Grand Prix,Williams,SAI,18.0,10.0,1.0,Williams
2025,18,Singapore Grand Prix,Williams,ALB,18.0,14.0,0.0,Williams
2025,18,Singapore Grand Prix,Alpine,GAS,18.0,19.0,0.0,Alpine/Renault
2025,19,United States Grand Prix,Red Bull Racing,VER,1.0,1.0,25.0,Red Bull Racing
2025,19,United States Grand Prix,McLaren,NOR,2.0,2.0,18.0,McLaren
2025,19,United States Grand Prix,Ferrari,LEC,3.0,3.0,15.0,Ferrari
2025,19,United States Grand Prix,Mercedes,RUS,4.0,6.0,8.0,Mercedes
2025,19,United States Grand Prix,Ferrari,HAM,5.0,4.0,12.0,Ferrari
2025,19,United States Grand Prix,McLaren,PIA,6.0,5.0,10.0,McLaren
2025,19,United States Grand Prix,Mercedes,ANT,7.0,13.0,0.0,Mercedes
2025,19,United States Grand Prix,Haas F1 Team,BEA,8.0,9.0,2.0,Haas
2025,19,United States Grand Prix,Williams,SAI,9.0,10.0,1.0,Williams
2025,19,United States Grand Prix,Aston Martin,ALO,10.0,7.0,6.0,Aston Martin/Racing Point/Force India
2025,19,United States Grand Prix,Kick Sauber,HUL,11.0,20.0,0.0,Sauber/Alfa Romeo
2025,19,United States Grand Prix,Racing Bulls,LAW,12.0,15.0,0.0,RB/AlphaTauri/Toro Rosso
2025,19,United States Grand Prix,Red Bull Racing,TSU,13.0,12.0,0.0,Red Bull Racing
2025,19,United States Grand Prix,Alpine,GAS,14.0,19.0,0.0,Alpine/Renault
2025,19,United States Grand Prix,Alpine,COL,15.0,17.0,0.0,Alpine/Renault
2025,19,United States Grand Prix,Kick Sauber,BOR,16.0,18.0,0.0,Sauber/Alfa Romeo
2025,19,United States Grand Prix,Haas F1 Team,OCO,17.0,8.0,4.0,Haas
2025,19,United States Grand Prix,Williams,ALB,18.0,14.0,0.0,Williams
2025,19,United States Grand Prix,Aston Martin,STR,19.0,12.0,0.0,Aston Martin/Racing Point/Force India
2025,19,United States Grand Prix,Racing Bulls,HAD,20.0,11.0,0.0,RB/AlphaTauri/Toro Rosso
2025,20,Mexico City Grand Prix,McLaren,NOR,1.0,1.0,25.0,McLaren
2025,20,Mexico City Grand Prix,Ferrari,LEC,2.0,16.0,0.0,Ferrari
2025,20,Mexico City Grand Prix,Ferrari,HAM,3.0,8.0,4.0,Ferrari
2025,20,Mexico City Grand Prix,Mercedes,RUS,4.0,7.0,6.0,Mercedes
2025,20,Mexico City Grand Prix,Red Bull Racing,VER,5.0,3.0,15.0,Red Bull Racing
2025,20,Mexico City Grand Prix,Mercedes,ANT,6.0,2.0,18.0,Mercedes
2025,20,Mexico City Grand Prix,McLaren,PIA,8.0,5.0,10.0,McLaren
2025,20,Mexico City Grand Prix,Racing Bulls,HAD,8.0,13.0,0.0,RB/AlphaTauri/Toro Rosso
2025,20,Mexico City Grand Prix,Haas F1 Team,BEA,9.0,4.0,12.0,Haas
2025,20,Mexico City Grand Prix,Red Bull Racing,TSU,10.0,11.0,0.0,Red Bull Racing
2025,20,Mexico City Grand Prix,Haas F1 Team,OCO,11.0,9.0,2.0,Haas
2025,20,Mexico City Grand Prix,Williams,SAI,12.0,17.0,0.0,Williams
2025,20,Mexico City Grand Prix,Kick Sauber,HUL,13.0,19.0,0.0,Sauber/Alfa Romeo
2025,20,Mexico City Grand Prix,Aston Martin,ALO,14.0,6.0,8.0,Aston Martin/Racing Point/Force India
2025,20,Mexico City Grand Prix,Racing Bulls,LAW,15.0,18.0,0.0,RB/AlphaTauri/Toro Rosso
2025,20,Mexico City Grand Prix,Kick Sauber,BOR,16.0,20.0,0.0,Sauber/Alfa Romeo
2025,20,Mexico City Grand Prix,Williams,ALB,17.0,12.0,0.0,Williams
2025,20,Mexico City Grand Prix,Alpine,GAS,18.0,10.0,1.0,Alpine/Renault
2025,20,Mexico City Grand Prix,Aston Martin,STR,19.0,14.0,0.0,Aston Martin/Racing Point/Force India
2025,20,Mexico City Grand Prix,Alpine,COL,20.0,15.0,0.0,Alpine/Renault
2025,21,São Paulo Grand Prix,McLaren,NOR,1.0,1.0,25.0,McLaren
2025,21,São Paulo Grand Prix,Mercedes,ANT,2.0,2.0,18.0,Mercedes
2025,21,São Paulo Grand Prix,Ferrari,LEC,3.0,6.0,8.0,Ferrari
2025,21,São Paulo Grand Prix,McLaren,PIA,4.0,5.0,10.0,McLaren
2025,21,São Paulo Grand Prix,Racing Bulls,HAD,5.0,8.0,4.0,RB/AlphaTauri/Toro Rosso
2025,21,São Paulo Grand Prix,Mercedes,RUS,6.0,4.0,12.0,Mercedes
2025,21,São Paulo Grand Prix,Racing Bulls,LAW,7.0,14.0,0.0,RB/AlphaTauri/Toro Rosso
2025,21,São Paulo Grand Prix,Haas F1 Team,BEA,8.0,10.0,1.0,Haas
2025,21,São Paulo Grand Prix,Alpine,GAS,9.0,16.0,0.0,Alpine/Renault
2025,21,São Paulo Grand Prix,Kick Sauber,HUL,10.0,9.0,2.0,Sauber/Alfa Romeo
2025,21,São Paulo Grand Prix,Aston Martin,ALO,11.0,7.0,6.0,Aston Martin/Racing Point/Force India
2025,21,São Paulo Grand Prix,Williams,ALB,12.0,11.0,0.0,Williams
2025,21,São Paulo Grand Prix,Ferrari,HAM,13.0,12.0,0.0,Ferrari
2025,21,São Paulo Grand Prix,Aston Martin,STR,14.0,16.0,0.0,Aston Martin/Racing Point/Force India
2025,21,São Paulo Grand Prix,Williams,SAI,15.0,11.0,0.0,Williams
2025,21,São Paulo Grand Prix,Red Bull Racing,VER,16.0,3.0,15.0,Red Bull Racing
2025,21,São Paulo Grand Prix,Alpine,COL,16.0,15.0,0.0,Alpine/Renault
2025,21,São Paulo Grand Prix,Haas F1 Team,OCO,17.0,9.0,2.0,Haas
2025,21,São Paulo Grand Prix,Kick Sauber,BOR,18.0,18.0,0.0,Sauber/Alfa Romeo
2025,21,São Paulo Grand Prix,Red Bull Racing,TSU,19.0,17.0,0.0,Red Bull Racing
2025,22,Las Vegas Grand Prix,McLaren,NOR,1.0,17.0,0.0,McLaren
2025,22,Las Vegas Grand Prix,Red Bull Racing,VER,2.0,1.0,25.0,Red Bull Racing
2025,22,Las Vegas Grand Prix,Williams,SAI,3.0,4.0,12.0,Williams
2025,22,Las Vegas Grand Prix,Mercedes,RUS,4.0,2.0,18.0,Mercedes
2025,22,Las Vegas Grand Prix,McLaren,PIA,5.0,18.0,0.0,McLaren
2025,22,Las Vegas Grand Prix,Racing Bulls,LAW,6.0,6.0,8.0,RB/AlphaTauri/Toro Rosso
2025,22,Las Vegas Grand Prix,Aston Martin,ALO,7.0,7.0,6.0,Aston Martin/Racing Point/Force India
2025,22,Las Vegas Grand Prix,Racing Bulls,HAD,8.0,8.0,4.0,RB/AlphaTauri/Toro Rosso
2025,22,Las Vegas Grand Prix,Ferrari,LEC,9.0,5.0,10.0,Ferrari
2025,22,Las Vegas Grand Prix,Alpine,GAS,10.0,13.0,0.0,Alpine/Renault
2025,22,Las Vegas Grand Prix,Kick Sauber,HUL,11.0,10.0,1.0,Sauber/Alfa Romeo
2025,22,Las Vegas Grand Prix,Aston Martin,STR,12.0,19.0,0.0,Aston Martin/Racing Point/Force India
2025,22,Las Vegas Grand Prix,Haas F1 Team,OCO,13.0,15.0,0.0,Haas
2025,22,Las Vegas Grand Prix,Haas F1 Team,BEA,14.0,16.0,0.0,Haas
2025,22,Las Vegas Grand Prix,Alpine,COL,15.0,14.0,0.0,Alpine/Renault
2025,22,Las Vegas Grand Prix,Williams,ALB,16.0,12.0,0.0,Williams
2025,22,Las Vegas Grand Prix,Mercedes,ANT,17.0,3.0,15.0,Mercedes
2025,22,Las Vegas Grand Prix,Kick Sauber,BOR,18.0,20.0,0.0,Sauber/Alfa Romeo
2025,22,Las Vegas Grand Prix,Red Bull Racing,TSU,19.0,11.0,0.0,Red Bull Racing
2025,22,Las Vegas Grand Prix,Ferrari,HAM,20.0,9.0,2.0,Ferrari
2025,23,Qatar Grand Prix,Red Bull Racing,VER,1.0,1.0,25.0,Red Bull Racing
2025,23,Qatar Grand Prix,McLaren,NOR,2.0,4.0,12.0,McLaren
2025,23,Qatar Grand Prix,McLaren,PIA,3.0,2.0,18.0,McLaren
2025,23,Qatar Grand Prix,Williams,SAI,3.0,3.0,15.0,Williams
2025,23,Qatar Grand Prix,Mercedes,RUS,4.0,5.0,10.0,Mercedes
2025,23,Qatar Grand Prix,Ferrari,LEC,5.0,9.0,2.0,Ferrari
2025,23,Qatar Grand Prix,Aston Martin,ALO,6.0,8.0,4.0,Aston Martin/Racing Point/Force India
2025,23,Qatar Grand Prix,Kick Sauber,BOR,7.0,18.0,0.0,Sauber/Alfa Romeo
2025,23,Qatar Grand Prix,Racing Bulls,HAD,8.0,6.0,8.0,RB/AlphaTauri/Toro Rosso
2025,23,Qatar Grand Prix,Haas F1 Team,OCO,8.0,14.0,0.0,Haas
2025,23,Qatar Grand Prix,Red Bull Racing,TSU,10.0,13.0,0.0,Red Bull Racing
2025,23,Qatar Grand Prix,Haas F1 Team,BEA,11.0,11.0,0.0,Haas
2025,23,Qatar Grand Prix,Racing Bulls,LAW,13.0,10.0,1.0,RB/AlphaTauri/Toro Rosso
2025,23,Qatar Grand Prix,Mercedes,ANT,14.0,7.0,6.0,Mercedes
2025,23,Qatar Grand Prix,Aston Martin,STR,15.0,16.0,0.0,Aston Martin/Racing Point/Force India
2025,23,Qatar Grand Prix,Ferrari,HAM,16.0,17.0,0.0,Ferrari
2025,23,Qatar Grand Prix,Williams,ALB,17.0,15.0,0.0,Williams
2025,23,Qatar Grand Prix,Kick Sauber,HUL,18.0,12.0,0.0,Sauber/Alfa Romeo
2025,23,Qatar Grand Prix,Alpine,GAS,19.0,19.0,0.0,Alpine/Renault
2025,23,Qatar Grand Prix,Alpine,COL,20.0,20.0,0.0,Alpine/Renault
2025,24,Abu Dhabi Grand Prix,Red Bull Racing,VER,1.0,1.0,25.0,Red Bull Racing
2025,24,Abu Dhabi Grand Prix,McLaren,NOR,2.0,3.0,15.0,McLaren
2025,24,Abu Dhabi Grand Prix,McLaren,PIA,3.0,2.0,18.0,McLaren
2025,24,Abu Dhabi Grand Prix,Mercedes,RUS,4.0,5.0,10.0,Mercedes
2025,24,Abu Dhabi Grand Prix,Ferrari,LEC,5.0,4.0,12.0,Ferrari
2025,24,Abu Dhabi Grand Prix,Aston Martin,ALO,6.0,6.0,8.0,Aston Martin/Racing Point/Force India
2025,24,Abu Dhabi Grand Prix,Haas F1 Team,OCO,8.0,7.0,6.0,Haas
2025,24,Abu Dhabi Grand Prix,Racing Bulls,HAD,9.0,15.0,0.0,RB/AlphaTauri/Toro Rosso
2025,24,Abu Dhabi Grand Prix,Red Bull Racing,TSU,10.0,14.0,0.0,Red Bull Racing
2025,24,Abu Dhabi Grand Prix,Haas F1 Team,BEA,11.0,12.0,0.0,Haas
2025,24,Abu Dhabi Grand Prix,Williams,SAI,12.0,11.0,0.0,Williams
2025,24,Abu Dhabi Grand Prix,Racing Bulls,LAW,13.0,17.0,0.0,RB/AlphaTauri/Toro Rosso
2025,24,Abu Dhabi Grand Prix,Mercedes,ANT,14.0,6.0,8.0,Mercedes
2025,24,Abu Dhabi Grand Prix,Aston Martin,STR,15.0,10.0,1.0,Aston Martin/Racing Point/Force India
2025,24,Abu Dhabi Grand Prix,Ferrari,HAM,16.0,8.0,4.0,Ferrari
2025,24,Abu Dhabi Grand Prix,Williams,ALB,17.0,16.0,0.0,Williams
2025,24,Abu Dhabi Grand Prix,Kick Sauber,HUL,18.0,9.0,2.0,Sauber/Alfa Romeo
2025,24,Abu Dhabi Grand Prix,Kick Sauber,BOR,19.0,13.0,0.0,Sauber/Alfa Romeo
2025,24,Abu Dhabi Grand Prix,Alpine,GAS,19.0,18.0,0.0,Alpine/Renault
2025,24,Abu Dhabi Grand Prix,Alpine,COL,20.0,19.0,0.0,Alpine/Renault
